{"type":"FeatureCollection","name":"HSLn_pyskit_linjoittain_1798901185460906372_2","crs":{"type":"name","properties":{"name":"urn:ogc:def:crs:OGC:1.3:CRS84"}},"features":[{"type":"Feature","properties":{"FID":9245,"route_vari":"2015_1","route_id":"2015","direction_":0,"stop_seque":1,"stop_id":"1457401","stop_code":"H0711","stop_heads":"Keilaniemi (M) via Viikki","stop_name":"Itäkeskus (M)","stop_desc":"Itäkeskus (M)","zone_id":"B","stop_url":"http://aikataulut.hsl.fi/pysakit/fi/1457401.html","location_t":0,"parent_sta":"1999999","wheelchair":1,"route_shor":"15","route_long":"Itäkeskus (M)-Keilaniemi (M)","route_type":"900","vehicle_ty":"0","route_url":"http://aikataulut.hsl.fi/linjat/fi/e15.html","shape_id":"2015_20250113_1"},"geometry":{"type":"Point","coordinates":[25.074325,60.209604]}},{"type":"Feature","properties":{"FID":9250,"route_vari":"2015_1","route_id":"2015","direction_":0,"stop_seque":2,"stop_id":"1456401","stop_code":"H0713","stop_heads":"Keilaniemi (M) via Viikki","stop_name":"Roihupelto","stop_desc":"Roihupelto","zone_id":"B","stop_url":"http://aikataulut.hsl.fi/pysakit/fi/1456401.html","location_t":0,"parent_sta":" ","wheelchair":1,"route_shor":"15","route_long":"Itäkeskus (M)-Keilaniemi (M)","route_type":"900","vehicle_ty":"0","route_url":"http://aikataulut.hsl.fi/linjat/fi/e15.html","shape_id":"2015_20250113_1"},"geometry":{"type":"Point","coordinates":[25.058795,60.209452]}},{"type":"Feature","properties":{"FID":9253,"route_vari":"2015_1","route_id":"2015","direction_":0,"stop_seque":3,"stop_id":"1456403","stop_code":"H0715","stop_heads":"Keilaniemi (M) via Viikki","stop_name":"Kauppamyllyntie","stop_desc":"Kauppamyllyntie","zone_id":"B","stop_url":"http://aikataulut.hsl.fi/pysakit/fi/1456403.html","location_t":0,"parent_sta":" ","wheelchair":1,"route_shor":"15","route_long":"Itäkeskus (M)-Keilaniemi (M)","route_type":"900","vehicle_ty":"0","route_url":"http://aikataulut.hsl.fi/linjat/fi/e15.html","shape_id":"2015_20250113_1"},"geometry":{"type":"Point","coordinates":[25.058658,60.214879]}},{"type":"Feature","properties":{"FID":9256,"route_vari":"2015_1","route_id":"2015","direction_":0,"stop_seque":4,"stop_id":"1454401","stop_code":"H0717","stop_heads":"Keilaniemi (M) via Viikki","stop_name":"Karhukallio","stop_desc":"Karhukallio","zone_id":"B","stop_url":"http://aikataulut.hsl.fi/pysakit/fi/1454401.html","location_t":0,"parent_sta":" ","wheelchair":1,"route_shor":"15","route_long":"Itäkeskus (M)-Keilaniemi (M)","route_type":"900","vehicle_ty":"0","route_url":"http://aikataulut.hsl.fi/linjat/fi/e15.html","shape_id":"2015_20250113_1"},"geometry":{"type":"Point","coordinates":[25.04879,60.218281]}},{"type":"Feature","properties":{"FID":9263,"route_vari":"2015_1","route_id":"2015","direction_":0,"stop_seque":5,"stop_id":"1363401","stop_code":"H0719","stop_heads":"Keilaniemi (M) via Viikki","stop_name":"Latokartano","stop_desc":"Latokartano","zone_id":"B","stop_url":"http://aikataulut.hsl.fi/pysakit/fi/1363401.html","location_t":0,"parent_sta":" ","wheelchair":1,"route_shor":"15","route_long":"Itäkeskus (M)-Keilaniemi (M)","route_type":"900","vehicle_ty":"0","route_url":"http://aikataulut.hsl.fi/linjat/fi/e15.html","shape_id":"2015_20250113_1"},"geometry":{"type":"Point","coordinates":[25.021708,60.223648]}},{"type":"Feature","properties":{"FID":9266,"route_vari":"2015_1","route_id":"2015","direction_":0,"stop_seque":6,"stop_id":"1363403","stop_code":"H0721","stop_heads":"Keilaniemi (M) via Oulunkylä","stop_name":"Viikin tiedepuisto","stop_desc":"Viikin tiedepuisto","zone_id":"B","stop_url":"http://aikataulut.hsl.fi/pysakit/fi/1363403.html","location_t":0,"parent_sta":" ","wheelchair":1,"route_shor":"15","route_long":"Itäkeskus (M)-Keilaniemi (M)","route_type":"900","vehicle_ty":"0","route_url":"http://aikataulut.hsl.fi/linjat/fi/e15.html","shape_id":"2015_20250113_1"},"geometry":{"type":"Point","coordinates":[25.01177,60.227236]}},{"type":"Feature","properties":{"FID":9269,"route_vari":"2015_1","route_id":"2015","direction_":0,"stop_seque":7,"stop_id":"1364401","stop_code":"H0723","stop_heads":"Keilaniemi (M) via Oulunkylä","stop_name":"Viikinmäki","stop_desc":"Viikinmäki","zone_id":"B","stop_url":"http://aikataulut.hsl.fi/pysakit/fi/1364401.html","location_t":0,"parent_sta":" ","wheelchair":1,"route_shor":"15","route_long":"Itäkeskus (M)-Keilaniemi (M)","route_type":"900","vehicle_ty":"0","route_url":"http://aikataulut.hsl.fi/linjat/fi/e15.html","shape_id":"2015_20250113_1"},"geometry":{"type":"Point","coordinates":[24.998654,60.229964]}},{"type":"Feature","properties":{"FID":9272,"route_vari":"2015_1","route_id":"2015","direction_":0,"stop_seque":8,"stop_id":"1285401","stop_code":"H0725","stop_heads":"Keilaniemi (M) via Oulunkylä","stop_name":"Veräjämäki","stop_desc":"Veräjämäki","zone_id":"B","stop_url":"http://aikataulut.hsl.fi/pysakit/fi/1285401.html","location_t":0,"parent_sta":" ","wheelchair":1,"route_shor":"15","route_long":"Itäkeskus (M)-Keilaniemi (M)","route_type":"900","vehicle_ty":"0","route_url":"http://aikataulut.hsl.fi/linjat/fi/e15.html","shape_id":"2015_20250113_1"},"geometry":{"type":"Point","coordinates":[24.979055,60.231145]}},{"type":"Feature","properties":{"FID":9276,"route_vari":"2015_1","route_id":"2015","direction_":0,"stop_seque":9,"stop_id":"1285403","stop_code":"H0727","stop_heads":"Keilaniemi (M) via Huopalahti","stop_name":"Oulunkylän asema","stop_desc":"Oulunkylänpolku","zone_id":"B","stop_url":"http://aikataulut.hsl.fi/pysakit/fi/1285403.html","location_t":0,"parent_sta":" ","wheelchair":1,"route_shor":"15","route_long":"Itäkeskus (M)-Keilaniemi (M)","route_type":"900","vehicle_ty":"0","route_url":"http://aikataulut.hsl.fi/linjat/fi/e15.html","shape_id":"2015_20250113_1"},"geometry":{"type":"Point","coordinates":[24.968286,60.228777]}},{"type":"Feature","properties":{"FID":9278,"route_vari":"2015_1","route_id":"2015","direction_":0,"stop_seque":10,"stop_id":"1284401","stop_code":"H0729","stop_heads":"Keilaniemi (M) via Huopalahti","stop_name":"Oulunkylän keskusta","stop_desc":"Norrtäljentie","zone_id":"B","stop_url":"http://aikataulut.hsl.fi/pysakit/fi/1284401.html","location_t":0,"parent_sta":" ","wheelchair":1,"route_shor":"15","route_long":"Itäkeskus (M)-Keilaniemi (M)","route_type":"900","vehicle_ty":"0","route_url":"http://aikataulut.hsl.fi/linjat/fi/e15.html","shape_id":"2015_20250113_1"},"geometry":{"type":"Point","coordinates":[24.962825,60.229664]}},{"type":"Feature","properties":{"FID":9281,"route_vari":"2015_1","route_id":"2015","direction_":0,"stop_seque":11,"stop_id":"1284403","stop_code":"H0731","stop_heads":"Keilaniemi (M) via Huopalahti","stop_name":"Teininpuisto","stop_desc":"Teininpuisto","zone_id":"B","stop_url":"http://aikataulut.hsl.fi/pysakit/fi/1284403.html","location_t":0,"parent_sta":" ","wheelchair":1,"route_shor":"15","route_long":"Itäkeskus (M)-Keilaniemi (M)","route_type":"900","vehicle_ty":"0","route_url":"http://aikataulut.hsl.fi/linjat/fi/e15.html","shape_id":"2015_20250113_1"},"geometry":{"type":"Point","coordinates":[24.956463,60.231987]}},{"type":"Feature","properties":{"FID":9284,"route_vari":"2015_1","route_id":"2015","direction_":0,"stop_seque":12,"stop_id":"1284405","stop_code":"H0733","stop_heads":"Keilaniemi (M) via Huopalahti","stop_name":"Kustaankartano","stop_desc":"Käskynhaltijantie","zone_id":"B","stop_url":"http://aikataulut.hsl.fi/pysakit/fi/1284405.html","location_t":0,"parent_sta":" ","wheelchair":1,"route_shor":"15","route_long":"Itäkeskus (M)-Keilaniemi (M)","route_type":"900","vehicle_ty":"0","route_url":"http://aikataulut.hsl.fi/linjat/fi/e15.html","shape_id":"2015_20250113_1"},"geometry":{"type":"Point","coordinates":[24.946861,60.229997]}},{"type":"Feature","properties":{"FID":9290,"route_vari":"2015_1","route_id":"2015","direction_":0,"stop_seque":13,"stop_id":"1282401","stop_code":"H0735","stop_heads":"Keilaniemi (M) via Huopalahti","stop_name":"Maunula","stop_desc":"Maunula","zone_id":"B","stop_url":"http://aikataulut.hsl.fi/pysakit/fi/1282401.html","location_t":0,"parent_sta":" ","wheelchair":1,"route_shor":"15","route_long":"Itäkeskus (M)-Keilaniemi (M)","route_type":"900","vehicle_ty":"0","route_url":"http://aikataulut.hsl.fi/linjat/fi/e15.html","shape_id":"2015_20250113_1"},"geometry":{"type":"Point","coordinates":[24.934182,60.23162]}},{"type":"Feature","properties":{"FID":9293,"route_vari":"2015_1","route_id":"2015","direction_":0,"stop_seque":14,"stop_id":"1282403","stop_code":"H0737","stop_heads":"Keilaniemi (M) via Huopalahti","stop_name":"Pirjontie","stop_desc":"Pirjontie","zone_id":"B","stop_url":"http://aikataulut.hsl.fi/pysakit/fi/1282403.html","location_t":0,"parent_sta":" ","wheelchair":1,"route_shor":"15","route_long":"Itäkeskus (M)-Keilaniemi (M)","route_type":"900","vehicle_ty":"0","route_url":"http://aikataulut.hsl.fi/linjat/fi/e15.html","shape_id":"2015_20250113_1"},"geometry":{"type":"Point","coordinates":[24.929813,60.234104]}},{"type":"Feature","properties":{"FID":9296,"route_vari":"2015_1","route_id":"2015","direction_":0,"stop_seque":15,"stop_id":"1286401","stop_code":"H0739","stop_heads":"Keilaniemi (M) via Huopalahti","stop_name":"Pirkkola","stop_desc":"Pirkkola","zone_id":"B","stop_url":"http://aikataulut.hsl.fi/pysakit/fi/1286401.html","location_t":0,"parent_sta":" ","wheelchair":1,"route_shor":"15","route_long":"Itäkeskus (M)-Keilaniemi (M)","route_type":"900","vehicle_ty":"0","route_url":"http://aikataulut.hsl.fi/linjat/fi/e15.html","shape_id":"2015_20250113_1"},"geometry":{"type":"Point","coordinates":[24.91976,60.230705]}},{"type":"Feature","properties":{"FID":9299,"route_vari":"2015_1","route_id":"2015","direction_":0,"stop_seque":16,"stop_id":"1293401","stop_code":"H0741","stop_heads":"Keilaniemi (M) via Huopalahti","stop_name":"Hämeenlinnanväylä","stop_desc":"Hämeenlinnanväylä","zone_id":"B","stop_url":"http://aikataulut.hsl.fi/pysakit/fi/1293401.html","location_t":0,"parent_sta":" ","wheelchair":1,"route_shor":"15","route_long":"Itäkeskus (M)-Keilaniemi (M)","route_type":"900","vehicle_ty":"0","route_url":"http://aikataulut.hsl.fi/linjat/fi/e15.html","shape_id":"2015_20250113_1"},"geometry":{"type":"Point","coordinates":[24.906646,60.227616]}},{"type":"Feature","properties":{"FID":9306,"route_vari":"2015_1","route_id":"2015","direction_":0,"stop_seque":17,"stop_id":"1293403","stop_code":"H0743","stop_heads":"Keilaniemi (M) via Huopalahti","stop_name":"Ilkantie","stop_desc":"Ilkantie","zone_id":"B","stop_url":"http://aikataulut.hsl.fi/pysakit/fi/1293403.html","location_t":0,"parent_sta":" ","wheelchair":1,"route_shor":"15","route_long":"Itäkeskus (M)-Keilaniemi (M)","route_type":"900","vehicle_ty":"0","route_url":"http://aikataulut.hsl.fi/linjat/fi/e15.html","shape_id":"2015_20250113_1"},"geometry":{"type":"Point","coordinates":[24.898015,60.22488]}},{"type":"Feature","properties":{"FID":9309,"route_vari":"2015_1","route_id":"2015","direction_":0,"stop_seque":18,"stop_id":"1291405","stop_code":"H0745","stop_heads":"Keilaniemi (M) via Pitäjänmäki","stop_name":"Huopalahden asema","stop_desc":"Eliel Saarisen tie","zone_id":"B","stop_url":"http://aikataulut.hsl.fi/pysakit/fi/1291405.html","location_t":0,"parent_sta":" ","wheelchair":1,"route_shor":"15","route_long":"Itäkeskus (M)-Keilaniemi (M)","route_type":"900","vehicle_ty":"0","route_url":"http://aikataulut.hsl.fi/linjat/fi/e15.html","shape_id":"2015_20250113_1"},"geometry":{"type":"Point","coordinates":[24.89238,60.218631]}},{"type":"Feature","properties":{"FID":9312,"route_vari":"2015_1","route_id":"2015","direction_":0,"stop_seque":19,"stop_id":"1291407","stop_code":"H0747","stop_heads":"Keilaniemi (M) via Pitäjänmäki","stop_name":"Vihdintie","stop_desc":"Vihdintie","zone_id":"B","stop_url":"http://aikataulut.hsl.fi/pysakit/fi/1291407.html","location_t":0,"parent_sta":" ","wheelchair":1,"route_shor":"15","route_long":"Itäkeskus (M)-Keilaniemi (M)","route_type":"900","vehicle_ty":"0","route_url":"http://aikataulut.hsl.fi/linjat/fi/e15.html","shape_id":"2015_20250113_1"},"geometry":{"type":"Point","coordinates":[24.886519,60.214626]}},{"type":"Feature","properties":{"FID":9315,"route_vari":"2015_1","route_id":"2015","direction_":0,"stop_seque":20,"stop_id":"1465401","stop_code":"H0749","stop_heads":"Keilaniemi (M) via Leppävaara","stop_name":"Kutomotie","stop_desc":"Pitäjänmäentie","zone_id":"B","stop_url":"http://aikataulut.hsl.fi/pysakit/fi/1465401.html","location_t":0,"parent_sta":" ","wheelchair":1,"route_shor":"15","route_long":"Itäkeskus (M)-Keilaniemi (M)","route_type":"900","vehicle_ty":"0","route_url":"http://aikataulut.hsl.fi/linjat/fi/e15.html","shape_id":"2015_20250113_1"},"geometry":{"type":"Point","coordinates":[24.874739,60.21562]}},{"type":"Feature","properties":{"FID":9319,"route_vari":"2015_1","route_id":"2015","direction_":0,"stop_seque":21,"stop_id":"1465403","stop_code":"H0751","stop_heads":"Keilaniemi (M) via Leppävaara","stop_name":"Takomotie","stop_desc":"Takomotie","zone_id":"B","stop_url":"http://aikataulut.hsl.fi/pysakit/fi/1465403.html","location_t":0,"parent_sta":" ","wheelchair":1,"route_shor":"15","route_long":"Itäkeskus (M)-Keilaniemi (M)","route_type":"900","vehicle_ty":"0","route_url":"http://aikataulut.hsl.fi/linjat/fi/e15.html","shape_id":"2015_20250113_1"},"geometry":{"type":"Point","coordinates":[24.868991,60.217629]}},{"type":"Feature","properties":{"FID":9321,"route_vari":"2015_1","route_id":"2015","direction_":0,"stop_seque":22,"stop_id":"1462401","stop_code":"H0753","stop_heads":"Keilaniemi (M) via Leppävaara","stop_name":"Talin siirt.puutarha","stop_desc":"Pitäjänmäentie","zone_id":"B","stop_url":"http://aikataulut.hsl.fi/pysakit/fi/1462401.html","location_t":0,"parent_sta":" ","wheelchair":1,"route_shor":"15","route_long":"Itäkeskus (M)-Keilaniemi (M)","route_type":"900","vehicle_ty":"0","route_url":"http://aikataulut.hsl.fi/linjat/fi/e15.html","shape_id":"2015_20250113_1"},"geometry":{"type":"Point","coordinates":[24.862567,60.219994]}},{"type":"Feature","properties":{"FID":9324,"route_vari":"2015_1","route_id":"2015","direction_":0,"stop_seque":23,"stop_id":"2118401","stop_code":"E0755","stop_heads":"Keilaniemi (M) via Leppävaara","stop_name":"Ravitie","stop_desc":"Ravitie","zone_id":"B","stop_url":"http://aikataulut.hsl.fi/pysakit/fi/2118401.html","location_t":0,"parent_sta":" ","wheelchair":1,"route_shor":"15","route_long":"Itäkeskus (M)-Keilaniemi (M)","route_type":"900","vehicle_ty":"0","route_url":"http://aikataulut.hsl.fi/linjat/fi/e15.html","shape_id":"2015_20250113_1"},"geometry":{"type":"Point","coordinates":[24.847541,60.219023]}},{"type":"Feature","properties":{"FID":9327,"route_vari":"2015_1","route_id":"2015","direction_":0,"stop_seque":24,"stop_id":"2118403","stop_code":"E0757","stop_heads":"Keilaniemi (M) via Leppävaara","stop_name":"Vermo","stop_desc":"Vermo","zone_id":"B","stop_url":"http://aikataulut.hsl.fi/pysakit/fi/2118403.html","location_t":0,"parent_sta":" ","wheelchair":1,"route_shor":"15","route_long":"Itäkeskus (M)-Keilaniemi (M)","route_type":"900","vehicle_ty":"0","route_url":"http://aikataulut.hsl.fi/linjat/fi/e15.html","shape_id":"2015_20250113_1"},"geometry":{"type":"Point","coordinates":[24.832293,60.216995]}},{"type":"Feature","properties":{"FID":9333,"route_vari":"2015_1","route_id":"2015","direction_":0,"stop_seque":25,"stop_id":"2118405","stop_code":"E0759","stop_heads":"Keilaniemi (M) via Leppävaara","stop_name":"Perkkaa","stop_desc":"Perkkaa","zone_id":"B","stop_url":"http://aikataulut.hsl.fi/pysakit/fi/2118405.html","location_t":0,"parent_sta":" ","wheelchair":1,"route_shor":"15","route_long":"Itäkeskus (M)-Keilaniemi (M)","route_type":"900","vehicle_ty":"0","route_url":"http://aikataulut.hsl.fi/linjat/fi/e15.html","shape_id":"2015_20250113_1"},"geometry":{"type":"Point","coordinates":[24.822739,60.217412]}},{"type":"Feature","properties":{"FID":9336,"route_vari":"2015_1","route_id":"2015","direction_":0,"stop_seque":26,"stop_id":"2112401","stop_code":"E0761","stop_heads":"Keilaniemi (M) via Aalto-yliopisto (M)","stop_name":"Leppävaaran asema","stop_desc":"Alberganpromenadi","zone_id":"B","stop_url":"http://aikataulut.hsl.fi/pysakit/fi/2112401.html","location_t":0,"parent_sta":" ","wheelchair":1,"route_shor":"15","route_long":"Itäkeskus (M)-Keilaniemi (M)","route_type":"900","vehicle_ty":"0","route_url":"http://aikataulut.hsl.fi/linjat/fi/e15.html","shape_id":"2015_20250113_1"},"geometry":{"type":"Point","coordinates":[24.81378,60.217786]}},{"type":"Feature","properties":{"FID":9339,"route_vari":"2015_1","route_id":"2015","direction_":0,"stop_seque":27,"stop_id":"2112403","stop_code":"E0763","stop_heads":"Keilaniemi (M) via Aalto-yliopisto (M)","stop_name":"Alberganesplanadi","stop_desc":"Alberganesplanadi","zone_id":"B","stop_url":"http://aikataulut.hsl.fi/pysakit/fi/2112403.html","location_t":0,"parent_sta":" ","wheelchair":1,"route_shor":"15","route_long":"Itäkeskus (M)-Keilaniemi (M)","route_type":"900","vehicle_ty":"0","route_url":"http://aikataulut.hsl.fi/linjat/fi/e15.html","shape_id":"2015_20250113_1"},"geometry":{"type":"Point","coordinates":[24.81068,60.214277]}},{"type":"Feature","properties":{"FID":9342,"route_vari":"2015_1","route_id":"2015","direction_":0,"stop_seque":28,"stop_id":"2112301","stop_code":"E0765","stop_heads":"Keilaniemi (M) via Aalto-yliopisto (M)","stop_name":"Linnoitustie","stop_desc":"Linnoitustie","zone_id":"B","stop_url":"http://aikataulut.hsl.fi/pysakit/fi/2112301.html","location_t":0,"parent_sta":" ","wheelchair":2,"route_shor":"15","route_long":"Itäkeskus (M)-Keilaniemi (M)","route_type":"900","vehicle_ty":"3","route_url":"http://aikataulut.hsl.fi/linjat/fi/e15.html","shape_id":"2015_20250113_1"},"geometry":{"type":"Point","coordinates":[24.811889,60.210154]}},{"type":"Feature","properties":{"FID":9344,"route_vari":"2015_1","route_id":"2015","direction_":0,"stop_seque":29,"stop_id":"2252401","stop_code":"E0767","stop_heads":"Keilaniemi (M) via Aalto-yliopisto (M)","stop_name":"Laajalahti","stop_desc":"Laajalahti","zone_id":"B","stop_url":"http://aikataulut.hsl.fi/pysakit/fi/2252401.html","location_t":0,"parent_sta":" ","wheelchair":1,"route_shor":"15","route_long":"Itäkeskus (M)-Keilaniemi (M)","route_type":"900","vehicle_ty":"0","route_url":"http://aikataulut.hsl.fi/linjat/fi/e15.html","shape_id":"2015_20250113_1"},"geometry":{"type":"Point","coordinates":[24.808397,60.205317]}},{"type":"Feature","properties":{"FID":9346,"route_vari":"2015_1","route_id":"2015","direction_":0,"stop_seque":30,"stop_id":"2222401","stop_code":"E0769","stop_heads":"Keilaniemi (M) via Aalto-yliopisto (M)","stop_name":"Lahdenpohja","stop_desc":"Lahdenpohja","zone_id":"B","stop_url":"http://aikataulut.hsl.fi/pysakit/fi/2222401.html","location_t":0,"parent_sta":" ","wheelchair":1,"route_shor":"15","route_long":"Itäkeskus (M)-Keilaniemi (M)","route_type":"900","vehicle_ty":"0","route_url":"http://aikataulut.hsl.fi/linjat/fi/e15.html","shape_id":"2015_20250113_1"},"geometry":{"type":"Point","coordinates":[24.809449,60.199069]}},{"type":"Feature","properties":{"FID":9349,"route_vari":"2015_1","route_id":"2015","direction_":0,"stop_seque":31,"stop_id":"2222403","stop_code":"E0771","stop_heads":"Keilaniemi (M) via Aalto-yliopisto (M)","stop_name":"Maari","stop_desc":"Maari","zone_id":"B","stop_url":"http://aikataulut.hsl.fi/pysakit/fi/2222403.html","location_t":0,"parent_sta":" ","wheelchair":1,"route_shor":"15","route_long":"Itäkeskus (M)-Keilaniemi (M)","route_type":"900","vehicle_ty":"0","route_url":"http://aikataulut.hsl.fi/linjat/fi/e15.html","shape_id":"2015_20250113_1"},"geometry":{"type":"Point","coordinates":[24.811946,60.18731]}},{"type":"Feature","properties":{"FID":9352,"route_vari":"2015_1","route_id":"2015","direction_":0,"stop_seque":32,"stop_id":"2222405","stop_code":"E0773","stop_heads":"Keilaniemi (M)","stop_name":"Aalto-yliopisto (M)","stop_desc":"Otakaari","zone_id":"B","stop_url":"http://aikataulut.hsl.fi/pysakit/fi/2222405.html","location_t":0,"parent_sta":" ","wheelchair":1,"route_shor":"15","route_long":"Itäkeskus (M)-Keilaniemi (M)","route_type":"900","vehicle_ty":"0","route_url":"http://aikataulut.hsl.fi/linjat/fi/e15.html","shape_id":"2015_20250113_1"},"geometry":{"type":"Point","coordinates":[24.827567,60.184264]}},{"type":"Feature","properties":{"FID":9355,"route_vari":"2015_1","route_id":"2015","direction_":0,"stop_seque":33,"stop_id":"2222407","stop_code":"E0775","stop_heads":"Keilaniemi (M)","stop_name":"Otaranta","stop_desc":"Otaranta","zone_id":"B","stop_url":"http://aikataulut.hsl.fi/pysakit/fi/2222407.html","location_t":0,"parent_sta":" ","wheelchair":1,"route_shor":"15","route_long":"Itäkeskus (M)-Keilaniemi (M)","route_type":"900","vehicle_ty":"0","route_url":"http://aikataulut.hsl.fi/linjat/fi/e15.html","shape_id":"2015_20250113_1"},"geometry":{"type":"Point","coordinates":[24.834251,60.180715]}},{"type":"Feature","properties":{"FID":9361,"route_vari":"2015_1","route_id":"2015","direction_":0,"stop_seque":34,"stop_id":"2222409","stop_code":"E0777","stop_heads":" ","stop_name":"Keilaniemi (M)","stop_desc":"Keilaniemi","zone_id":"B","stop_url":"http://aikataulut.hsl.fi/pysakit/fi/2222409.html","location_t":0,"parent_sta":"1999998","wheelchair":1,"route_shor":"15","route_long":"Itäkeskus (M)-Keilaniemi (M)","route_type":"900","vehicle_ty":"0","route_url":"http://aikataulut.hsl.fi/linjat/fi/e15.html","shape_id":"2015_20250113_1"},"geometry":{"type":"Point","coordinates":[24.830796,60.177046]}},{"type":"Feature","properties":{"FID":9364,"route_vari":"2015_2","route_id":"2015","direction_":1,"stop_seque":1,"stop_id":"2222410","stop_code":"E0776","stop_heads":"Itäkeskus (M) via Aalto-yliopisto (M)","stop_name":"Keilaniemi (M)","stop_desc":"Keilaniemi","zone_id":"B","stop_url":"http://aikataulut.hsl.fi/pysakit/fi/2222410.html","location_t":0,"parent_sta":"1999998","wheelchair":1,"route_shor":"15","route_long":"Itäkeskus (M)-Keilaniemi (M)","route_type":"900","vehicle_ty":"0","route_url":"http://aikataulut.hsl.fi/linjat/fi/e15.html","shape_id":"2015_20250113_2"},"geometry":{"type":"Point","coordinates":[24.830654,60.177226]}},{"type":"Feature","properties":{"FID":9367,"route_vari":"2015_2","route_id":"2015","direction_":1,"stop_seque":2,"stop_id":"2222408","stop_code":"E0774","stop_heads":"Itäkeskus (M) via Aalto-yliopisto (M)","stop_name":"Otaranta","stop_desc":"Otaranta","zone_id":"B","stop_url":"http://aikataulut.hsl.fi/pysakit/fi/2222408.html","location_t":0,"parent_sta":" ","wheelchair":1,"route_shor":"15","route_long":"Itäkeskus (M)-Keilaniemi (M)","route_type":"900","vehicle_ty":"0","route_url":"http://aikataulut.hsl.fi/linjat/fi/e15.html","shape_id":"2015_20250113_2"},"geometry":{"type":"Point","coordinates":[24.834297,60.180938]}},{"type":"Feature","properties":{"FID":9370,"route_vari":"2015_2","route_id":"2015","direction_":1,"stop_seque":3,"stop_id":"2222406","stop_code":"E0772","stop_heads":"Itäkeskus (M) via Leppävaara","stop_name":"Aalto-yliopisto (M)","stop_desc":"Otakaari","zone_id":"B","stop_url":"http://aikataulut.hsl.fi/pysakit/fi/2222406.html","location_t":0,"parent_sta":" ","wheelchair":1,"route_shor":"15","route_long":"Itäkeskus (M)-Keilaniemi (M)","route_type":"900","vehicle_ty":"0","route_url":"http://aikataulut.hsl.fi/linjat/fi/e15.html","shape_id":"2015_20250113_2"},"geometry":{"type":"Point","coordinates":[24.827355,60.184456]}},{"type":"Feature","properties":{"FID":9372,"route_vari":"2015_2","route_id":"2015","direction_":1,"stop_seque":4,"stop_id":"2222404","stop_code":"E0770","stop_heads":"Itäkeskus (M) via Leppävaara","stop_name":"Maari","stop_desc":"Maari","zone_id":"B","stop_url":"http://aikataulut.hsl.fi/pysakit/fi/2222404.html","location_t":0,"parent_sta":" ","wheelchair":1,"route_shor":"15","route_long":"Itäkeskus (M)-Keilaniemi (M)","route_type":"900","vehicle_ty":"0","route_url":"http://aikataulut.hsl.fi/linjat/fi/e15.html","shape_id":"2015_20250113_2"},"geometry":{"type":"Point","coordinates":[24.811482,60.187441]}},{"type":"Feature","properties":{"FID":9374,"route_vari":"2015_2","route_id":"2015","direction_":1,"stop_seque":5,"stop_id":"2222402","stop_code":"E0768","stop_heads":"Itäkeskus (M) via Leppävaara","stop_name":"Lahdenpohja","stop_desc":"Lahdenpohja","zone_id":"B","stop_url":"http://aikataulut.hsl.fi/pysakit/fi/2222402.html","location_t":0,"parent_sta":" ","wheelchair":1,"route_shor":"15","route_long":"Itäkeskus (M)-Keilaniemi (M)","route_type":"900","vehicle_ty":"0","route_url":"http://aikataulut.hsl.fi/linjat/fi/e15.html","shape_id":"2015_20250113_2"},"geometry":{"type":"Point","coordinates":[24.809867,60.199172]}},{"type":"Feature","properties":{"FID":9377,"route_vari":"2015_2","route_id":"2015","direction_":1,"stop_seque":6,"stop_id":"2252402","stop_code":"E0766","stop_heads":"Itäkeskus (M) via Leppävaara","stop_name":"Laajalahti","stop_desc":"Laajalahti","zone_id":"B","stop_url":"http://aikataulut.hsl.fi/pysakit/fi/2252402.html","location_t":0,"parent_sta":" ","wheelchair":1,"route_shor":"15","route_long":"Itäkeskus (M)-Keilaniemi (M)","route_type":"900","vehicle_ty":"0","route_url":"http://aikataulut.hsl.fi/linjat/fi/e15.html","shape_id":"2015_20250113_2"},"geometry":{"type":"Point","coordinates":[24.808596,60.205539]}},{"type":"Feature","properties":{"FID":9380,"route_vari":"2015_2","route_id":"2015","direction_":1,"stop_seque":7,"stop_id":"2112302","stop_code":"E0764","stop_heads":"Itäkeskus (M) via Leppävaara","stop_name":"Linnoitustie","stop_desc":"Linnoitustie","zone_id":"B","stop_url":"http://aikataulut.hsl.fi/pysakit/fi/2112302.html","location_t":0,"parent_sta":" ","wheelchair":2,"route_shor":"15","route_long":"Itäkeskus (M)-Keilaniemi (M)","route_type":"900","vehicle_ty":"3","route_url":"http://aikataulut.hsl.fi/linjat/fi/e15.html","shape_id":"2015_20250113_2"},"geometry":{"type":"Point","coordinates":[24.812158,60.210277]}},{"type":"Feature","properties":{"FID":9383,"route_vari":"2015_2","route_id":"2015","direction_":1,"stop_seque":8,"stop_id":"2112404","stop_code":"E0762","stop_heads":"Itäkeskus (M) via Leppävaara","stop_name":"Alberganesplanadi","stop_desc":"Alberganesplanadi","zone_id":"B","stop_url":"http://aikataulut.hsl.fi/pysakit/fi/2112404.html","location_t":0,"parent_sta":" ","wheelchair":1,"route_shor":"15","route_long":"Itäkeskus (M)-Keilaniemi (M)","route_type":"900","vehicle_ty":"0","route_url":"http://aikataulut.hsl.fi/linjat/fi/e15.html","shape_id":"2015_20250113_2"},"geometry":{"type":"Point","coordinates":[24.810959,60.214364]}},{"type":"Feature","properties":{"FID":9387,"route_vari":"2015_2","route_id":"2015","direction_":1,"stop_seque":9,"stop_id":"2112402","stop_code":"E0760","stop_heads":"Itäkeskus (M) via Pitäjänmäki","stop_name":"Leppävaaran asema","stop_desc":"Alberganpromenadi","zone_id":"B","stop_url":"http://aikataulut.hsl.fi/pysakit/fi/2112402.html","location_t":0,"parent_sta":" ","wheelchair":1,"route_shor":"15","route_long":"Itäkeskus (M)-Keilaniemi (M)","route_type":"900","vehicle_ty":"0","route_url":"http://aikataulut.hsl.fi/linjat/fi/e15.html","shape_id":"2015_20250113_2"},"geometry":{"type":"Point","coordinates":[24.813912,60.217918]}},{"type":"Feature","properties":{"FID":9400,"route_vari":"2015_2","route_id":"2015","direction_":1,"stop_seque":10,"stop_id":"2118404","stop_code":"E0758","stop_heads":"Itäkeskus (M) via Pitäjänmäki","stop_name":"Perkkaa","stop_desc":"Perkkaa","zone_id":"B","stop_url":"http://aikataulut.hsl.fi/pysakit/fi/2118404.html","location_t":0,"parent_sta":" ","wheelchair":1,"route_shor":"15","route_long":"Itäkeskus (M)-Keilaniemi (M)","route_type":"900","vehicle_ty":"0","route_url":"http://aikataulut.hsl.fi/linjat/fi/e15.html","shape_id":"2015_20250113_2"},"geometry":{"type":"Point","coordinates":[24.823211,60.217295]}},{"type":"Feature","properties":{"FID":9401,"route_vari":"2015_2","route_id":"2015","direction_":1,"stop_seque":11,"stop_id":"2118301","stop_code":"E0756","stop_heads":"Itäkeskus (M) via Pitäjänmäki","stop_name":"Vermo","stop_desc":"Vermo","zone_id":"B","stop_url":"http://aikataulut.hsl.fi/pysakit/fi/2118301.html","location_t":0,"parent_sta":" ","wheelchair":2,"route_shor":"15","route_long":"Itäkeskus (M)-Keilaniemi (M)","route_type":"900","vehicle_ty":"3","route_url":"http://aikataulut.hsl.fi/linjat/fi/e15.html","shape_id":"2015_20250113_2"},"geometry":{"type":"Point","coordinates":[24.832757,60.216936]}},{"type":"Feature","properties":{"FID":9402,"route_vari":"2015_2","route_id":"2015","direction_":1,"stop_seque":12,"stop_id":"2118402","stop_code":"E0754","stop_heads":"Itäkeskus (M) via Pitäjänmäki","stop_name":"Ravitie","stop_desc":"Ravitie","zone_id":"B","stop_url":"http://aikataulut.hsl.fi/pysakit/fi/2118402.html","location_t":0,"parent_sta":" ","wheelchair":1,"route_shor":"15","route_long":"Itäkeskus (M)-Keilaniemi (M)","route_type":"900","vehicle_ty":"0","route_url":"http://aikataulut.hsl.fi/linjat/fi/e15.html","shape_id":"2015_20250113_2"},"geometry":{"type":"Point","coordinates":[24.847893,60.219172]}},{"type":"Feature","properties":{"FID":9403,"route_vari":"2015_2","route_id":"2015","direction_":1,"stop_seque":13,"stop_id":"1462402","stop_code":"H0752","stop_heads":"Itäkeskus (M) via Huopalahti","stop_name":"Talin siirt.puutarha","stop_desc":"Pitäjänmäentie","zone_id":"B","stop_url":"http://aikataulut.hsl.fi/pysakit/fi/1462402.html","location_t":0,"parent_sta":" ","wheelchair":1,"route_shor":"15","route_long":"Itäkeskus (M)-Keilaniemi (M)","route_type":"900","vehicle_ty":"0","route_url":"http://aikataulut.hsl.fi/linjat/fi/e15.html","shape_id":"2015_20250113_2"},"geometry":{"type":"Point","coordinates":[24.862889,60.219771]}},{"type":"Feature","properties":{"FID":9404,"route_vari":"2015_2","route_id":"2015","direction_":1,"stop_seque":14,"stop_id":"1465404","stop_code":"H0750","stop_heads":"Itäkeskus (M) via Huopalahti","stop_name":"Takomotie","stop_desc":"Pitäjänmäentie","zone_id":"B","stop_url":"http://aikataulut.hsl.fi/pysakit/fi/1465404.html","location_t":0,"parent_sta":" ","wheelchair":1,"route_shor":"15","route_long":"Itäkeskus (M)-Keilaniemi (M)","route_type":"900","vehicle_ty":"0","route_url":"http://aikataulut.hsl.fi/linjat/fi/e15.html","shape_id":"2015_20250113_2"},"geometry":{"type":"Point","coordinates":[24.870372,60.217011]}},{"type":"Feature","properties":{"FID":9405,"route_vari":"2015_2","route_id":"2015","direction_":1,"stop_seque":15,"stop_id":"1465402","stop_code":"H0748","stop_heads":"Itäkeskus (M) via Huopalahti","stop_name":"Kutomotie","stop_desc":"Kutomotie","zone_id":"B","stop_url":"http://aikataulut.hsl.fi/pysakit/fi/1465402.html","location_t":0,"parent_sta":" ","wheelchair":1,"route_shor":"15","route_long":"Itäkeskus (M)-Keilaniemi (M)","route_type":"900","vehicle_ty":"0","route_url":"http://aikataulut.hsl.fi/linjat/fi/e15.html","shape_id":"2015_20250113_2"},"geometry":{"type":"Point","coordinates":[24.876321,60.21502]}},{"type":"Feature","properties":{"FID":9406,"route_vari":"2015_2","route_id":"2015","direction_":1,"stop_seque":16,"stop_id":"1291408","stop_code":"H0746","stop_heads":"Itäkeskus (M) via Huopalahti","stop_name":"Vihdintie","stop_desc":"Eliel Saarisen tie","zone_id":"B","stop_url":"http://aikataulut.hsl.fi/pysakit/fi/1291408.html","location_t":0,"parent_sta":" ","wheelchair":1,"route_shor":"15","route_long":"Itäkeskus (M)-Keilaniemi (M)","route_type":"900","vehicle_ty":"0","route_url":"http://aikataulut.hsl.fi/linjat/fi/e15.html","shape_id":"2015_20250113_2"},"geometry":{"type":"Point","coordinates":[24.886951,60.214743]}},{"type":"Feature","properties":{"FID":9407,"route_vari":"2015_2","route_id":"2015","direction_":1,"stop_seque":17,"stop_id":"1291406","stop_code":"H0744","stop_heads":"Itäkeskus (M) via Oulunkylä","stop_name":"Huopalahden asema","stop_desc":"Eliel Saarisen tie","zone_id":"B","stop_url":"http://aikataulut.hsl.fi/pysakit/fi/1291406.html","location_t":0,"parent_sta":" ","wheelchair":1,"route_shor":"15","route_long":"Itäkeskus (M)-Keilaniemi (M)","route_type":"900","vehicle_ty":"0","route_url":"http://aikataulut.hsl.fi/linjat/fi/e15.html","shape_id":"2015_20250113_2"},"geometry":{"type":"Point","coordinates":[24.892197,60.218382]}},{"type":"Feature","properties":{"FID":9408,"route_vari":"2015_2","route_id":"2015","direction_":1,"stop_seque":18,"stop_id":"1293404","stop_code":"H0742","stop_heads":"Itäkeskus (M) via Oulunkylä","stop_name":"Ilkantie","stop_desc":"Ilkantie","zone_id":"B","stop_url":"http://aikataulut.hsl.fi/pysakit/fi/1293404.html","location_t":0,"parent_sta":" ","wheelchair":1,"route_shor":"15","route_long":"Itäkeskus (M)-Keilaniemi (M)","route_type":"900","vehicle_ty":"0","route_url":"http://aikataulut.hsl.fi/linjat/fi/e15.html","shape_id":"2015_20250113_2"},"geometry":{"type":"Point","coordinates":[24.898409,60.225016]}},{"type":"Feature","properties":{"FID":9409,"route_vari":"2015_2","route_id":"2015","direction_":1,"stop_seque":19,"stop_id":"1293402","stop_code":"H0740","stop_heads":"Itäkeskus (M) via Oulunkylä","stop_name":"Hämeenlinnanväylä","stop_desc":"Hämeenlinnanväylä","zone_id":"B","stop_url":"http://aikataulut.hsl.fi/pysakit/fi/1293402.html","location_t":0,"parent_sta":" ","wheelchair":1,"route_shor":"15","route_long":"Itäkeskus (M)-Keilaniemi (M)","route_type":"900","vehicle_ty":"0","route_url":"http://aikataulut.hsl.fi/linjat/fi/e15.html","shape_id":"2015_20250113_2"},"geometry":{"type":"Point","coordinates":[24.906949,60.227589]}},{"type":"Feature","properties":{"FID":9410,"route_vari":"2015_2","route_id":"2015","direction_":1,"stop_seque":20,"stop_id":"1286402","stop_code":"H0738","stop_heads":"Itäkeskus (M) via Oulunkylä","stop_name":"Pirkkola","stop_desc":"Pirkkola","zone_id":"B","stop_url":"http://aikataulut.hsl.fi/pysakit/fi/1286402.html","location_t":0,"parent_sta":" ","wheelchair":1,"route_shor":"15","route_long":"Itäkeskus (M)-Keilaniemi (M)","route_type":"900","vehicle_ty":"0","route_url":"http://aikataulut.hsl.fi/linjat/fi/e15.html","shape_id":"2015_20250113_2"},"geometry":{"type":"Point","coordinates":[24.920157,60.23074]}},{"type":"Feature","properties":{"FID":9411,"route_vari":"2015_2","route_id":"2015","direction_":1,"stop_seque":21,"stop_id":"1282404","stop_code":"H0736","stop_heads":"Itäkeskus (M) via Oulunkylä","stop_name":"Pirjontie","stop_desc":"Pirjontie","zone_id":"B","stop_url":"http://aikataulut.hsl.fi/pysakit/fi/1282404.html","location_t":0,"parent_sta":" ","wheelchair":1,"route_shor":"15","route_long":"Itäkeskus (M)-Keilaniemi (M)","route_type":"900","vehicle_ty":"0","route_url":"http://aikataulut.hsl.fi/linjat/fi/e15.html","shape_id":"2015_20250113_2"},"geometry":{"type":"Point","coordinates":[24.930177,60.234021]}},{"type":"Feature","properties":{"FID":9413,"route_vari":"2015_2","route_id":"2015","direction_":1,"stop_seque":22,"stop_id":"1282402","stop_code":"H0734","stop_heads":"Itäkeskus (M) via Oulunkylä","stop_name":"Maunula","stop_desc":"Maunula","zone_id":"B","stop_url":"http://aikataulut.hsl.fi/pysakit/fi/1282402.html","location_t":0,"parent_sta":" ","wheelchair":1,"route_shor":"15","route_long":"Itäkeskus (M)-Keilaniemi (M)","route_type":"900","vehicle_ty":"0","route_url":"http://aikataulut.hsl.fi/linjat/fi/e15.html","shape_id":"2015_20250113_2"},"geometry":{"type":"Point","coordinates":[24.934407,60.23135]}},{"type":"Feature","properties":{"FID":9420,"route_vari":"2015_2","route_id":"2015","direction_":1,"stop_seque":23,"stop_id":"1284404","stop_code":"H0732","stop_heads":"Itäkeskus (M) via Oulunkylä","stop_name":"Kustaankartano","stop_desc":"Kustaankartano","zone_id":"B","stop_url":"http://aikataulut.hsl.fi/pysakit/fi/1284404.html","location_t":0,"parent_sta":" ","wheelchair":1,"route_shor":"15","route_long":"Itäkeskus (M)-Keilaniemi (M)","route_type":"900","vehicle_ty":"0","route_url":"http://aikataulut.hsl.fi/linjat/fi/e15.html","shape_id":"2015_20250113_2"},"geometry":{"type":"Point","coordinates":[24.947322,60.229972]}},{"type":"Feature","properties":{"FID":9423,"route_vari":"2015_2","route_id":"2015","direction_":1,"stop_seque":24,"stop_id":"1284301","stop_code":"H0730","stop_heads":"Itäkeskus (M) via Oulunkylä","stop_name":"Teininpuisto","stop_desc":"Teininpuisto","zone_id":"B","stop_url":"http://aikataulut.hsl.fi/pysakit/fi/1284301.html","location_t":0,"parent_sta":" ","wheelchair":2,"route_shor":"15","route_long":"Itäkeskus (M)-Keilaniemi (M)","route_type":"900","vehicle_ty":"3","route_url":"http://aikataulut.hsl.fi/linjat/fi/e15.html","shape_id":"2015_20250113_2"},"geometry":{"type":"Point","coordinates":[24.95686,60.231984]}},{"type":"Feature","properties":{"FID":9426,"route_vari":"2015_2","route_id":"2015","direction_":1,"stop_seque":25,"stop_id":"1284402","stop_code":"H0728","stop_heads":"Itäkeskus (M) via Viikki","stop_name":"Oulunkylän keskusta","stop_desc":"Oulunkyläntie","zone_id":"B","stop_url":"http://aikataulut.hsl.fi/pysakit/fi/1284402.html","location_t":0,"parent_sta":" ","wheelchair":1,"route_shor":"15","route_long":"Itäkeskus (M)-Keilaniemi (M)","route_type":"900","vehicle_ty":"0","route_url":"http://aikataulut.hsl.fi/linjat/fi/e15.html","shape_id":"2015_20250113_2"},"geometry":{"type":"Point","coordinates":[24.9643,60.228692]}},{"type":"Feature","properties":{"FID":9429,"route_vari":"2015_2","route_id":"2015","direction_":1,"stop_seque":26,"stop_id":"1285404","stop_code":"H0726","stop_heads":"Itäkeskus (M) via Viikki","stop_name":"Oulunkylän asema","stop_desc":"Oulunkylän asema","zone_id":"B","stop_url":"http://aikataulut.hsl.fi/pysakit/fi/1285404.html","location_t":0,"parent_sta":" ","wheelchair":1,"route_shor":"15","route_long":"Itäkeskus (M)-Keilaniemi (M)","route_type":"900","vehicle_ty":"0","route_url":"http://aikataulut.hsl.fi/linjat/fi/e15.html","shape_id":"2015_20250113_2"},"geometry":{"type":"Point","coordinates":[24.968635,60.228829]}},{"type":"Feature","properties":{"FID":9431,"route_vari":"2015_2","route_id":"2015","direction_":1,"stop_seque":27,"stop_id":"1285402","stop_code":"H0724","stop_heads":"Itäkeskus (M) via Viikki","stop_name":"Veräjämäki","stop_desc":"Veräjämäki","zone_id":"B","stop_url":"http://aikataulut.hsl.fi/pysakit/fi/1285402.html","location_t":0,"parent_sta":" ","wheelchair":1,"route_shor":"15","route_long":"Itäkeskus (M)-Keilaniemi (M)","route_type":"900","vehicle_ty":"0","route_url":"http://aikataulut.hsl.fi/linjat/fi/e15.html","shape_id":"2015_20250113_2"},"geometry":{"type":"Point","coordinates":[24.979337,60.231042]}},{"type":"Feature","properties":{"FID":9433,"route_vari":"2015_2","route_id":"2015","direction_":1,"stop_seque":28,"stop_id":"1364402","stop_code":"H0722","stop_heads":"Itäkeskus (M) via Viikki","stop_name":"Viikinmäki","stop_desc":"Viikinmäki","zone_id":"B","stop_url":"http://aikataulut.hsl.fi/pysakit/fi/1364402.html","location_t":0,"parent_sta":" ","wheelchair":1,"route_shor":"15","route_long":"Itäkeskus (M)-Keilaniemi (M)","route_type":"900","vehicle_ty":"0","route_url":"http://aikataulut.hsl.fi/linjat/fi/e15.html","shape_id":"2015_20250113_2"},"geometry":{"type":"Point","coordinates":[24.99881,60.229751]}},{"type":"Feature","properties":{"FID":9436,"route_vari":"2015_2","route_id":"2015","direction_":1,"stop_seque":29,"stop_id":"1363404","stop_code":"H0720","stop_heads":"Itäkeskus (M)","stop_name":"Viikin tiedepuisto","stop_desc":"Viikin tiedepuisto","zone_id":"B","stop_url":"http://aikataulut.hsl.fi/pysakit/fi/1363404.html","location_t":0,"parent_sta":" ","wheelchair":1,"route_shor":"15","route_long":"Itäkeskus (M)-Keilaniemi (M)","route_type":"900","vehicle_ty":"0","route_url":"http://aikataulut.hsl.fi/linjat/fi/e15.html","shape_id":"2015_20250113_2"},"geometry":{"type":"Point","coordinates":[25.012097,60.227094]}},{"type":"Feature","properties":{"FID":9439,"route_vari":"2015_2","route_id":"2015","direction_":1,"stop_seque":30,"stop_id":"1363402","stop_code":"H0718","stop_heads":"Itäkeskus (M)","stop_name":"Latokartano","stop_desc":"Latokartano","zone_id":"B","stop_url":"http://aikataulut.hsl.fi/pysakit/fi/1363402.html","location_t":0,"parent_sta":" ","wheelchair":1,"route_shor":"15","route_long":"Itäkeskus (M)-Keilaniemi (M)","route_type":"900","vehicle_ty":"0","route_url":"http://aikataulut.hsl.fi/linjat/fi/e15.html","shape_id":"2015_20250113_2"},"geometry":{"type":"Point","coordinates":[25.021995,60.223492]}},{"type":"Feature","properties":{"FID":9442,"route_vari":"2015_2","route_id":"2015","direction_":1,"stop_seque":31,"stop_id":"1454402","stop_code":"H0716","stop_heads":"Itäkeskus (M)","stop_name":"Karhukallio","stop_desc":"Viilarintie","zone_id":"B","stop_url":"http://aikataulut.hsl.fi/pysakit/fi/1454402.html","location_t":0,"parent_sta":" ","wheelchair":1,"route_shor":"15","route_long":"Itäkeskus (M)-Keilaniemi (M)","route_type":"900","vehicle_ty":"0","route_url":"http://aikataulut.hsl.fi/linjat/fi/e15.html","shape_id":"2015_20250113_2"},"geometry":{"type":"Point","coordinates":[25.049061,60.218154]}},{"type":"Feature","properties":{"FID":9445,"route_vari":"2015_2","route_id":"2015","direction_":1,"stop_seque":32,"stop_id":"1456404","stop_code":"H0714","stop_heads":"Itäkeskus (M)","stop_name":"Kauppamyllyntie","stop_desc":"Kauppamyllyntie","zone_id":"B","stop_url":"http://aikataulut.hsl.fi/pysakit/fi/1456404.html","location_t":0,"parent_sta":" ","wheelchair":1,"route_shor":"15","route_long":"Itäkeskus (M)-Keilaniemi (M)","route_type":"900","vehicle_ty":"0","route_url":"http://aikataulut.hsl.fi/linjat/fi/e15.html","shape_id":"2015_20250113_2"},"geometry":{"type":"Point","coordinates":[25.058655,60.214669]}},{"type":"Feature","properties":{"FID":9448,"route_vari":"2015_2","route_id":"2015","direction_":1,"stop_seque":33,"stop_id":"1456402","stop_code":"H0712","stop_heads":"Itäkeskus (M)","stop_name":"Roihupelto","stop_desc":"Varikkotie","zone_id":"B","stop_url":"http://aikataulut.hsl.fi/pysakit/fi/1456402.html","location_t":0,"parent_sta":" ","wheelchair":1,"route_shor":"15","route_long":"Itäkeskus (M)-Keilaniemi (M)","route_type":"900","vehicle_ty":"0","route_url":"http://aikataulut.hsl.fi/linjat/fi/e15.html","shape_id":"2015_20250113_2"},"geometry":{"type":"Point","coordinates":[25.059165,60.209331]}},{"type":"Feature","properties":{"FID":9451,"route_vari":"2015_2","route_id":"2015","direction_":1,"stop_seque":34,"stop_id":"1457402","stop_code":"H0710","stop_heads":" ","stop_name":"Itäkeskus (M)","stop_desc":"Itäkeskus (M)","zone_id":"B","stop_url":"http://aikataulut.hsl.fi/pysakit/fi/1457402.html","location_t":0,"parent_sta":"1999999","wheelchair":1,"route_shor":"15","route_long":"Itäkeskus (M)-Keilaniemi (M)","route_type":"900","vehicle_ty":"0","route_url":"http://aikataulut.hsl.fi/linjat/fi/e15.html","shape_id":"2015_20250113_2"},"geometry":{"type":"Point","coordinates":[25.074714,60.209603]}},{"type":"Feature","properties":{"FID":9453,"route_vari":"2015_3","route_id":"2015","direction_":0,"stop_seque":1,"stop_id":"1456403","stop_code":"H0715","stop_heads":"Keilaniemi (M) via Viikki","stop_name":"Kauppamyllyntie","stop_desc":"Kauppamyllyntie","zone_id":"B","stop_url":"http://aikataulut.hsl.fi/pysakit/fi/1456403.html","location_t":0,"parent_sta":" ","wheelchair":1,"route_shor":"15","route_long":"Itäkeskus (M)-Keilaniemi (M)","route_type":"900","vehicle_ty":"0","route_url":"http://aikataulut.hsl.fi/linjat/fi/e15.html","shape_id":"2015 3_20250113_1"},"geometry":{"type":"Point","coordinates":[25.058658,60.214879]}},{"type":"Feature","properties":{"FID":9456,"route_vari":"2015_3","route_id":"2015","direction_":0,"stop_seque":2,"stop_id":"1454401","stop_code":"H0717","stop_heads":"Keilaniemi (M) via Viikki","stop_name":"Karhukallio","stop_desc":"Karhukallio","zone_id":"B","stop_url":"http://aikataulut.hsl.fi/pysakit/fi/1454401.html","location_t":0,"parent_sta":" ","wheelchair":1,"route_shor":"15","route_long":"Itäkeskus (M)-Keilaniemi (M)","route_type":"900","vehicle_ty":"0","route_url":"http://aikataulut.hsl.fi/linjat/fi/e15.html","shape_id":"2015 3_20250113_1"},"geometry":{"type":"Point","coordinates":[25.04879,60.218281]}},{"type":"Feature","properties":{"FID":9459,"route_vari":"2015_3","route_id":"2015","direction_":0,"stop_seque":3,"stop_id":"1363401","stop_code":"H0719","stop_heads":"Keilaniemi (M) via Viikki","stop_name":"Latokartano","stop_desc":"Latokartano","zone_id":"B","stop_url":"http://aikataulut.hsl.fi/pysakit/fi/1363401.html","location_t":0,"parent_sta":" ","wheelchair":1,"route_shor":"15","route_long":"Itäkeskus (M)-Keilaniemi (M)","route_type":"900","vehicle_ty":"0","route_url":"http://aikataulut.hsl.fi/linjat/fi/e15.html","shape_id":"2015 3_20250113_1"},"geometry":{"type":"Point","coordinates":[25.021708,60.223648]}},{"type":"Feature","properties":{"FID":9461,"route_vari":"2015_3","route_id":"2015","direction_":0,"stop_seque":4,"stop_id":"1363403","stop_code":"H0721","stop_heads":"Keilaniemi (M) via Oulunkylä","stop_name":"Viikin tiedepuisto","stop_desc":"Viikin tiedepuisto","zone_id":"B","stop_url":"http://aikataulut.hsl.fi/pysakit/fi/1363403.html","location_t":0,"parent_sta":" ","wheelchair":1,"route_shor":"15","route_long":"Itäkeskus (M)-Keilaniemi (M)","route_type":"900","vehicle_ty":"0","route_url":"http://aikataulut.hsl.fi/linjat/fi/e15.html","shape_id":"2015 3_20250113_1"},"geometry":{"type":"Point","coordinates":[25.01177,60.227236]}},{"type":"Feature","properties":{"FID":9466,"route_vari":"2015_3","route_id":"2015","direction_":0,"stop_seque":5,"stop_id":"1364401","stop_code":"H0723","stop_heads":"Keilaniemi (M) via Oulunkylä","stop_name":"Viikinmäki","stop_desc":"Viikinmäki","zone_id":"B","stop_url":"http://aikataulut.hsl.fi/pysakit/fi/1364401.html","location_t":0,"parent_sta":" ","wheelchair":1,"route_shor":"15","route_long":"Itäkeskus (M)-Keilaniemi (M)","route_type":"900","vehicle_ty":"0","route_url":"http://aikataulut.hsl.fi/linjat/fi/e15.html","shape_id":"2015 3_20250113_1"},"geometry":{"type":"Point","coordinates":[24.998654,60.229964]}},{"type":"Feature","properties":{"FID":9469,"route_vari":"2015_3","route_id":"2015","direction_":0,"stop_seque":6,"stop_id":"1285401","stop_code":"H0725","stop_heads":"Keilaniemi (M) via Oulunkylä","stop_name":"Veräjämäki","stop_desc":"Veräjämäki","zone_id":"B","stop_url":"http://aikataulut.hsl.fi/pysakit/fi/1285401.html","location_t":0,"parent_sta":" ","wheelchair":1,"route_shor":"15","route_long":"Itäkeskus (M)-Keilaniemi (M)","route_type":"900","vehicle_ty":"0","route_url":"http://aikataulut.hsl.fi/linjat/fi/e15.html","shape_id":"2015 3_20250113_1"},"geometry":{"type":"Point","coordinates":[24.979055,60.231145]}},{"type":"Feature","properties":{"FID":9472,"route_vari":"2015_3","route_id":"2015","direction_":0,"stop_seque":7,"stop_id":"1285403","stop_code":"H0727","stop_heads":"Keilaniemi (M) via Huopalahti","stop_name":"Oulunkylän asema","stop_desc":"Oulunkylänpolku","zone_id":"B","stop_url":"http://aikataulut.hsl.fi/pysakit/fi/1285403.html","location_t":0,"parent_sta":" ","wheelchair":1,"route_shor":"15","route_long":"Itäkeskus (M)-Keilaniemi (M)","route_type":"900","vehicle_ty":"0","route_url":"http://aikataulut.hsl.fi/linjat/fi/e15.html","shape_id":"2015 3_20250113_1"},"geometry":{"type":"Point","coordinates":[24.968286,60.228777]}},{"type":"Feature","properties":{"FID":9475,"route_vari":"2015_3","route_id":"2015","direction_":0,"stop_seque":8,"stop_id":"1284401","stop_code":"H0729","stop_heads":"Keilaniemi (M) via Huopalahti","stop_name":"Oulunkylän keskusta","stop_desc":"Norrtäljentie","zone_id":"B","stop_url":"http://aikataulut.hsl.fi/pysakit/fi/1284401.html","location_t":0,"parent_sta":" ","wheelchair":1,"route_shor":"15","route_long":"Itäkeskus (M)-Keilaniemi (M)","route_type":"900","vehicle_ty":"0","route_url":"http://aikataulut.hsl.fi/linjat/fi/e15.html","shape_id":"2015 3_20250113_1"},"geometry":{"type":"Point","coordinates":[24.962825,60.229664]}},{"type":"Feature","properties":{"FID":9477,"route_vari":"2015_3","route_id":"2015","direction_":0,"stop_seque":9,"stop_id":"1284403","stop_code":"H0731","stop_heads":"Keilaniemi (M) via Huopalahti","stop_name":"Teininpuisto","stop_desc":"Teininpuisto","zone_id":"B","stop_url":"http://aikataulut.hsl.fi/pysakit/fi/1284403.html","location_t":0,"parent_sta":" ","wheelchair":1,"route_shor":"15","route_long":"Itäkeskus (M)-Keilaniemi (M)","route_type":"900","vehicle_ty":"0","route_url":"http://aikataulut.hsl.fi/linjat/fi/e15.html","shape_id":"2015 3_20250113_1"},"geometry":{"type":"Point","coordinates":[24.956463,60.231987]}},{"type":"Feature","properties":{"FID":9479,"route_vari":"2015_3","route_id":"2015","direction_":0,"stop_seque":10,"stop_id":"1284405","stop_code":"H0733","stop_heads":"Keilaniemi (M) via Huopalahti","stop_name":"Kustaankartano","stop_desc":"Käskynhaltijantie","zone_id":"B","stop_url":"http://aikataulut.hsl.fi/pysakit/fi/1284405.html","location_t":0,"parent_sta":" ","wheelchair":1,"route_shor":"15","route_long":"Itäkeskus (M)-Keilaniemi (M)","route_type":"900","vehicle_ty":"0","route_url":"http://aikataulut.hsl.fi/linjat/fi/e15.html","shape_id":"2015 3_20250113_1"},"geometry":{"type":"Point","coordinates":[24.946861,60.229997]}},{"type":"Feature","properties":{"FID":9482,"route_vari":"2015_3","route_id":"2015","direction_":0,"stop_seque":11,"stop_id":"1282401","stop_code":"H0735","stop_heads":"Keilaniemi (M) via Huopalahti","stop_name":"Maunula","stop_desc":"Maunula","zone_id":"B","stop_url":"http://aikataulut.hsl.fi/pysakit/fi/1282401.html","location_t":0,"parent_sta":" ","wheelchair":1,"route_shor":"15","route_long":"Itäkeskus (M)-Keilaniemi (M)","route_type":"900","vehicle_ty":"0","route_url":"http://aikataulut.hsl.fi/linjat/fi/e15.html","shape_id":"2015 3_20250113_1"},"geometry":{"type":"Point","coordinates":[24.934182,60.23162]}},{"type":"Feature","properties":{"FID":9485,"route_vari":"2015_3","route_id":"2015","direction_":0,"stop_seque":12,"stop_id":"1282403","stop_code":"H0737","stop_heads":"Keilaniemi (M) via Huopalahti","stop_name":"Pirjontie","stop_desc":"Pirjontie","zone_id":"B","stop_url":"http://aikataulut.hsl.fi/pysakit/fi/1282403.html","location_t":0,"parent_sta":" ","wheelchair":1,"route_shor":"15","route_long":"Itäkeskus (M)-Keilaniemi (M)","route_type":"900","vehicle_ty":"0","route_url":"http://aikataulut.hsl.fi/linjat/fi/e15.html","shape_id":"2015 3_20250113_1"},"geometry":{"type":"Point","coordinates":[24.929813,60.234104]}},{"type":"Feature","properties":{"FID":9488,"route_vari":"2015_3","route_id":"2015","direction_":0,"stop_seque":13,"stop_id":"1286401","stop_code":"H0739","stop_heads":"Keilaniemi (M) via Huopalahti","stop_name":"Pirkkola","stop_desc":"Pirkkola","zone_id":"B","stop_url":"http://aikataulut.hsl.fi/pysakit/fi/1286401.html","location_t":0,"parent_sta":" ","wheelchair":1,"route_shor":"15","route_long":"Itäkeskus (M)-Keilaniemi (M)","route_type":"900","vehicle_ty":"0","route_url":"http://aikataulut.hsl.fi/linjat/fi/e15.html","shape_id":"2015 3_20250113_1"},"geometry":{"type":"Point","coordinates":[24.91976,60.230705]}},{"type":"Feature","properties":{"FID":9494,"route_vari":"2015_3","route_id":"2015","direction_":0,"stop_seque":14,"stop_id":"1293401","stop_code":"H0741","stop_heads":"Keilaniemi (M) via Huopalahti","stop_name":"Hämeenlinnanväylä","stop_desc":"Hämeenlinnanväylä","zone_id":"B","stop_url":"http://aikataulut.hsl.fi/pysakit/fi/1293401.html","location_t":0,"parent_sta":" ","wheelchair":1,"route_shor":"15","route_long":"Itäkeskus (M)-Keilaniemi (M)","route_type":"900","vehicle_ty":"0","route_url":"http://aikataulut.hsl.fi/linjat/fi/e15.html","shape_id":"2015 3_20250113_1"},"geometry":{"type":"Point","coordinates":[24.906646,60.227616]}},{"type":"Feature","properties":{"FID":9497,"route_vari":"2015_3","route_id":"2015","direction_":0,"stop_seque":15,"stop_id":"1293403","stop_code":"H0743","stop_heads":"Keilaniemi (M) via Huopalahti","stop_name":"Ilkantie","stop_desc":"Ilkantie","zone_id":"B","stop_url":"http://aikataulut.hsl.fi/pysakit/fi/1293403.html","location_t":0,"parent_sta":" ","wheelchair":1,"route_shor":"15","route_long":"Itäkeskus (M)-Keilaniemi (M)","route_type":"900","vehicle_ty":"0","route_url":"http://aikataulut.hsl.fi/linjat/fi/e15.html","shape_id":"2015 3_20250113_1"},"geometry":{"type":"Point","coordinates":[24.898015,60.22488]}},{"type":"Feature","properties":{"FID":9500,"route_vari":"2015_3","route_id":"2015","direction_":0,"stop_seque":16,"stop_id":"1291405","stop_code":"H0745","stop_heads":"Keilaniemi (M) via Pitäjänmäki","stop_name":"Huopalahden asema","stop_desc":"Eliel Saarisen tie","zone_id":"B","stop_url":"http://aikataulut.hsl.fi/pysakit/fi/1291405.html","location_t":0,"parent_sta":" ","wheelchair":1,"route_shor":"15","route_long":"Itäkeskus (M)-Keilaniemi (M)","route_type":"900","vehicle_ty":"0","route_url":"http://aikataulut.hsl.fi/linjat/fi/e15.html","shape_id":"2015 3_20250113_1"},"geometry":{"type":"Point","coordinates":[24.89238,60.218631]}},{"type":"Feature","properties":{"FID":9503,"route_vari":"2015_3","route_id":"2015","direction_":0,"stop_seque":17,"stop_id":"1291407","stop_code":"H0747","stop_heads":"Keilaniemi (M) via Pitäjänmäki","stop_name":"Vihdintie","stop_desc":"Vihdintie","zone_id":"B","stop_url":"http://aikataulut.hsl.fi/pysakit/fi/1291407.html","location_t":0,"parent_sta":" ","wheelchair":1,"route_shor":"15","route_long":"Itäkeskus (M)-Keilaniemi (M)","route_type":"900","vehicle_ty":"0","route_url":"http://aikataulut.hsl.fi/linjat/fi/e15.html","shape_id":"2015 3_20250113_1"},"geometry":{"type":"Point","coordinates":[24.886519,60.214626]}},{"type":"Feature","properties":{"FID":9505,"route_vari":"2015_3","route_id":"2015","direction_":0,"stop_seque":18,"stop_id":"1465401","stop_code":"H0749","stop_heads":"Keilaniemi (M) via Leppävaara","stop_name":"Kutomotie","stop_desc":"Pitäjänmäentie","zone_id":"B","stop_url":"http://aikataulut.hsl.fi/pysakit/fi/1465401.html","location_t":0,"parent_sta":" ","wheelchair":1,"route_shor":"15","route_long":"Itäkeskus (M)-Keilaniemi (M)","route_type":"900","vehicle_ty":"0","route_url":"http://aikataulut.hsl.fi/linjat/fi/e15.html","shape_id":"2015 3_20250113_1"},"geometry":{"type":"Point","coordinates":[24.874739,60.21562]}},{"type":"Feature","properties":{"FID":9507,"route_vari":"2015_3","route_id":"2015","direction_":0,"stop_seque":19,"stop_id":"1465403","stop_code":"H0751","stop_heads":"Keilaniemi (M) via Leppävaara","stop_name":"Takomotie","stop_desc":"Takomotie","zone_id":"B","stop_url":"http://aikataulut.hsl.fi/pysakit/fi/1465403.html","location_t":0,"parent_sta":" ","wheelchair":1,"route_shor":"15","route_long":"Itäkeskus (M)-Keilaniemi (M)","route_type":"900","vehicle_ty":"0","route_url":"http://aikataulut.hsl.fi/linjat/fi/e15.html","shape_id":"2015 3_20250113_1"},"geometry":{"type":"Point","coordinates":[24.868991,60.217629]}},{"type":"Feature","properties":{"FID":9510,"route_vari":"2015_3","route_id":"2015","direction_":0,"stop_seque":20,"stop_id":"1462401","stop_code":"H0753","stop_heads":"Keilaniemi (M) via Leppävaara","stop_name":"Talin siirt.puutarha","stop_desc":"Pitäjänmäentie","zone_id":"B","stop_url":"http://aikataulut.hsl.fi/pysakit/fi/1462401.html","location_t":0,"parent_sta":" ","wheelchair":1,"route_shor":"15","route_long":"Itäkeskus (M)-Keilaniemi (M)","route_type":"900","vehicle_ty":"0","route_url":"http://aikataulut.hsl.fi/linjat/fi/e15.html","shape_id":"2015 3_20250113_1"},"geometry":{"type":"Point","coordinates":[24.862567,60.219994]}},{"type":"Feature","properties":{"FID":9513,"route_vari":"2015_3","route_id":"2015","direction_":0,"stop_seque":21,"stop_id":"2118401","stop_code":"E0755","stop_heads":"Keilaniemi (M) via Leppävaara","stop_name":"Ravitie","stop_desc":"Ravitie","zone_id":"B","stop_url":"http://aikataulut.hsl.fi/pysakit/fi/2118401.html","location_t":0,"parent_sta":" ","wheelchair":1,"route_shor":"15","route_long":"Itäkeskus (M)-Keilaniemi (M)","route_type":"900","vehicle_ty":"0","route_url":"http://aikataulut.hsl.fi/linjat/fi/e15.html","shape_id":"2015 3_20250113_1"},"geometry":{"type":"Point","coordinates":[24.847541,60.219023]}},{"type":"Feature","properties":{"FID":9516,"route_vari":"2015_3","route_id":"2015","direction_":0,"stop_seque":22,"stop_id":"2118403","stop_code":"E0757","stop_heads":"Keilaniemi (M) via Leppävaara","stop_name":"Vermo","stop_desc":"Vermo","zone_id":"B","stop_url":"http://aikataulut.hsl.fi/pysakit/fi/2118403.html","location_t":0,"parent_sta":" ","wheelchair":1,"route_shor":"15","route_long":"Itäkeskus (M)-Keilaniemi (M)","route_type":"900","vehicle_ty":"0","route_url":"http://aikataulut.hsl.fi/linjat/fi/e15.html","shape_id":"2015 3_20250113_1"},"geometry":{"type":"Point","coordinates":[24.832293,60.216995]}},{"type":"Feature","properties":{"FID":9522,"route_vari":"2015_3","route_id":"2015","direction_":0,"stop_seque":23,"stop_id":"2118405","stop_code":"E0759","stop_heads":"Keilaniemi (M) via Leppävaara","stop_name":"Perkkaa","stop_desc":"Perkkaa","zone_id":"B","stop_url":"http://aikataulut.hsl.fi/pysakit/fi/2118405.html","location_t":0,"parent_sta":" ","wheelchair":1,"route_shor":"15","route_long":"Itäkeskus (M)-Keilaniemi (M)","route_type":"900","vehicle_ty":"0","route_url":"http://aikataulut.hsl.fi/linjat/fi/e15.html","shape_id":"2015 3_20250113_1"},"geometry":{"type":"Point","coordinates":[24.822739,60.217412]}},{"type":"Feature","properties":{"FID":9525,"route_vari":"2015_3","route_id":"2015","direction_":0,"stop_seque":24,"stop_id":"2112401","stop_code":"E0761","stop_heads":"Keilaniemi (M) via Aalto-yliopisto (M)","stop_name":"Leppävaaran asema","stop_desc":"Alberganpromenadi","zone_id":"B","stop_url":"http://aikataulut.hsl.fi/pysakit/fi/2112401.html","location_t":0,"parent_sta":" ","wheelchair":1,"route_shor":"15","route_long":"Itäkeskus (M)-Keilaniemi (M)","route_type":"900","vehicle_ty":"0","route_url":"http://aikataulut.hsl.fi/linjat/fi/e15.html","shape_id":"2015 3_20250113_1"},"geometry":{"type":"Point","coordinates":[24.81378,60.217786]}},{"type":"Feature","properties":{"FID":9528,"route_vari":"2015_3","route_id":"2015","direction_":0,"stop_seque":25,"stop_id":"2112403","stop_code":"E0763","stop_heads":"Keilaniemi (M) via Aalto-yliopisto (M)","stop_name":"Alberganesplanadi","stop_desc":"Alberganesplanadi","zone_id":"B","stop_url":"http://aikataulut.hsl.fi/pysakit/fi/2112403.html","location_t":0,"parent_sta":" ","wheelchair":1,"route_shor":"15","route_long":"Itäkeskus (M)-Keilaniemi (M)","route_type":"900","vehicle_ty":"0","route_url":"http://aikataulut.hsl.fi/linjat/fi/e15.html","shape_id":"2015 3_20250113_1"},"geometry":{"type":"Point","coordinates":[24.81068,60.214277]}},{"type":"Feature","properties":{"FID":9531,"route_vari":"2015_3","route_id":"2015","direction_":0,"stop_seque":26,"stop_id":"2112301","stop_code":"E0765","stop_heads":"Keilaniemi (M) via Aalto-yliopisto (M)","stop_name":"Linnoitustie","stop_desc":"Linnoitustie","zone_id":"B","stop_url":"http://aikataulut.hsl.fi/pysakit/fi/2112301.html","location_t":0,"parent_sta":" ","wheelchair":2,"route_shor":"15","route_long":"Itäkeskus (M)-Keilaniemi (M)","route_type":"900","vehicle_ty":"3","route_url":"http://aikataulut.hsl.fi/linjat/fi/e15.html","shape_id":"2015 3_20250113_1"},"geometry":{"type":"Point","coordinates":[24.811889,60.210154]}},{"type":"Feature","properties":{"FID":9533,"route_vari":"2015_3","route_id":"2015","direction_":0,"stop_seque":27,"stop_id":"2252401","stop_code":"E0767","stop_heads":"Keilaniemi (M) via Aalto-yliopisto (M)","stop_name":"Laajalahti","stop_desc":"Laajalahti","zone_id":"B","stop_url":"http://aikataulut.hsl.fi/pysakit/fi/2252401.html","location_t":0,"parent_sta":" ","wheelchair":1,"route_shor":"15","route_long":"Itäkeskus (M)-Keilaniemi (M)","route_type":"900","vehicle_ty":"0","route_url":"http://aikataulut.hsl.fi/linjat/fi/e15.html","shape_id":"2015 3_20250113_1"},"geometry":{"type":"Point","coordinates":[24.808397,60.205317]}},{"type":"Feature","properties":{"FID":9535,"route_vari":"2015_3","route_id":"2015","direction_":0,"stop_seque":28,"stop_id":"2222401","stop_code":"E0769","stop_heads":"Keilaniemi (M) via Aalto-yliopisto (M)","stop_name":"Lahdenpohja","stop_desc":"Lahdenpohja","zone_id":"B","stop_url":"http://aikataulut.hsl.fi/pysakit/fi/2222401.html","location_t":0,"parent_sta":" ","wheelchair":1,"route_shor":"15","route_long":"Itäkeskus (M)-Keilaniemi (M)","route_type":"900","vehicle_ty":"0","route_url":"http://aikataulut.hsl.fi/linjat/fi/e15.html","shape_id":"2015 3_20250113_1"},"geometry":{"type":"Point","coordinates":[24.809449,60.199069]}},{"type":"Feature","properties":{"FID":9540,"route_vari":"2015_3","route_id":"2015","direction_":0,"stop_seque":29,"stop_id":"2222403","stop_code":"E0771","stop_heads":"Keilaniemi (M) via Aalto-yliopisto (M)","stop_name":"Maari","stop_desc":"Maari","zone_id":"B","stop_url":"http://aikataulut.hsl.fi/pysakit/fi/2222403.html","location_t":0,"parent_sta":" ","wheelchair":1,"route_shor":"15","route_long":"Itäkeskus (M)-Keilaniemi (M)","route_type":"900","vehicle_ty":"0","route_url":"http://aikataulut.hsl.fi/linjat/fi/e15.html","shape_id":"2015 3_20250113_1"},"geometry":{"type":"Point","coordinates":[24.811946,60.18731]}},{"type":"Feature","properties":{"FID":9542,"route_vari":"2015_3","route_id":"2015","direction_":0,"stop_seque":30,"stop_id":"2222405","stop_code":"E0773","stop_heads":"Keilaniemi (M)","stop_name":"Aalto-yliopisto (M)","stop_desc":"Otakaari","zone_id":"B","stop_url":"http://aikataulut.hsl.fi/pysakit/fi/2222405.html","location_t":0,"parent_sta":" ","wheelchair":1,"route_shor":"15","route_long":"Itäkeskus (M)-Keilaniemi (M)","route_type":"900","vehicle_ty":"0","route_url":"http://aikataulut.hsl.fi/linjat/fi/e15.html","shape_id":"2015 3_20250113_1"},"geometry":{"type":"Point","coordinates":[24.827567,60.184264]}},{"type":"Feature","properties":{"FID":9544,"route_vari":"2015_3","route_id":"2015","direction_":0,"stop_seque":31,"stop_id":"2222407","stop_code":"E0775","stop_heads":"Keilaniemi (M)","stop_name":"Otaranta","stop_desc":"Otaranta","zone_id":"B","stop_url":"http://aikataulut.hsl.fi/pysakit/fi/2222407.html","location_t":0,"parent_sta":" ","wheelchair":1,"route_shor":"15","route_long":"Itäkeskus (M)-Keilaniemi (M)","route_type":"900","vehicle_ty":"0","route_url":"http://aikataulut.hsl.fi/linjat/fi/e15.html","shape_id":"2015 3_20250113_1"},"geometry":{"type":"Point","coordinates":[24.834251,60.180715]}},{"type":"Feature","properties":{"FID":9550,"route_vari":"2015_3","route_id":"2015","direction_":0,"stop_seque":32,"stop_id":"2222409","stop_code":"E0777","stop_heads":" ","stop_name":"Keilaniemi (M)","stop_desc":"Keilaniemi","zone_id":"B","stop_url":"http://aikataulut.hsl.fi/pysakit/fi/2222409.html","location_t":0,"parent_sta":"1999998","wheelchair":1,"route_shor":"15","route_long":"Itäkeskus (M)-Keilaniemi (M)","route_type":"900","vehicle_ty":"0","route_url":"http://aikataulut.hsl.fi/linjat/fi/e15.html","shape_id":"2015 3_20250113_1"},"geometry":{"type":"Point","coordinates":[24.830796,60.177046]}},{"type":"Feature","properties":{"FID":14060,"route_vari":"3002L_2","route_id":"3002L","direction_":1,"stop_seque":3,"stop_id":"6010554","stop_code":"Ki0154","stop_heads":"Helsinki","stop_name":"Jorvas","stop_desc":"Torhemintie","zone_id":"D","stop_url":"http://aikataulut.hsl.fi/pysakit/fi/6010554.html","location_t":0,"parent_sta":"6000203","wheelchair":1,"route_shor":"L","route_long":"Helsinki-Kirkkonummi","route_type":"109","vehicle_ty":"109","route_url":"https://www.vr.fi/cs/vr/fi/paakaupunkiseudun_lahiliikenne","shape_id":"3002L_20230925_2"},"geometry":{"type":"Point","coordinates":[24.511726,60.137394]}},{"type":"Feature","properties":{"FID":14407,"route_vari":"3002L_2","route_id":"3002L","direction_":1,"stop_seque":4,"stop_id":"6010553","stop_code":"Ki0153","stop_heads":"Helsinki","stop_name":"Masala","stop_desc":"Junailijankuja 1","zone_id":"D","stop_url":"http://aikataulut.hsl.fi/pysakit/fi/6010553.html","location_t":0,"parent_sta":"6000202","wheelchair":1,"route_shor":"L","route_long":"Helsinki-Kirkkonummi","route_type":"109","vehicle_ty":"109","route_url":"https://www.vr.fi/cs/vr/fi/paakaupunkiseudun_lahiliikenne","shape_id":"3002L_20230925_2"},"geometry":{"type":"Point","coordinates":[24.539116,60.158502]}},{"type":"Feature","properties":{"FID":14415,"route_vari":"3002L_2","route_id":"3002L","direction_":1,"stop_seque":5,"stop_id":"2511551","stop_code":"E5142","stop_heads":"Helsinki","stop_name":"Kauklahti","stop_desc":"Hansatie 3","zone_id":"C","stop_url":"http://aikataulut.hsl.fi/pysakit/fi/2511551.html","location_t":0,"parent_sta":"2000209","wheelchair":1,"route_shor":"L","route_long":"Helsinki-Kirkkonummi","route_type":"109","vehicle_ty":"109","route_url":"https://www.vr.fi/cs/vr/fi/paakaupunkiseudun_lahiliikenne","shape_id":"3002L_20230925_2"},"geometry":{"type":"Point","coordinates":[24.601031,60.189599]}},{"type":"Feature","properties":{"FID":14418,"route_vari":"3002L_2","route_id":"3002L","direction_":1,"stop_seque":6,"stop_id":"2611552","stop_code":"E6039","stop_heads":"Helsinki","stop_name":"Espoo","stop_desc":"Espoonsilta","zone_id":"C","stop_url":"http://aikataulut.hsl.fi/pysakit/fi/2611552.html","location_t":0,"parent_sta":"2000208","wheelchair":1,"route_shor":"L","route_long":"Helsinki-Kirkkonummi","route_type":"109","vehicle_ty":"109","route_url":"https://www.vr.fi/cs/vr/fi/paakaupunkiseudun_lahiliikenne","shape_id":"3002L_20230925_2"},"geometry":{"type":"Point","coordinates":[24.656446,60.205095]}},{"type":"Feature","properties":{"FID":14422,"route_vari":"3002L_2","route_id":"3002L","direction_":1,"stop_seque":7,"stop_id":"2612551","stop_code":"E6060","stop_heads":"Helsinki","stop_name":"Tuomarila","stop_desc":"Tuomarilantie 4","zone_id":"C","stop_url":"http://aikataulut.hsl.fi/pysakit/fi/2612551.html","location_t":0,"parent_sta":"2000207","wheelchair":1,"route_shor":"L","route_long":"Helsinki-Kirkkonummi","route_type":"109","vehicle_ty":"109","route_url":"https://www.vr.fi/cs/vr/fi/paakaupunkiseudun_lahiliikenne","shape_id":"3002L_20230925_2"},"geometry":{"type":"Point","coordinates":[24.681579,60.20601]}},{"type":"Feature","properties":{"FID":14426,"route_vari":"3002L_2","route_id":"3002L","direction_":1,"stop_seque":8,"stop_id":"2161551","stop_code":"E1607","stop_heads":"Helsinki","stop_name":"Koivuhovi","stop_desc":"Ullanmäentie 2","zone_id":"B","stop_url":"http://aikataulut.hsl.fi/pysakit/fi/2161551.html","location_t":0,"parent_sta":"2000206","wheelchair":1,"route_shor":"L","route_long":"Helsinki-Kirkkonummi","route_type":"109","vehicle_ty":"109","route_url":"https://www.vr.fi/cs/vr/fi/paakaupunkiseudun_lahiliikenne","shape_id":"3002L_20230925_2"},"geometry":{"type":"Point","coordinates":[24.702992,60.206903]}},{"type":"Feature","properties":{"FID":14430,"route_vari":"3002L_2","route_id":"3002L","direction_":1,"stop_seque":9,"stop_id":"3010551","stop_code":"Ka0151","stop_heads":"Helsinki","stop_name":"Kauniainen","stop_desc":"Gresantie 17","zone_id":"B","stop_url":"http://aikataulut.hsl.fi/pysakit/fi/3010551.html","location_t":0,"parent_sta":"2000205","wheelchair":2,"route_shor":"L","route_long":"Helsinki-Kirkkonummi","route_type":"109","vehicle_ty":"109","route_url":"https://www.vr.fi/cs/vr/fi/paakaupunkiseudun_lahiliikenne","shape_id":"3002L_20230925_2"},"geometry":{"type":"Point","coordinates":[24.732502,60.212003]}},{"type":"Feature","properties":{"FID":14431,"route_vari":"3002L_2","route_id":"3002L","direction_":1,"stop_seque":10,"stop_id":"2132552","stop_code":"E1833","stop_heads":"Helsinki","stop_name":"Kera","stop_desc":"Kutojantie 17","zone_id":"B","stop_url":"http://aikataulut.hsl.fi/pysakit/fi/2132552.html","location_t":0,"parent_sta":"2000204","wheelchair":2,"route_shor":"L","route_long":"Helsinki-Kirkkonummi","route_type":"109","vehicle_ty":"109","route_url":"https://www.vr.fi/cs/vr/fi/paakaupunkiseudun_lahiliikenne","shape_id":"3002L_20230925_2"},"geometry":{"type":"Point","coordinates":[24.75359,60.216041]}},{"type":"Feature","properties":{"FID":14432,"route_vari":"3002L_2","route_id":"3002L","direction_":1,"stop_seque":11,"stop_id":"2131551","stop_code":"E1331","stop_heads":"Helsinki","stop_name":"Kilo","stop_desc":"Lansanpurontie 4","zone_id":"B","stop_url":"http://aikataulut.hsl.fi/pysakit/fi/2131551.html","location_t":0,"parent_sta":"2000211","wheelchair":1,"route_shor":"L","route_long":"Helsinki-Kirkkonummi","route_type":"109","vehicle_ty":"109","route_url":"https://www.vr.fi/cs/vr/fi/paakaupunkiseudun_lahiliikenne","shape_id":"3002L_20230925_2"},"geometry":{"type":"Point","coordinates":[24.783293,60.217952]}},{"type":"Feature","properties":{"FID":14433,"route_vari":"3002L_2","route_id":"3002L","direction_":1,"stop_seque":12,"stop_id":"2111504","stop_code":"E1060","stop_heads":"Helsinki","stop_name":"Leppävaara","stop_desc":"Leppävaaranaukio","zone_id":"B","stop_url":"http://aikataulut.hsl.fi/pysakit/fi/2111504.html","location_t":0,"parent_sta":"2000202","wheelchair":1,"route_shor":"L","route_long":"Helsinki-Kirkkonummi","route_type":"109","vehicle_ty":"109","route_url":"https://www.vr.fi/cs/vr/fi/paakaupunkiseudun_lahiliikenne","shape_id":"3002L_20230925_2"},"geometry":{"type":"Point","coordinates":[24.812987,60.219389]}},{"type":"Feature","properties":{"FID":14434,"route_vari":"3002L_2","route_id":"3002L","direction_":1,"stop_seque":13,"stop_id":"2118551","stop_code":"E1172","stop_heads":"Helsinki","stop_name":"Mäkkylä","stop_desc":"Turuntie 12","zone_id":"B","stop_url":"http://aikataulut.hsl.fi/pysakit/fi/2118551.html","location_t":0,"parent_sta":"2000201","wheelchair":1,"route_shor":"L","route_long":"Helsinki-Kirkkonummi","route_type":"109","vehicle_ty":"109","route_url":"https://www.vr.fi/cs/vr/fi/paakaupunkiseudun_lahiliikenne","shape_id":"3002L_20230925_2"},"geometry":{"type":"Point","coordinates":[24.842657,60.221179]}},{"type":"Feature","properties":{"FID":14435,"route_vari":"3002L_2","route_id":"3002L","direction_":1,"stop_seque":14,"stop_id":"1465552","stop_code":"H0081","stop_heads":"Helsinki","stop_name":"Pitäjänmäki","stop_desc":"Pitäjänmäentie 40","zone_id":"B","stop_url":"http://aikataulut.hsl.fi/pysakit/fi/1465552.html","location_t":0,"parent_sta":"1000206","wheelchair":1,"route_shor":"L","route_long":"Helsinki-Kirkkonummi","route_type":"109","vehicle_ty":"109","route_url":"https://www.vr.fi/cs/vr/fi/paakaupunkiseudun_lahiliikenne","shape_id":"3002L_20230925_2"},"geometry":{"type":"Point","coordinates":[24.860594,60.22325]}},{"type":"Feature","properties":{"FID":14436,"route_vari":"3002L_2","route_id":"3002L","direction_":1,"stop_seque":15,"stop_id":"1465551","stop_code":"H0080","stop_heads":"Helsinki","stop_name":"Valimo","stop_desc":"Valimopolku 3","zone_id":"B","stop_url":"http://aikataulut.hsl.fi/pysakit/fi/1465551.html","location_t":0,"parent_sta":"1000205","wheelchair":1,"route_shor":"L","route_long":"Helsinki-Kirkkonummi","route_type":"109","vehicle_ty":"109","route_url":"https://www.vr.fi/cs/vr/fi/paakaupunkiseudun_lahiliikenne","shape_id":"3002L_20230925_2"},"geometry":{"type":"Point","coordinates":[24.876408,60.222112]}},{"type":"Feature","properties":{"FID":14437,"route_vari":"3002L_2","route_id":"3002L","direction_":1,"stop_seque":16,"stop_id":"1291503","stop_code":"H0079","stop_heads":"Helsinki","stop_name":"Huopalahti","stop_desc":"Kylätie 25","zone_id":"B","stop_url":"http://aikataulut.hsl.fi/pysakit/fi/1291503.html","location_t":0,"parent_sta":"1000204","wheelchair":1,"route_shor":"L","route_long":"Helsinki-Kirkkonummi","route_type":"109","vehicle_ty":"109","route_url":"https://www.vr.fi/cs/vr/fi/paakaupunkiseudun_lahiliikenne","shape_id":"3002L_20230925_2"},"geometry":{"type":"Point","coordinates":[24.893667,60.218201]}},{"type":"Feature","properties":{"FID":14438,"route_vari":"3002L_2","route_id":"3002L","direction_":1,"stop_seque":17,"stop_id":"1172553","stop_code":"H0078","stop_heads":"Helsinki","stop_name":"Ilmala","stop_desc":"Televisiokatu 9","zone_id":"A","stop_url":"http://aikataulut.hsl.fi/pysakit/fi/1172553.html","location_t":0,"parent_sta":"1000203","wheelchair":1,"route_shor":"L","route_long":"Helsinki-Kirkkonummi","route_type":"109","vehicle_ty":"109","route_url":"https://www.vr.fi/cs/vr/fi/paakaupunkiseudun_lahiliikenne","shape_id":"3002L_20230925_2"},"geometry":{"type":"Point","coordinates":[24.921303,60.207587]}},{"type":"Feature","properties":{"FID":14439,"route_vari":"3002L_2","route_id":"3002L","direction_":1,"stop_seque":18,"stop_id":"1174552","stop_code":"H0092","stop_heads":"Helsinki","stop_name":"Pasila","stop_desc":"Ratapihantie 6","zone_id":"A","stop_url":"http://aikataulut.hsl.fi/pysakit/fi/1174552.html","location_t":0,"parent_sta":"1000202","wheelchair":1,"route_shor":"L","route_long":"Helsinki-Kirkkonummi","route_type":"109","vehicle_ty":"109","route_url":"https://www.vr.fi/cs/vr/fi/paakaupunkiseudun_lahiliikenne","shape_id":"3002L_20230925_2"},"geometry":{"type":"Point","coordinates":[24.932381,60.199449]}},{"type":"Feature","properties":{"FID":14440,"route_vari":"3002L_2","route_id":"3002L","direction_":1,"stop_seque":19,"stop_id":"1020552","stop_code":"H0065","stop_heads":" ","stop_name":"Helsinki","stop_desc":"Kaivokatu","zone_id":"A","stop_url":"http://aikataulut.hsl.fi/pysakit/fi/1020552.html","location_t":0,"parent_sta":"1000201","wheelchair":1,"route_shor":"L","route_long":"Helsinki-Kirkkonummi","route_type":"109","vehicle_ty":"109","route_url":"https://www.vr.fi/cs/vr/fi/paakaupunkiseudun_lahiliikenne","shape_id":"3002L_20230925_2"},"geometry":{"type":"Point","coordinates":[24.939595,60.172725]}},{"type":"Feature","properties":{"FID":14441,"route_vari":"3002L_3","route_id":"3002L","direction_":0,"stop_seque":1,"stop_id":"1020502","stop_code":"H0064","stop_heads":"Siuntio via Kirkkonummi","stop_name":"Helsinki","stop_desc":"Kaivokatu 1","zone_id":"A","stop_url":"http://aikataulut.hsl.fi/pysakit/fi/1020502.html","location_t":0,"parent_sta":"1000201","wheelchair":1,"route_shor":"L","route_long":"Helsinki-Kirkkonummi","route_type":"109","vehicle_ty":"109","route_url":"https://www.vr.fi/cs/vr/fi/paakaupunkiseudun_lahiliikenne","shape_id":"3002L7_20230925_1"},"geometry":{"type":"Point","coordinates":[24.939911,60.17272]}},{"type":"Feature","properties":{"FID":14442,"route_vari":"3002L_3","route_id":"3002L","direction_":0,"stop_seque":2,"stop_id":"1174502","stop_code":"H0093","stop_heads":"Siuntio via Kirkkonummi","stop_name":"Pasila","stop_desc":"Ratapihantie 6","zone_id":"A","stop_url":"http://aikataulut.hsl.fi/pysakit/fi/1174502.html","location_t":0,"parent_sta":"1000202","wheelchair":1,"route_shor":"L","route_long":"Helsinki-Kirkkonummi","route_type":"109","vehicle_ty":"109","route_url":"https://www.vr.fi/cs/vr/fi/paakaupunkiseudun_lahiliikenne","shape_id":"3002L7_20230925_1"},"geometry":{"type":"Point","coordinates":[24.93212,60.19941]}},{"type":"Feature","properties":{"FID":14443,"route_vari":"3002L_3","route_id":"3002L","direction_":0,"stop_seque":3,"stop_id":"1172503","stop_code":"H0078","stop_heads":"Siuntio via Kirkkonummi","stop_name":"Ilmala","stop_desc":"Televisiokatu 9","zone_id":"A","stop_url":"http://aikataulut.hsl.fi/pysakit/fi/1172503.html","location_t":0,"parent_sta":"1000203","wheelchair":1,"route_shor":"L","route_long":"Helsinki-Kirkkonummi","route_type":"109","vehicle_ty":"109","route_url":"https://www.vr.fi/cs/vr/fi/paakaupunkiseudun_lahiliikenne","shape_id":"3002L7_20230925_1"},"geometry":{"type":"Point","coordinates":[24.92104,60.20765]}},{"type":"Feature","properties":{"FID":14444,"route_vari":"3002L_3","route_id":"3002L","direction_":0,"stop_seque":4,"stop_id":"1291502","stop_code":"H0079","stop_heads":"Siuntio via Kirkkonummi","stop_name":"Huopalahti","stop_desc":"Kylätie 25","zone_id":"B","stop_url":"http://aikataulut.hsl.fi/pysakit/fi/1291502.html","location_t":0,"parent_sta":"1000204","wheelchair":1,"route_shor":"L","route_long":"Helsinki-Kirkkonummi","route_type":"109","vehicle_ty":"109","route_url":"https://www.vr.fi/cs/vr/fi/paakaupunkiseudun_lahiliikenne","shape_id":"3002L7_20230925_1"},"geometry":{"type":"Point","coordinates":[24.893404,60.218249]}},{"type":"Feature","properties":{"FID":14445,"route_vari":"3002L_3","route_id":"3002L","direction_":0,"stop_seque":5,"stop_id":"1465501","stop_code":"H0080","stop_heads":"Siuntio via Kirkkonummi","stop_name":"Valimo","stop_desc":"Valimopolku 3","zone_id":"B","stop_url":"http://aikataulut.hsl.fi/pysakit/fi/1465501.html","location_t":0,"parent_sta":"1000205","wheelchair":1,"route_shor":"L","route_long":"Helsinki-Kirkkonummi","route_type":"109","vehicle_ty":"109","route_url":"https://www.vr.fi/cs/vr/fi/paakaupunkiseudun_lahiliikenne","shape_id":"3002L7_20230925_1"},"geometry":{"type":"Point","coordinates":[24.876422,60.222016]}},{"type":"Feature","properties":{"FID":14446,"route_vari":"3002L_3","route_id":"3002L","direction_":0,"stop_seque":6,"stop_id":"1465502","stop_code":"H0081","stop_heads":"Siuntio via Kirkkonummi","stop_name":"Pitäjänmäki","stop_desc":"Pitäjänmäentie 40","zone_id":"B","stop_url":"http://aikataulut.hsl.fi/pysakit/fi/1465502.html","location_t":0,"parent_sta":"1000206","wheelchair":1,"route_shor":"L","route_long":"Helsinki-Kirkkonummi","route_type":"109","vehicle_ty":"109","route_url":"https://www.vr.fi/cs/vr/fi/paakaupunkiseudun_lahiliikenne","shape_id":"3002L7_20230925_1"},"geometry":{"type":"Point","coordinates":[24.860563,60.223186]}},{"type":"Feature","properties":{"FID":14447,"route_vari":"3002L_3","route_id":"3002L","direction_":0,"stop_seque":7,"stop_id":"2118501","stop_code":"E1171","stop_heads":"Siuntio via Kirkkonummi","stop_name":"Mäkkylä","stop_desc":"Turuntie 12","zone_id":"B","stop_url":"http://aikataulut.hsl.fi/pysakit/fi/2118501.html","location_t":0,"parent_sta":"2000201","wheelchair":1,"route_shor":"L","route_long":"Helsinki-Kirkkonummi","route_type":"109","vehicle_ty":"109","route_url":"https://www.vr.fi/cs/vr/fi/paakaupunkiseudun_lahiliikenne","shape_id":"3002L7_20230925_1"},"geometry":{"type":"Point","coordinates":[24.842604,60.221206]}},{"type":"Feature","properties":{"FID":14448,"route_vari":"3002L_3","route_id":"3002L","direction_":0,"stop_seque":8,"stop_id":"2111503","stop_code":"E1059","stop_heads":"Siuntio via Kirkkonummi","stop_name":"Leppävaara","stop_desc":"Leppävaaranaukio","zone_id":"B","stop_url":"http://aikataulut.hsl.fi/pysakit/fi/2111503.html","location_t":0,"parent_sta":"2000202","wheelchair":1,"route_shor":"L","route_long":"Helsinki-Kirkkonummi","route_type":"109","vehicle_ty":"109","route_url":"https://www.vr.fi/cs/vr/fi/paakaupunkiseudun_lahiliikenne","shape_id":"3002L7_20230925_1"},"geometry":{"type":"Point","coordinates":[24.813239,60.219361]}},{"type":"Feature","properties":{"FID":14449,"route_vari":"3002L_3","route_id":"3002L","direction_":0,"stop_seque":9,"stop_id":"2131501","stop_code":"E1330","stop_heads":"Siuntio via Kirkkonummi","stop_name":"Kilo","stop_desc":"Lansanpurontie 4","zone_id":"B","stop_url":"http://aikataulut.hsl.fi/pysakit/fi/2131501.html","location_t":0,"parent_sta":"2000211","wheelchair":1,"route_shor":"L","route_long":"Helsinki-Kirkkonummi","route_type":"109","vehicle_ty":"109","route_url":"https://www.vr.fi/cs/vr/fi/paakaupunkiseudun_lahiliikenne","shape_id":"3002L7_20230925_1"},"geometry":{"type":"Point","coordinates":[24.783249,60.218057]}},{"type":"Feature","properties":{"FID":14450,"route_vari":"3002L_3","route_id":"3002L","direction_":0,"stop_seque":10,"stop_id":"2132502","stop_code":"E1832","stop_heads":"Siuntio via Kirkkonummi","stop_name":"Kera","stop_desc":"Kutojantie 17","zone_id":"B","stop_url":"http://aikataulut.hsl.fi/pysakit/fi/2132502.html","location_t":0,"parent_sta":"2000204","wheelchair":2,"route_shor":"L","route_long":"Helsinki-Kirkkonummi","route_type":"109","vehicle_ty":"109","route_url":"https://www.vr.fi/cs/vr/fi/paakaupunkiseudun_lahiliikenne","shape_id":"3002L7_20230925_1"},"geometry":{"type":"Point","coordinates":[24.75359,60.216041]}},{"type":"Feature","properties":{"FID":14451,"route_vari":"3002L_3","route_id":"3002L","direction_":0,"stop_seque":11,"stop_id":"3010501","stop_code":"Ka0101","stop_heads":"Siuntio via Kirkkonummi","stop_name":"Kauniainen","stop_desc":"Gresantie 17","zone_id":"B","stop_url":"http://aikataulut.hsl.fi/pysakit/fi/3010501.html","location_t":0,"parent_sta":"2000205","wheelchair":2,"route_shor":"L","route_long":"Helsinki-Kirkkonummi","route_type":"109","vehicle_ty":"109","route_url":"https://www.vr.fi/cs/vr/fi/paakaupunkiseudun_lahiliikenne","shape_id":"3002L7_20230925_1"},"geometry":{"type":"Point","coordinates":[24.732502,60.212003]}},{"type":"Feature","properties":{"FID":14452,"route_vari":"3002L_3","route_id":"3002L","direction_":0,"stop_seque":12,"stop_id":"2161501","stop_code":"E1606","stop_heads":"Siuntio via Kirkkonummi","stop_name":"Koivuhovi","stop_desc":"Ullanmäentie 2","zone_id":"B","stop_url":"http://aikataulut.hsl.fi/pysakit/fi/2161501.html","location_t":0,"parent_sta":"2000206","wheelchair":1,"route_shor":"L","route_long":"Helsinki-Kirkkonummi","route_type":"109","vehicle_ty":"109","route_url":"https://www.vr.fi/cs/vr/fi/paakaupunkiseudun_lahiliikenne","shape_id":"3002L7_20230925_1"},"geometry":{"type":"Point","coordinates":[24.703023,60.206972]}},{"type":"Feature","properties":{"FID":14453,"route_vari":"3002L_3","route_id":"3002L","direction_":0,"stop_seque":13,"stop_id":"2612501","stop_code":"E6059","stop_heads":"Siuntio via Kirkkonummi","stop_name":"Tuomarila","stop_desc":"Tuomarilantie 4","zone_id":"C","stop_url":"http://aikataulut.hsl.fi/pysakit/fi/2612501.html","location_t":0,"parent_sta":"2000207","wheelchair":1,"route_shor":"L","route_long":"Helsinki-Kirkkonummi","route_type":"109","vehicle_ty":"109","route_url":"https://www.vr.fi/cs/vr/fi/paakaupunkiseudun_lahiliikenne","shape_id":"3002L7_20230925_1"},"geometry":{"type":"Point","coordinates":[24.681368,60.20611]}},{"type":"Feature","properties":{"FID":14454,"route_vari":"3002L_3","route_id":"3002L","direction_":0,"stop_seque":14,"stop_id":"2611502","stop_code":"E6038","stop_heads":"Siuntio via Kirkkonummi","stop_name":"Espoo","stop_desc":"Espoonsilta","zone_id":"C","stop_url":"http://aikataulut.hsl.fi/pysakit/fi/2611502.html","location_t":0,"parent_sta":"2000208","wheelchair":1,"route_shor":"L","route_long":"Helsinki-Kirkkonummi","route_type":"109","vehicle_ty":"109","route_url":"https://www.vr.fi/cs/vr/fi/paakaupunkiseudun_lahiliikenne","shape_id":"3002L7_20230925_1"},"geometry":{"type":"Point","coordinates":[24.656384,60.205172]}},{"type":"Feature","properties":{"FID":14455,"route_vari":"3002L_3","route_id":"3002L","direction_":0,"stop_seque":15,"stop_id":"2511501","stop_code":"E5141","stop_heads":"Siuntio via Kirkkonummi","stop_name":"Kauklahti","stop_desc":"Hansatie 3","zone_id":"C","stop_url":"http://aikataulut.hsl.fi/pysakit/fi/2511501.html","location_t":0,"parent_sta":"2000209","wheelchair":1,"route_shor":"L","route_long":"Helsinki-Kirkkonummi","route_type":"109","vehicle_ty":"109","route_url":"https://www.vr.fi/cs/vr/fi/paakaupunkiseudun_lahiliikenne","shape_id":"3002L7_20230925_1"},"geometry":{"type":"Point","coordinates":[24.599771,60.189296]}},{"type":"Feature","properties":{"FID":14456,"route_vari":"3002L_3","route_id":"3002L","direction_":0,"stop_seque":16,"stop_id":"6010503","stop_code":"Ki0103","stop_heads":"Siuntio via Kirkkonummi","stop_name":"Masala","stop_desc":"Junailijankuja 1","zone_id":"D","stop_url":"http://aikataulut.hsl.fi/pysakit/fi/6010503.html","location_t":0,"parent_sta":"6000202","wheelchair":1,"route_shor":"L","route_long":"Helsinki-Kirkkonummi","route_type":"109","vehicle_ty":"109","route_url":"https://www.vr.fi/cs/vr/fi/paakaupunkiseudun_lahiliikenne","shape_id":"3002L7_20230925_1"},"geometry":{"type":"Point","coordinates":[24.539098,60.158511]}},{"type":"Feature","properties":{"FID":14457,"route_vari":"3002L_3","route_id":"3002L","direction_":0,"stop_seque":17,"stop_id":"6010504","stop_code":"Ki0104","stop_heads":"Siuntio via Kirkkonummi","stop_name":"Jorvas","stop_desc":"Torhemintie","zone_id":"D","stop_url":"http://aikataulut.hsl.fi/pysakit/fi/6010504.html","location_t":0,"parent_sta":"6000203","wheelchair":1,"route_shor":"L","route_long":"Helsinki-Kirkkonummi","route_type":"109","vehicle_ty":"109","route_url":"https://www.vr.fi/cs/vr/fi/paakaupunkiseudun_lahiliikenne","shape_id":"3002L7_20230925_1"},"geometry":{"type":"Point","coordinates":[24.510766,60.137065]}},{"type":"Feature","properties":{"FID":14458,"route_vari":"3002L_3","route_id":"3002L","direction_":0,"stop_seque":18,"stop_id":"6010505","stop_code":"Ki0105","stop_heads":"Siuntio via Kirkkonummi","stop_name":"Tolsa","stop_desc":"Tolsantie 14","zone_id":"D","stop_url":"http://aikataulut.hsl.fi/pysakit/fi/6010505.html","location_t":0,"parent_sta":"6000204","wheelchair":1,"route_shor":"L","route_long":"Helsinki-Kirkkonummi","route_type":"109","vehicle_ty":"109","route_url":"https://www.vr.fi/cs/vr/fi/paakaupunkiseudun_lahiliikenne","shape_id":"3002L7_20230925_1"},"geometry":{"type":"Point","coordinates":[24.472725,60.118536]}},{"type":"Feature","properties":{"FID":14459,"route_vari":"3002L_3","route_id":"3002L","direction_":0,"stop_seque":19,"stop_id":"6010501","stop_code":"Ki0101","stop_heads":"Siuntio","stop_name":"Kirkkonummi","stop_desc":"Asemankaari 12","zone_id":"D","stop_url":"http://aikataulut.hsl.fi/pysakit/fi/6010501.html","location_t":0,"parent_sta":"6000205","wheelchair":1,"route_shor":"L","route_long":"Helsinki-Kirkkonummi","route_type":"109","vehicle_ty":"109","route_url":"https://www.vr.fi/cs/vr/fi/paakaupunkiseudun_lahiliikenne","shape_id":"3002L7_20230925_1"},"geometry":{"type":"Point","coordinates":[24.438926,60.11963]}},{"type":"Feature","properties":{"FID":14460,"route_vari":"3002L_3","route_id":"3002L","direction_":0,"stop_seque":20,"stop_id":"6010506","stop_code":"So0106","stop_heads":" ","stop_name":"Siuntio","stop_desc":"Ratapihantie","zone_id":"D","stop_url":"http://aikataulut.hsl.fi/pysakit/fi/6010506.html","location_t":0,"parent_sta":"6300299","wheelchair":1,"route_shor":"L","route_long":"Helsinki-Kirkkonummi","route_type":"109","vehicle_ty":"109","route_url":"https://www.vr.fi/cs/vr/fi/paakaupunkiseudun_lahiliikenne","shape_id":"3002L7_20230925_1"},"geometry":{"type":"Point","coordinates":[24.219418,60.140441]}},{"type":"Feature","properties":{"FID":14461,"route_vari":"3002P_1","route_id":"3002P","direction_":0,"stop_seque":1,"stop_id":"1020502","stop_code":"H0064","stop_heads":"Lentoasema via Myyrmäki","stop_name":"Helsinki","stop_desc":"Kaivokatu 1","zone_id":"A","stop_url":"http://aikataulut.hsl.fi/pysakit/fi/1020502.html","location_t":0,"parent_sta":"1000201","wheelchair":1,"route_shor":"P","route_long":"Helsinki-Helsinki","route_type":"109","vehicle_ty":"109","route_url":"https://www.vr.fi/cs/vr/fi/paakaupunkiseudun_lahiliikenne","shape_id":"3002P_20240708_1"},"geometry":{"type":"Point","coordinates":[24.939911,60.17272]}},{"type":"Feature","properties":{"FID":14462,"route_vari":"3002P_1","route_id":"3002P","direction_":0,"stop_seque":2,"stop_id":"1174502","stop_code":"H0093","stop_heads":"Myyrmäki-Lentoasema via Huopalahti","stop_name":"Pasila","stop_desc":"Ratapihantie 6","zone_id":"A","stop_url":"http://aikataulut.hsl.fi/pysakit/fi/1174502.html","location_t":0,"parent_sta":"1000202","wheelchair":1,"route_shor":"P","route_long":"Helsinki-Helsinki","route_type":"109","vehicle_ty":"109","route_url":"https://www.vr.fi/cs/vr/fi/paakaupunkiseudun_lahiliikenne","shape_id":"3002P_20240708_1"},"geometry":{"type":"Point","coordinates":[24.93212,60.19941]}},{"type":"Feature","properties":{"FID":14463,"route_vari":"3002P_1","route_id":"3002P","direction_":0,"stop_seque":3,"stop_id":"1172503","stop_code":"H0078","stop_heads":"Myyrmäki-Lentoasema via Huopalahti","stop_name":"Ilmala","stop_desc":"Televisiokatu 9","zone_id":"A","stop_url":"http://aikataulut.hsl.fi/pysakit/fi/1172503.html","location_t":0,"parent_sta":"1000203","wheelchair":1,"route_shor":"P","route_long":"Helsinki-Helsinki","route_type":"109","vehicle_ty":"109","route_url":"https://www.vr.fi/cs/vr/fi/paakaupunkiseudun_lahiliikenne","shape_id":"3002P_20240708_1"},"geometry":{"type":"Point","coordinates":[24.92104,60.20765]}},{"type":"Feature","properties":{"FID":14464,"route_vari":"3002P_1","route_id":"3002P","direction_":0,"stop_seque":4,"stop_id":"1291502","stop_code":"H0079","stop_heads":"Lentoasema-Tikkurila via Myyrmäki","stop_name":"Huopalahti","stop_desc":"Kylätie 25","zone_id":"B","stop_url":"http://aikataulut.hsl.fi/pysakit/fi/1291502.html","location_t":0,"parent_sta":"1000204","wheelchair":1,"route_shor":"P","route_long":"Helsinki-Helsinki","route_type":"109","vehicle_ty":"109","route_url":"https://www.vr.fi/cs/vr/fi/paakaupunkiseudun_lahiliikenne","shape_id":"3002P_20240708_1"},"geometry":{"type":"Point","coordinates":[24.893404,60.218249]}},{"type":"Feature","properties":{"FID":14465,"route_vari":"3002P_1","route_id":"3002P","direction_":0,"stop_seque":5,"stop_id":"1294552","stop_code":"H0082","stop_heads":"Lentoasema-Tikkurila via Myyrmäki","stop_name":"Pohjois-Haaga","stop_desc":"Kuparitie 3","zone_id":"B","stop_url":"http://aikataulut.hsl.fi/pysakit/fi/1294552.html","location_t":0,"parent_sta":"1000207","wheelchair":1,"route_shor":"P","route_long":"Helsinki-Helsinki","route_type":"109","vehicle_ty":"109","route_url":"https://www.vr.fi/cs/vr/fi/paakaupunkiseudun_lahiliikenne","shape_id":"3002P_20240708_1"},"geometry":{"type":"Point","coordinates":[24.883444,60.230293]}},{"type":"Feature","properties":{"FID":14466,"route_vari":"3002P_1","route_id":"3002P","direction_":0,"stop_seque":6,"stop_id":"1331551","stop_code":"H0083","stop_heads":"Lentoasema-Tikkurila via Myyrmäki","stop_name":"Kannelmäki","stop_desc":"Sitratori 2","zone_id":"B","stop_url":"http://aikataulut.hsl.fi/pysakit/fi/1331551.html","location_t":0,"parent_sta":"1000208","wheelchair":1,"route_shor":"P","route_long":"Helsinki-Helsinki","route_type":"109","vehicle_ty":"109","route_url":"https://www.vr.fi/cs/vr/fi/paakaupunkiseudun_lahiliikenne","shape_id":"3002P_20240708_1"},"geometry":{"type":"Point","coordinates":[24.877009,60.239537]}},{"type":"Feature","properties":{"FID":14467,"route_vari":"3002P_1","route_id":"3002P","direction_":0,"stop_seque":7,"stop_id":"1333552","stop_code":"H0084","stop_heads":"Lentoasema-Tikkurila via Myyrmäki","stop_name":"Malminkartano","stop_desc":"Luutnantintie","zone_id":"B","stop_url":"http://aikataulut.hsl.fi/pysakit/fi/1333552.html","location_t":0,"parent_sta":"1000215","wheelchair":1,"route_shor":"P","route_long":"Helsinki-Helsinki","route_type":"109","vehicle_ty":"109","route_url":"https://www.vr.fi/cs/vr/fi/paakaupunkiseudun_lahiliikenne","shape_id":"3002P_20240708_1"},"geometry":{"type":"Point","coordinates":[24.8611,60.249406]}},{"type":"Feature","properties":{"FID":14468,"route_vari":"3002P_1","route_id":"3002P","direction_":0,"stop_seque":8,"stop_id":"4150551","stop_code":"V0156","stop_heads":"Lentoasema-Tikkurila","stop_name":"Myyrmäki","stop_desc":"Jönsaksentie 6","zone_id":"B","stop_url":"http://aikataulut.hsl.fi/pysakit/fi/4150551.html","location_t":0,"parent_sta":"4000201","wheelchair":1,"route_shor":"P","route_long":"Helsinki-Helsinki","route_type":"109","vehicle_ty":"109","route_url":"https://www.vr.fi/cs/vr/fi/paakaupunkiseudun_lahiliikenne","shape_id":"3002P_20240708_1"},"geometry":{"type":"Point","coordinates":[24.854831,60.261913]}},{"type":"Feature","properties":{"FID":14469,"route_vari":"3002P_1","route_id":"3002P","direction_":0,"stop_seque":9,"stop_id":"4150552","stop_code":"V0157","stop_heads":"Lentoasema-Tikkurila","stop_name":"Louhela","stop_desc":"Patotie 1","zone_id":"B","stop_url":"http://aikataulut.hsl.fi/pysakit/fi/4150552.html","location_t":0,"parent_sta":"4000202","wheelchair":1,"route_shor":"P","route_long":"Helsinki-Helsinki","route_type":"109","vehicle_ty":"109","route_url":"https://www.vr.fi/cs/vr/fi/paakaupunkiseudun_lahiliikenne","shape_id":"3002P_20240708_1"},"geometry":{"type":"Point","coordinates":[24.853341,60.270594]}},{"type":"Feature","properties":{"FID":14470,"route_vari":"3002P_1","route_id":"3002P","direction_":0,"stop_seque":10,"stop_id":"4170551","stop_code":"V0176","stop_heads":"Lentoasema-Tikkurila","stop_name":"Martinlaakso","stop_desc":"Kivivuorentie 4","zone_id":"B","stop_url":"http://aikataulut.hsl.fi/pysakit/fi/4170551.html","location_t":0,"parent_sta":"4000203","wheelchair":1,"route_shor":"P","route_long":"Helsinki-Helsinki","route_type":"109","vehicle_ty":"109","route_url":"https://www.vr.fi/cs/vr/fi/paakaupunkiseudun_lahiliikenne","shape_id":"3002P_20240708_1"},"geometry":{"type":"Point","coordinates":[24.852827,60.27793]}},{"type":"Feature","properties":{"FID":14471,"route_vari":"3002P_1","route_id":"3002P","direction_":0,"stop_seque":11,"stop_id":"4170552","stop_code":"V0177","stop_heads":"Lentoasema-Tikkurila","stop_name":"Vantaankoski","stop_desc":"Kivivuorentie 16","zone_id":"B","stop_url":"http://aikataulut.hsl.fi/pysakit/fi/4170552.html","location_t":0,"parent_sta":"4000204","wheelchair":1,"route_shor":"P","route_long":"Helsinki-Helsinki","route_type":"109","vehicle_ty":"109","route_url":"https://www.vr.fi/cs/vr/fi/paakaupunkiseudun_lahiliikenne","shape_id":"3002P_20240708_1"},"geometry":{"type":"Point","coordinates":[24.848043,60.285805]}},{"type":"Feature","properties":{"FID":14472,"route_vari":"3002P_1","route_id":"3002P","direction_":0,"stop_seque":12,"stop_id":"4250551","stop_code":"V0256","stop_heads":"Lentoasema-Tikkurila","stop_name":"Vehkala","stop_desc":"Härkähaantie 13","zone_id":"C","stop_url":"http://aikataulut.hsl.fi/pysakit/fi/4250551.html","location_t":0,"parent_sta":"4000210","wheelchair":1,"route_shor":"P","route_long":"Helsinki-Helsinki","route_type":"109","vehicle_ty":"109","route_url":"https://www.vr.fi/cs/vr/fi/paakaupunkiseudun_lahiliikenne","shape_id":"3002P_20240708_1"},"geometry":{"type":"Point","coordinates":[24.843662,60.295392]}},{"type":"Feature","properties":{"FID":14473,"route_vari":"3002P_1","route_id":"3002P","direction_":0,"stop_seque":13,"stop_id":"4230551","stop_code":"V0236","stop_heads":"Lentoasema-Tikkurila","stop_name":"Kivistö","stop_desc":"Keimolantie 10","zone_id":"C","stop_url":"http://aikataulut.hsl.fi/pysakit/fi/4230551.html","location_t":0,"parent_sta":"4000211","wheelchair":1,"route_shor":"P","route_long":"Helsinki-Helsinki","route_type":"109","vehicle_ty":"109","route_url":"https://www.vr.fi/cs/vr/fi/paakaupunkiseudun_lahiliikenne","shape_id":"3002P_20240708_1"},"geometry":{"type":"Point","coordinates":[24.846393,60.314314]}},{"type":"Feature","properties":{"FID":14474,"route_vari":"3002P_1","route_id":"3002P","direction_":0,"stop_seque":14,"stop_id":"4520551","stop_code":"V0526","stop_heads":"Lentoasema-Tikkurila","stop_name":"Aviapolis","stop_desc":"Aviabulevardi 2","zone_id":"C","stop_url":"http://aikataulut.hsl.fi/pysakit/fi/4520551.html","location_t":0,"parent_sta":"4000212","wheelchair":1,"route_shor":"P","route_long":"Helsinki-Helsinki","route_type":"109","vehicle_ty":"109","route_url":"https://www.vr.fi/cs/vr/fi/paakaupunkiseudun_lahiliikenne","shape_id":"3002P_20240708_1"},"geometry":{"type":"Point","coordinates":[24.956341,60.304331]}},{"type":"Feature","properties":{"FID":14475,"route_vari":"3002P_1","route_id":"3002P","direction_":0,"stop_seque":15,"stop_id":"4530501","stop_code":"V0531","stop_heads":"Helsinki via Tikkurila","stop_name":"Lentoasema","stop_desc":"Teletie 6","zone_id":"C","stop_url":"http://aikataulut.hsl.fi/pysakit/fi/4530501.html","location_t":0,"parent_sta":"4000213","wheelchair":1,"route_shor":"P","route_long":"Helsinki-Helsinki","route_type":"109","vehicle_ty":"109","route_url":"https://www.vr.fi/cs/vr/fi/paakaupunkiseudun_lahiliikenne","shape_id":"3002P_20240708_1"},"geometry":{"type":"Point","coordinates":[24.968607,60.315759]}},{"type":"Feature","properties":{"FID":14476,"route_vari":"3002P_1","route_id":"3002P","direction_":0,"stop_seque":16,"stop_id":"4700501","stop_code":"V0701","stop_heads":"Helsinki via Tikkurila","stop_name":"Leinelä","stop_desc":"Koivukylänväylä 54","zone_id":"C","stop_url":"http://aikataulut.hsl.fi/pysakit/fi/4700501.html","location_t":0,"parent_sta":"4000214","wheelchair":1,"route_shor":"P","route_long":"Helsinki-Helsinki","route_type":"109","vehicle_ty":"109","route_url":"https://www.vr.fi/cs/vr/fi/paakaupunkiseudun_lahiliikenne","shape_id":"3002P_20240708_1"},"geometry":{"type":"Point","coordinates":[25.037923,60.322975]}},{"type":"Feature","properties":{"FID":14477,"route_vari":"3002P_1","route_id":"3002P","direction_":0,"stop_seque":17,"stop_id":"4600551","stop_code":"V0606","stop_heads":"Helsinki via Tikkurila","stop_name":"Hiekkaharju","stop_desc":"Urheilutie 29","zone_id":"C","stop_url":"http://aikataulut.hsl.fi/pysakit/fi/4600551.html","location_t":0,"parent_sta":"4000206","wheelchair":1,"route_shor":"P","route_long":"Helsinki-Helsinki","route_type":"109","vehicle_ty":"109","route_url":"https://www.vr.fi/cs/vr/fi/paakaupunkiseudun_lahiliikenne","shape_id":"3002P_20240708_1"},"geometry":{"type":"Point","coordinates":[25.049019,60.303266]}},{"type":"Feature","properties":{"FID":14478,"route_vari":"3002P_1","route_id":"3002P","direction_":0,"stop_seque":18,"stop_id":"4610551","stop_code":"V0617","stop_heads":"Helsinki via Malmi","stop_name":"Tikkurila","stop_desc":"Ratatie 11","zone_id":"C","stop_url":"http://aikataulut.hsl.fi/pysakit/fi/4610551.html","location_t":0,"parent_sta":"4000205","wheelchair":1,"route_shor":"P","route_long":"Helsinki-Helsinki","route_type":"109","vehicle_ty":"109","route_url":"https://www.vr.fi/cs/vr/fi/paakaupunkiseudun_lahiliikenne","shape_id":"3002P_20240708_1"},"geometry":{"type":"Point","coordinates":[25.044898,60.29259]}},{"type":"Feature","properties":{"FID":14479,"route_vari":"3002P_1","route_id":"3002P","direction_":0,"stop_seque":19,"stop_id":"1411551","stop_code":"H0077","stop_heads":"Helsinki via Malmi","stop_name":"Puistola","stop_desc":"Tapuliaukio","zone_id":"B","stop_url":"http://aikataulut.hsl.fi/pysakit/fi/1411551.html","location_t":0,"parent_sta":"1000214","wheelchair":1,"route_shor":"P","route_long":"Helsinki-Helsinki","route_type":"109","vehicle_ty":"109","route_url":"https://www.vr.fi/cs/vr/fi/paakaupunkiseudun_lahiliikenne","shape_id":"3002P_20240708_1"},"geometry":{"type":"Point","coordinates":[25.036812,60.276015]}},{"type":"Feature","properties":{"FID":14480,"route_vari":"3002P_1","route_id":"3002P","direction_":0,"stop_seque":20,"stop_id":"1392551","stop_code":"H0076","stop_heads":"Helsinki via Malmi","stop_name":"Tapanila","stop_desc":"Sammaltori","zone_id":"B","stop_url":"http://aikataulut.hsl.fi/pysakit/fi/1392551.html","location_t":0,"parent_sta":"1000213","wheelchair":1,"route_shor":"P","route_long":"Helsinki-Helsinki","route_type":"109","vehicle_ty":"109","route_url":"https://www.vr.fi/cs/vr/fi/paakaupunkiseudun_lahiliikenne","shape_id":"3002P_20240708_1"},"geometry":{"type":"Point","coordinates":[25.028626,60.262443]}},{"type":"Feature","properties":{"FID":14481,"route_vari":"3002P_1","route_id":"3002P","direction_":0,"stop_seque":21,"stop_id":"1382551","stop_code":"H0075","stop_heads":"Helsinki via Pukinmäki","stop_name":"Malmi","stop_desc":"Malminkaari 4","zone_id":"B","stop_url":"http://aikataulut.hsl.fi/pysakit/fi/1382551.html","location_t":0,"parent_sta":"1000212","wheelchair":1,"route_shor":"P","route_long":"Helsinki-Helsinki","route_type":"109","vehicle_ty":"109","route_url":"https://www.vr.fi/cs/vr/fi/paakaupunkiseudun_lahiliikenne","shape_id":"3002P_20240708_1"},"geometry":{"type":"Point","coordinates":[25.010811,60.250924]}},{"type":"Feature","properties":{"FID":14482,"route_vari":"3002P_1","route_id":"3002P","direction_":0,"stop_seque":22,"stop_id":"1370551","stop_code":"H0074","stop_heads":"Helsinki via Oulunkylä","stop_name":"Pukinmäki","stop_desc":"Pukinmäen aukio","zone_id":"B","stop_url":"http://aikataulut.hsl.fi/pysakit/fi/1370551.html","location_t":0,"parent_sta":"1000211","wheelchair":1,"route_shor":"P","route_long":"Helsinki-Helsinki","route_type":"109","vehicle_ty":"109","route_url":"https://www.vr.fi/cs/vr/fi/paakaupunkiseudun_lahiliikenne","shape_id":"3002P_20240708_1"},"geometry":{"type":"Point","coordinates":[24.993883,60.242231]}},{"type":"Feature","properties":{"FID":14483,"route_vari":"3002P_1","route_id":"3002P","direction_":0,"stop_seque":23,"stop_id":"1285551","stop_code":"H0073","stop_heads":"Helsinki","stop_name":"Oulunkylä","stop_desc":"Oulunkylän tori 2 a","zone_id":"B","stop_url":"http://aikataulut.hsl.fi/pysakit/fi/1285551.html","location_t":0,"parent_sta":"1000210","wheelchair":1,"route_shor":"P","route_long":"Helsinki-Helsinki","route_type":"109","vehicle_ty":"109","route_url":"https://www.vr.fi/cs/vr/fi/paakaupunkiseudun_lahiliikenne","shape_id":"3002P_20240708_1"},"geometry":{"type":"Point","coordinates":[24.966519,60.228072]}},{"type":"Feature","properties":{"FID":14484,"route_vari":"3002P_1","route_id":"3002P","direction_":0,"stop_seque":24,"stop_id":"1250551","stop_code":"H0072","stop_heads":"Helsinki","stop_name":"Käpylä","stop_desc":"Panuntie 9","zone_id":"A","stop_url":"http://aikataulut.hsl.fi/pysakit/fi/1250551.html","location_t":0,"parent_sta":"1000209","wheelchair":1,"route_shor":"P","route_long":"Helsinki-Helsinki","route_type":"109","vehicle_ty":"109","route_url":"https://www.vr.fi/cs/vr/fi/paakaupunkiseudun_lahiliikenne","shape_id":"3002P_20240708_1"},"geometry":{"type":"Point","coordinates":[24.947051,60.220269]}},{"type":"Feature","properties":{"FID":14485,"route_vari":"3002P_1","route_id":"3002P","direction_":0,"stop_seque":25,"stop_id":"1174551","stop_code":"H0085","stop_heads":"Helsinki","stop_name":"Pasila","stop_desc":"Ratapihantie 6","zone_id":"A","stop_url":"http://aikataulut.hsl.fi/pysakit/fi/1174551.html","location_t":0,"parent_sta":"1000202","wheelchair":1,"route_shor":"P","route_long":"Helsinki-Helsinki","route_type":"109","vehicle_ty":"109","route_url":"https://www.vr.fi/cs/vr/fi/paakaupunkiseudun_lahiliikenne","shape_id":"3002P_20240708_1"},"geometry":{"type":"Point","coordinates":[24.933734,60.1996]}},{"type":"Feature","properties":{"FID":14486,"route_vari":"3002P_1","route_id":"3002P","direction_":0,"stop_seque":26,"stop_id":"1020553","stop_code":"H0061","stop_heads":" ","stop_name":"Helsinki","stop_desc":"Kaivokatu 1","zone_id":"A","stop_url":"http://aikataulut.hsl.fi/pysakit/fi/1020553.html","location_t":0,"parent_sta":"1000201","wheelchair":1,"route_shor":"P","route_long":"Helsinki-Helsinki","route_type":"109","vehicle_ty":"109","route_url":"https://www.vr.fi/cs/vr/fi/paakaupunkiseudun_lahiliikenne","shape_id":"3002P_20240708_1"},"geometry":{"type":"Point","coordinates":[24.941576,60.172987]}},{"type":"Feature","properties":{"FID":14487,"route_vari":"3002U_1","route_id":"3002U","direction_":0,"stop_seque":1,"stop_id":"1020502","stop_code":"H0064","stop_heads":"Kirkkonummi via Leppävaara","stop_name":"Helsinki","stop_desc":"Kaivokatu 1","zone_id":"A","stop_url":"http://aikataulut.hsl.fi/pysakit/fi/1020502.html","location_t":0,"parent_sta":"1000201","wheelchair":1,"route_shor":"U","route_long":"Helsinki-Kirkkonummi","route_type":"109","vehicle_ty":"109","route_url":"https://www.vr.fi/cs/vr/fi/paakaupunkiseudun_lahiliikenne","shape_id":"3002U_20250728_1"},"geometry":{"type":"Point","coordinates":[24.939911,60.17272]}},{"type":"Feature","properties":{"FID":14488,"route_vari":"3002U_1","route_id":"3002U","direction_":0,"stop_seque":2,"stop_id":"1174504","stop_code":"H0090","stop_heads":"Kirkkonummi via Leppävaara","stop_name":"Pasila","stop_desc":"Ratapihantie 6","zone_id":"A","stop_url":"http://aikataulut.hsl.fi/pysakit/fi/1174504.html","location_t":0,"parent_sta":"1000202","wheelchair":1,"route_shor":"U","route_long":"Helsinki-Kirkkonummi","route_type":"109","vehicle_ty":"109","route_url":"https://www.vr.fi/cs/vr/fi/paakaupunkiseudun_lahiliikenne","shape_id":"3002U_20250728_1"},"geometry":{"type":"Point","coordinates":[24.932706,60.199483]}},{"type":"Feature","properties":{"FID":14489,"route_vari":"3002U_1","route_id":"3002U","direction_":0,"stop_seque":3,"stop_id":"1291501","stop_code":"H0079","stop_heads":"Kirkkonummi via Leppävaara","stop_name":"Huopalahti","stop_desc":"Eliel Saarisen t 34","zone_id":"B","stop_url":"http://aikataulut.hsl.fi/pysakit/fi/1291501.html","location_t":0,"parent_sta":"1000204","wheelchair":1,"route_shor":"U","route_long":"Helsinki-Kirkkonummi","route_type":"109","vehicle_ty":"109","route_url":"https://www.vr.fi/cs/vr/fi/paakaupunkiseudun_lahiliikenne","shape_id":"3002U_20250728_1"},"geometry":{"type":"Point","coordinates":[24.893444,60.218387]}},{"type":"Feature","properties":{"FID":14490,"route_vari":"3002U_1","route_id":"3002U","direction_":0,"stop_seque":4,"stop_id":"2111502","stop_code":"E1057","stop_heads":"Kirkkonummi via Kauklahti","stop_name":"Leppävaara","stop_desc":"Leppävaaranaukio","zone_id":"B","stop_url":"http://aikataulut.hsl.fi/pysakit/fi/2111502.html","location_t":0,"parent_sta":"2000202","wheelchair":1,"route_shor":"U","route_long":"Helsinki-Kirkkonummi","route_type":"109","vehicle_ty":"109","route_url":"https://www.vr.fi/cs/vr/fi/paakaupunkiseudun_lahiliikenne","shape_id":"3002U_20250728_1"},"geometry":{"type":"Point","coordinates":[24.813242,60.219486]}},{"type":"Feature","properties":{"FID":14491,"route_vari":"3002U_1","route_id":"3002U","direction_":0,"stop_seque":5,"stop_id":"2131501","stop_code":"E1330","stop_heads":"Kirkkonummi via Kauklahti","stop_name":"Kilo","stop_desc":"Lansanpurontie 4","zone_id":"B","stop_url":"http://aikataulut.hsl.fi/pysakit/fi/2131501.html","location_t":0,"parent_sta":"2000211","wheelchair":1,"route_shor":"U","route_long":"Helsinki-Kirkkonummi","route_type":"109","vehicle_ty":"109","route_url":"https://www.vr.fi/cs/vr/fi/paakaupunkiseudun_lahiliikenne","shape_id":"3002U_20250728_1"},"geometry":{"type":"Point","coordinates":[24.783249,60.218057]}},{"type":"Feature","properties":{"FID":14492,"route_vari":"3002U_1","route_id":"3002U","direction_":0,"stop_seque":6,"stop_id":"2132502","stop_code":"E1832","stop_heads":"Kirkkonummi via Kauklahti","stop_name":"Kera","stop_desc":"Kutojantie 17","zone_id":"B","stop_url":"http://aikataulut.hsl.fi/pysakit/fi/2132502.html","location_t":0,"parent_sta":"2000204","wheelchair":2,"route_shor":"U","route_long":"Helsinki-Kirkkonummi","route_type":"109","vehicle_ty":"109","route_url":"https://www.vr.fi/cs/vr/fi/paakaupunkiseudun_lahiliikenne","shape_id":"3002U_20250728_1"},"geometry":{"type":"Point","coordinates":[24.75359,60.216041]}},{"type":"Feature","properties":{"FID":14493,"route_vari":"3002U_1","route_id":"3002U","direction_":0,"stop_seque":7,"stop_id":"3010501","stop_code":"Ka0101","stop_heads":"Kirkkonummi via Kauklahti","stop_name":"Kauniainen","stop_desc":"Gresantie 17","zone_id":"B","stop_url":"http://aikataulut.hsl.fi/pysakit/fi/3010501.html","location_t":0,"parent_sta":"2000205","wheelchair":2,"route_shor":"U","route_long":"Helsinki-Kirkkonummi","route_type":"109","vehicle_ty":"109","route_url":"https://www.vr.fi/cs/vr/fi/paakaupunkiseudun_lahiliikenne","shape_id":"3002U_20250728_1"},"geometry":{"type":"Point","coordinates":[24.732502,60.212003]}},{"type":"Feature","properties":{"FID":14494,"route_vari":"3002U_1","route_id":"3002U","direction_":0,"stop_seque":8,"stop_id":"2161501","stop_code":"E1606","stop_heads":"Kirkkonummi via Kauklahti","stop_name":"Koivuhovi","stop_desc":"Ullanmäentie 2","zone_id":"B","stop_url":"http://aikataulut.hsl.fi/pysakit/fi/2161501.html","location_t":0,"parent_sta":"2000206","wheelchair":1,"route_shor":"U","route_long":"Helsinki-Kirkkonummi","route_type":"109","vehicle_ty":"109","route_url":"https://www.vr.fi/cs/vr/fi/paakaupunkiseudun_lahiliikenne","shape_id":"3002U_20250728_1"},"geometry":{"type":"Point","coordinates":[24.703023,60.206972]}},{"type":"Feature","properties":{"FID":14495,"route_vari":"3002U_1","route_id":"3002U","direction_":0,"stop_seque":9,"stop_id":"2612501","stop_code":"E6059","stop_heads":"Kirkkonummi via Kauklahti","stop_name":"Tuomarila","stop_desc":"Tuomarilantie 4","zone_id":"C","stop_url":"http://aikataulut.hsl.fi/pysakit/fi/2612501.html","location_t":0,"parent_sta":"2000207","wheelchair":1,"route_shor":"U","route_long":"Helsinki-Kirkkonummi","route_type":"109","vehicle_ty":"109","route_url":"https://www.vr.fi/cs/vr/fi/paakaupunkiseudun_lahiliikenne","shape_id":"3002U_20250728_1"},"geometry":{"type":"Point","coordinates":[24.681368,60.20611]}},{"type":"Feature","properties":{"FID":14496,"route_vari":"3002U_1","route_id":"3002U","direction_":0,"stop_seque":10,"stop_id":"2611502","stop_code":"E6038","stop_heads":"Kirkkonummi via Kauklahti","stop_name":"Espoo","stop_desc":"Espoonsilta","zone_id":"C","stop_url":"http://aikataulut.hsl.fi/pysakit/fi/2611502.html","location_t":0,"parent_sta":"2000208","wheelchair":1,"route_shor":"U","route_long":"Helsinki-Kirkkonummi","route_type":"109","vehicle_ty":"109","route_url":"https://www.vr.fi/cs/vr/fi/paakaupunkiseudun_lahiliikenne","shape_id":"3002U_20250728_1"},"geometry":{"type":"Point","coordinates":[24.656384,60.205172]}},{"type":"Feature","properties":{"FID":14497,"route_vari":"3002U_1","route_id":"3002U","direction_":0,"stop_seque":11,"stop_id":"2511501","stop_code":"E5141","stop_heads":"Kirkkonummi","stop_name":"Kauklahti","stop_desc":"Hansatie 3","zone_id":"C","stop_url":"http://aikataulut.hsl.fi/pysakit/fi/2511501.html","location_t":0,"parent_sta":"2000209","wheelchair":1,"route_shor":"U","route_long":"Helsinki-Kirkkonummi","route_type":"109","vehicle_ty":"109","route_url":"https://www.vr.fi/cs/vr/fi/paakaupunkiseudun_lahiliikenne","shape_id":"3002U_20250728_1"},"geometry":{"type":"Point","coordinates":[24.599771,60.189296]}},{"type":"Feature","properties":{"FID":14498,"route_vari":"3002U_1","route_id":"3002U","direction_":0,"stop_seque":12,"stop_id":"6010503","stop_code":"Ki0103","stop_heads":"Kirkkonummi","stop_name":"Masala","stop_desc":"Junailijankuja 1","zone_id":"D","stop_url":"http://aikataulut.hsl.fi/pysakit/fi/6010503.html","location_t":0,"parent_sta":"6000202","wheelchair":1,"route_shor":"U","route_long":"Helsinki-Kirkkonummi","route_type":"109","vehicle_ty":"109","route_url":"https://www.vr.fi/cs/vr/fi/paakaupunkiseudun_lahiliikenne","shape_id":"3002U_20250728_1"},"geometry":{"type":"Point","coordinates":[24.539098,60.158511]}},{"type":"Feature","properties":{"FID":14499,"route_vari":"3002U_1","route_id":"3002U","direction_":0,"stop_seque":13,"stop_id":"6010504","stop_code":"Ki0104","stop_heads":"Kirkkonummi","stop_name":"Jorvas","stop_desc":"Torhemintie","zone_id":"D","stop_url":"http://aikataulut.hsl.fi/pysakit/fi/6010504.html","location_t":0,"parent_sta":"6000203","wheelchair":1,"route_shor":"U","route_long":"Helsinki-Kirkkonummi","route_type":"109","vehicle_ty":"109","route_url":"https://www.vr.fi/cs/vr/fi/paakaupunkiseudun_lahiliikenne","shape_id":"3002U_20250728_1"},"geometry":{"type":"Point","coordinates":[24.510766,60.137065]}},{"type":"Feature","properties":{"FID":14500,"route_vari":"3002U_1","route_id":"3002U","direction_":0,"stop_seque":14,"stop_id":"6010505","stop_code":"Ki0105","stop_heads":"Kirkkonummi","stop_name":"Tolsa","stop_desc":"Tolsantie 14","zone_id":"D","stop_url":"http://aikataulut.hsl.fi/pysakit/fi/6010505.html","location_t":0,"parent_sta":"6000204","wheelchair":1,"route_shor":"U","route_long":"Helsinki-Kirkkonummi","route_type":"109","vehicle_ty":"109","route_url":"https://www.vr.fi/cs/vr/fi/paakaupunkiseudun_lahiliikenne","shape_id":"3002U_20250728_1"},"geometry":{"type":"Point","coordinates":[24.472725,60.118536]}},{"type":"Feature","properties":{"FID":14501,"route_vari":"3002U_1","route_id":"3002U","direction_":0,"stop_seque":15,"stop_id":"6010501","stop_code":"Ki0101","stop_heads":" ","stop_name":"Kirkkonummi","stop_desc":"Asemankaari 12","zone_id":"D","stop_url":"http://aikataulut.hsl.fi/pysakit/fi/6010501.html","location_t":0,"parent_sta":"6000205","wheelchair":1,"route_shor":"U","route_long":"Helsinki-Kirkkonummi","route_type":"109","vehicle_ty":"109","route_url":"https://www.vr.fi/cs/vr/fi/paakaupunkiseudun_lahiliikenne","shape_id":"3002U_20250728_1"},"geometry":{"type":"Point","coordinates":[24.438926,60.11963]}},{"type":"Feature","properties":{"FID":14502,"route_vari":"3002U_2","route_id":"3002U","direction_":1,"stop_seque":1,"stop_id":"6010551","stop_code":"Ki0151","stop_heads":"Helsinki","stop_name":"Kirkkonummi","stop_desc":"Asemankaari 12","zone_id":"D","stop_url":"http://aikataulut.hsl.fi/pysakit/fi/6010551.html","location_t":0,"parent_sta":"6000205","wheelchair":1,"route_shor":"U","route_long":"Helsinki-Kirkkonummi","route_type":"109","vehicle_ty":"109","route_url":"https://www.vr.fi/cs/vr/fi/paakaupunkiseudun_lahiliikenne","shape_id":"3002U_20250728_2"},"geometry":{"type":"Point","coordinates":[24.438908,60.11963]}},{"type":"Feature","properties":{"FID":14503,"route_vari":"3002U_2","route_id":"3002U","direction_":1,"stop_seque":2,"stop_id":"6010555","stop_code":"Ki0155","stop_heads":"Helsinki","stop_name":"Tolsa","stop_desc":"Tolsantie 14","zone_id":"D","stop_url":"http://aikataulut.hsl.fi/pysakit/fi/6010555.html","location_t":0,"parent_sta":"6000204","wheelchair":1,"route_shor":"U","route_long":"Helsinki-Kirkkonummi","route_type":"109","vehicle_ty":"109","route_url":"https://www.vr.fi/cs/vr/fi/paakaupunkiseudun_lahiliikenne","shape_id":"3002U_20250728_2"},"geometry":{"type":"Point","coordinates":[24.472725,60.118536]}},{"type":"Feature","properties":{"FID":14504,"route_vari":"3002U_2","route_id":"3002U","direction_":1,"stop_seque":3,"stop_id":"6010554","stop_code":"Ki0154","stop_heads":"Helsinki","stop_name":"Jorvas","stop_desc":"Torhemintie","zone_id":"D","stop_url":"http://aikataulut.hsl.fi/pysakit/fi/6010554.html","location_t":0,"parent_sta":"6000203","wheelchair":1,"route_shor":"U","route_long":"Helsinki-Kirkkonummi","route_type":"109","vehicle_ty":"109","route_url":"https://www.vr.fi/cs/vr/fi/paakaupunkiseudun_lahiliikenne","shape_id":"3002U_20250728_2"},"geometry":{"type":"Point","coordinates":[24.511726,60.137394]}},{"type":"Feature","properties":{"FID":14505,"route_vari":"3002U_2","route_id":"3002U","direction_":1,"stop_seque":4,"stop_id":"6010553","stop_code":"Ki0153","stop_heads":"Helsinki","stop_name":"Masala","stop_desc":"Junailijankuja 1","zone_id":"D","stop_url":"http://aikataulut.hsl.fi/pysakit/fi/6010553.html","location_t":0,"parent_sta":"6000202","wheelchair":1,"route_shor":"U","route_long":"Helsinki-Kirkkonummi","route_type":"109","vehicle_ty":"109","route_url":"https://www.vr.fi/cs/vr/fi/paakaupunkiseudun_lahiliikenne","shape_id":"3002U_20250728_2"},"geometry":{"type":"Point","coordinates":[24.539116,60.158502]}},{"type":"Feature","properties":{"FID":14506,"route_vari":"3002U_2","route_id":"3002U","direction_":1,"stop_seque":5,"stop_id":"2511551","stop_code":"E5142","stop_heads":"Helsinki","stop_name":"Kauklahti","stop_desc":"Hansatie 3","zone_id":"C","stop_url":"http://aikataulut.hsl.fi/pysakit/fi/2511551.html","location_t":0,"parent_sta":"2000209","wheelchair":1,"route_shor":"U","route_long":"Helsinki-Kirkkonummi","route_type":"109","vehicle_ty":"109","route_url":"https://www.vr.fi/cs/vr/fi/paakaupunkiseudun_lahiliikenne","shape_id":"3002U_20250728_2"},"geometry":{"type":"Point","coordinates":[24.601031,60.189599]}},{"type":"Feature","properties":{"FID":14507,"route_vari":"3002U_2","route_id":"3002U","direction_":1,"stop_seque":6,"stop_id":"2611552","stop_code":"E6039","stop_heads":"Helsinki","stop_name":"Espoo","stop_desc":"Espoonsilta","zone_id":"C","stop_url":"http://aikataulut.hsl.fi/pysakit/fi/2611552.html","location_t":0,"parent_sta":"2000208","wheelchair":1,"route_shor":"U","route_long":"Helsinki-Kirkkonummi","route_type":"109","vehicle_ty":"109","route_url":"https://www.vr.fi/cs/vr/fi/paakaupunkiseudun_lahiliikenne","shape_id":"3002U_20250728_2"},"geometry":{"type":"Point","coordinates":[24.656446,60.205095]}},{"type":"Feature","properties":{"FID":14508,"route_vari":"3002U_2","route_id":"3002U","direction_":1,"stop_seque":7,"stop_id":"2612551","stop_code":"E6060","stop_heads":"Helsinki","stop_name":"Tuomarila","stop_desc":"Tuomarilantie 4","zone_id":"C","stop_url":"http://aikataulut.hsl.fi/pysakit/fi/2612551.html","location_t":0,"parent_sta":"2000207","wheelchair":1,"route_shor":"U","route_long":"Helsinki-Kirkkonummi","route_type":"109","vehicle_ty":"109","route_url":"https://www.vr.fi/cs/vr/fi/paakaupunkiseudun_lahiliikenne","shape_id":"3002U_20250728_2"},"geometry":{"type":"Point","coordinates":[24.681579,60.20601]}},{"type":"Feature","properties":{"FID":14509,"route_vari":"3002U_2","route_id":"3002U","direction_":1,"stop_seque":8,"stop_id":"2161551","stop_code":"E1607","stop_heads":"Helsinki","stop_name":"Koivuhovi","stop_desc":"Ullanmäentie 2","zone_id":"B","stop_url":"http://aikataulut.hsl.fi/pysakit/fi/2161551.html","location_t":0,"parent_sta":"2000206","wheelchair":1,"route_shor":"U","route_long":"Helsinki-Kirkkonummi","route_type":"109","vehicle_ty":"109","route_url":"https://www.vr.fi/cs/vr/fi/paakaupunkiseudun_lahiliikenne","shape_id":"3002U_20250728_2"},"geometry":{"type":"Point","coordinates":[24.702992,60.206903]}},{"type":"Feature","properties":{"FID":14510,"route_vari":"3002U_2","route_id":"3002U","direction_":1,"stop_seque":9,"stop_id":"3010551","stop_code":"Ka0151","stop_heads":"Helsinki","stop_name":"Kauniainen","stop_desc":"Gresantie 17","zone_id":"B","stop_url":"http://aikataulut.hsl.fi/pysakit/fi/3010551.html","location_t":0,"parent_sta":"2000205","wheelchair":2,"route_shor":"U","route_long":"Helsinki-Kirkkonummi","route_type":"109","vehicle_ty":"109","route_url":"https://www.vr.fi/cs/vr/fi/paakaupunkiseudun_lahiliikenne","shape_id":"3002U_20250728_2"},"geometry":{"type":"Point","coordinates":[24.732502,60.212003]}},{"type":"Feature","properties":{"FID":14511,"route_vari":"3002U_2","route_id":"3002U","direction_":1,"stop_seque":10,"stop_id":"2132552","stop_code":"E1833","stop_heads":"Helsinki","stop_name":"Kera","stop_desc":"Kutojantie 17","zone_id":"B","stop_url":"http://aikataulut.hsl.fi/pysakit/fi/2132552.html","location_t":0,"parent_sta":"2000204","wheelchair":2,"route_shor":"U","route_long":"Helsinki-Kirkkonummi","route_type":"109","vehicle_ty":"109","route_url":"https://www.vr.fi/cs/vr/fi/paakaupunkiseudun_lahiliikenne","shape_id":"3002U_20250728_2"},"geometry":{"type":"Point","coordinates":[24.75359,60.216041]}},{"type":"Feature","properties":{"FID":14512,"route_vari":"3002U_2","route_id":"3002U","direction_":1,"stop_seque":11,"stop_id":"2131551","stop_code":"E1331","stop_heads":"Helsinki","stop_name":"Kilo","stop_desc":"Lansanpurontie 4","zone_id":"B","stop_url":"http://aikataulut.hsl.fi/pysakit/fi/2131551.html","location_t":0,"parent_sta":"2000211","wheelchair":1,"route_shor":"U","route_long":"Helsinki-Kirkkonummi","route_type":"109","vehicle_ty":"109","route_url":"https://www.vr.fi/cs/vr/fi/paakaupunkiseudun_lahiliikenne","shape_id":"3002U_20250728_2"},"geometry":{"type":"Point","coordinates":[24.783293,60.217952]}},{"type":"Feature","properties":{"FID":14513,"route_vari":"3002U_2","route_id":"3002U","direction_":1,"stop_seque":12,"stop_id":"2111552","stop_code":"E1058","stop_heads":"Helsinki","stop_name":"Leppävaara","stop_desc":"Leppävaaranaukio","zone_id":"B","stop_url":"http://aikataulut.hsl.fi/pysakit/fi/2111552.html","location_t":0,"parent_sta":"2000202","wheelchair":1,"route_shor":"U","route_long":"Helsinki-Kirkkonummi","route_type":"109","vehicle_ty":"109","route_url":"https://www.vr.fi/cs/vr/fi/paakaupunkiseudun_lahiliikenne","shape_id":"3002U_20250728_2"},"geometry":{"type":"Point","coordinates":[24.813224,60.219477]}},{"type":"Feature","properties":{"FID":14514,"route_vari":"3002U_2","route_id":"3002U","direction_":1,"stop_seque":13,"stop_id":"1291551","stop_code":"H0079","stop_heads":"Helsinki","stop_name":"Huopalahti","stop_desc":"Kylätie 25","zone_id":"B","stop_url":"http://aikataulut.hsl.fi/pysakit/fi/1291551.html","location_t":0,"parent_sta":"1000204","wheelchair":1,"route_shor":"U","route_long":"Helsinki-Kirkkonummi","route_type":"109","vehicle_ty":"109","route_url":"https://www.vr.fi/cs/vr/fi/paakaupunkiseudun_lahiliikenne","shape_id":"3002U_20250728_2"},"geometry":{"type":"Point","coordinates":[24.893425,60.218369]}},{"type":"Feature","properties":{"FID":14515,"route_vari":"3002U_2","route_id":"3002U","direction_":1,"stop_seque":14,"stop_id":"1174554","stop_code":"H0091","stop_heads":"Helsinki","stop_name":"Pasila","stop_desc":"Ratapihantie 6","zone_id":"A","stop_url":"http://aikataulut.hsl.fi/pysakit/fi/1174554.html","location_t":0,"parent_sta":"1000202","wheelchair":1,"route_shor":"U","route_long":"Helsinki-Kirkkonummi","route_type":"109","vehicle_ty":"109","route_url":"https://www.vr.fi/cs/vr/fi/paakaupunkiseudun_lahiliikenne","shape_id":"3002U_20250728_2"},"geometry":{"type":"Point","coordinates":[24.932652,60.199474]}},{"type":"Feature","properties":{"FID":14516,"route_vari":"3002U_2","route_id":"3002U","direction_":1,"stop_seque":15,"stop_id":"1020552","stop_code":"H0065","stop_heads":" ","stop_name":"Helsinki","stop_desc":"Kaivokatu","zone_id":"A","stop_url":"http://aikataulut.hsl.fi/pysakit/fi/1020552.html","location_t":0,"parent_sta":"1000201","wheelchair":1,"route_shor":"U","route_long":"Helsinki-Kirkkonummi","route_type":"109","vehicle_ty":"109","route_url":"https://www.vr.fi/cs/vr/fi/paakaupunkiseudun_lahiliikenne","shape_id":"3002U_20250728_2"},"geometry":{"type":"Point","coordinates":[24.939595,60.172725]}},{"type":"Feature","properties":{"FID":14517,"route_vari":"3002Y_1","route_id":"3002Y","direction_":0,"stop_seque":1,"stop_id":"1020502","stop_code":"H0064","stop_heads":"Siuntio via Kirkkonummi","stop_name":"Helsinki","stop_desc":"Kaivokatu 1","zone_id":"A","stop_url":"http://aikataulut.hsl.fi/pysakit/fi/1020502.html","location_t":0,"parent_sta":"1000201","wheelchair":1,"route_shor":"Y","route_long":"Helsinki-Siuntio","route_type":"109","vehicle_ty":"109","route_url":"https://www.vr.fi/cs/vr/fi/paakaupunkiseudun_lahiliikenne","shape_id":"3002Y_20210328_1"},"geometry":{"type":"Point","coordinates":[24.939911,60.17272]}},{"type":"Feature","properties":{"FID":14518,"route_vari":"3002Y_1","route_id":"3002Y","direction_":0,"stop_seque":2,"stop_id":"1174504","stop_code":"H0090","stop_heads":"Siuntio via Kirkkonummi","stop_name":"Pasila","stop_desc":"Ratapihantie 6","zone_id":"A","stop_url":"http://aikataulut.hsl.fi/pysakit/fi/1174504.html","location_t":0,"parent_sta":"1000202","wheelchair":1,"route_shor":"Y","route_long":"Helsinki-Siuntio","route_type":"109","vehicle_ty":"109","route_url":"https://www.vr.fi/cs/vr/fi/paakaupunkiseudun_lahiliikenne","shape_id":"3002Y_20210328_1"},"geometry":{"type":"Point","coordinates":[24.932706,60.199483]}},{"type":"Feature","properties":{"FID":14519,"route_vari":"3002Y_1","route_id":"3002Y","direction_":0,"stop_seque":3,"stop_id":"1291501","stop_code":"H0079","stop_heads":"Siuntio via Kirkkonummi","stop_name":"Huopalahti","stop_desc":"Eliel Saarisen t 34","zone_id":"B","stop_url":"http://aikataulut.hsl.fi/pysakit/fi/1291501.html","location_t":0,"parent_sta":"1000204","wheelchair":1,"route_shor":"Y","route_long":"Helsinki-Siuntio","route_type":"109","vehicle_ty":"109","route_url":"https://www.vr.fi/cs/vr/fi/paakaupunkiseudun_lahiliikenne","shape_id":"3002Y_20210328_1"},"geometry":{"type":"Point","coordinates":[24.893444,60.218387]}},{"type":"Feature","properties":{"FID":14520,"route_vari":"3002Y_1","route_id":"3002Y","direction_":0,"stop_seque":4,"stop_id":"2111502","stop_code":"E1057","stop_heads":"Siuntio via Kirkkonummi","stop_name":"Leppävaara","stop_desc":"Leppävaaranaukio","zone_id":"B","stop_url":"http://aikataulut.hsl.fi/pysakit/fi/2111502.html","location_t":0,"parent_sta":"2000202","wheelchair":1,"route_shor":"Y","route_long":"Helsinki-Siuntio","route_type":"109","vehicle_ty":"109","route_url":"https://www.vr.fi/cs/vr/fi/paakaupunkiseudun_lahiliikenne","shape_id":"3002Y_20210328_1"},"geometry":{"type":"Point","coordinates":[24.813242,60.219486]}},{"type":"Feature","properties":{"FID":14521,"route_vari":"3002Y_1","route_id":"3002Y","direction_":0,"stop_seque":5,"stop_id":"2611502","stop_code":"E6038","stop_heads":"Siuntio via Kirkkonummi","stop_name":"Espoo","stop_desc":"Espoonsilta","zone_id":"C","stop_url":"http://aikataulut.hsl.fi/pysakit/fi/2611502.html","location_t":0,"parent_sta":"2000208","wheelchair":1,"route_shor":"Y","route_long":"Helsinki-Siuntio","route_type":"109","vehicle_ty":"109","route_url":"https://www.vr.fi/cs/vr/fi/paakaupunkiseudun_lahiliikenne","shape_id":"3002Y_20210328_1"},"geometry":{"type":"Point","coordinates":[24.656384,60.205172]}},{"type":"Feature","properties":{"FID":14522,"route_vari":"3002Y_1","route_id":"3002Y","direction_":0,"stop_seque":6,"stop_id":"2511501","stop_code":"E5141","stop_heads":"Siuntio via Kirkkonummi","stop_name":"Kauklahti","stop_desc":"Hansatie 3","zone_id":"C","stop_url":"http://aikataulut.hsl.fi/pysakit/fi/2511501.html","location_t":0,"parent_sta":"2000209","wheelchair":1,"route_shor":"Y","route_long":"Helsinki-Siuntio","route_type":"109","vehicle_ty":"109","route_url":"https://www.vr.fi/cs/vr/fi/paakaupunkiseudun_lahiliikenne","shape_id":"3002Y_20210328_1"},"geometry":{"type":"Point","coordinates":[24.599771,60.189296]}},{"type":"Feature","properties":{"FID":14523,"route_vari":"3002Y_1","route_id":"3002Y","direction_":0,"stop_seque":7,"stop_id":"6010503","stop_code":"Ki0103","stop_heads":"Siuntio via Kirkkonummi","stop_name":"Masala","stop_desc":"Junailijankuja 1","zone_id":"D","stop_url":"http://aikataulut.hsl.fi/pysakit/fi/6010503.html","location_t":0,"parent_sta":"6000202","wheelchair":1,"route_shor":"Y","route_long":"Helsinki-Siuntio","route_type":"109","vehicle_ty":"109","route_url":"https://www.vr.fi/cs/vr/fi/paakaupunkiseudun_lahiliikenne","shape_id":"3002Y_20210328_1"},"geometry":{"type":"Point","coordinates":[24.539098,60.158511]}},{"type":"Feature","properties":{"FID":14524,"route_vari":"3002Y_1","route_id":"3002Y","direction_":0,"stop_seque":8,"stop_id":"6010501","stop_code":"Ki0101","stop_heads":"Siuntio","stop_name":"Kirkkonummi","stop_desc":"Asemankaari 12","zone_id":"D","stop_url":"http://aikataulut.hsl.fi/pysakit/fi/6010501.html","location_t":0,"parent_sta":"6000205","wheelchair":1,"route_shor":"Y","route_long":"Helsinki-Siuntio","route_type":"109","vehicle_ty":"109","route_url":"https://www.vr.fi/cs/vr/fi/paakaupunkiseudun_lahiliikenne","shape_id":"3002Y_20210328_1"},"geometry":{"type":"Point","coordinates":[24.438926,60.11963]}},{"type":"Feature","properties":{"FID":14525,"route_vari":"3002Y_1","route_id":"3002Y","direction_":0,"stop_seque":9,"stop_id":"6010506","stop_code":"So0106","stop_heads":" ","stop_name":"Siuntio","stop_desc":"Ratapihantie","zone_id":"D","stop_url":"http://aikataulut.hsl.fi/pysakit/fi/6010506.html","location_t":0,"parent_sta":"6300299","wheelchair":1,"route_shor":"Y","route_long":"Helsinki-Siuntio","route_type":"109","vehicle_ty":"109","route_url":"https://www.vr.fi/cs/vr/fi/paakaupunkiseudun_lahiliikenne","shape_id":"3002Y_20210328_1"},"geometry":{"type":"Point","coordinates":[24.219418,60.140441]}},{"type":"Feature","properties":{"FID":14526,"route_vari":"3002Y_2","route_id":"3002Y","direction_":1,"stop_seque":1,"stop_id":"6010556","stop_code":"So0156","stop_heads":"Helsinki","stop_name":"Siuntio","stop_desc":"Ratapihantie","zone_id":"D","stop_url":"http://aikataulut.hsl.fi/pysakit/fi/6010556.html","location_t":0,"parent_sta":"6300299","wheelchair":1,"route_shor":"Y","route_long":"Helsinki-Siuntio","route_type":"109","vehicle_ty":"109","route_url":"https://www.vr.fi/cs/vr/fi/paakaupunkiseudun_lahiliikenne","shape_id":"3002Y_20210328_2"},"geometry":{"type":"Point","coordinates":[24.2194,60.140423]}},{"type":"Feature","properties":{"FID":14527,"route_vari":"3002Y_2","route_id":"3002Y","direction_":1,"stop_seque":2,"stop_id":"6010551","stop_code":"Ki0151","stop_heads":"Helsinki","stop_name":"Kirkkonummi","stop_desc":"Asemankaari 12","zone_id":"D","stop_url":"http://aikataulut.hsl.fi/pysakit/fi/6010551.html","location_t":0,"parent_sta":"6000205","wheelchair":1,"route_shor":"Y","route_long":"Helsinki-Siuntio","route_type":"109","vehicle_ty":"109","route_url":"https://www.vr.fi/cs/vr/fi/paakaupunkiseudun_lahiliikenne","shape_id":"3002Y_20210328_2"},"geometry":{"type":"Point","coordinates":[24.438908,60.11963]}},{"type":"Feature","properties":{"FID":14528,"route_vari":"3002Y_2","route_id":"3002Y","direction_":1,"stop_seque":3,"stop_id":"6010553","stop_code":"Ki0153","stop_heads":"Helsinki","stop_name":"Masala","stop_desc":"Junailijankuja 1","zone_id":"D","stop_url":"http://aikataulut.hsl.fi/pysakit/fi/6010553.html","location_t":0,"parent_sta":"6000202","wheelchair":1,"route_shor":"Y","route_long":"Helsinki-Siuntio","route_type":"109","vehicle_ty":"109","route_url":"https://www.vr.fi/cs/vr/fi/paakaupunkiseudun_lahiliikenne","shape_id":"3002Y_20210328_2"},"geometry":{"type":"Point","coordinates":[24.539116,60.158502]}},{"type":"Feature","properties":{"FID":14529,"route_vari":"3002Y_2","route_id":"3002Y","direction_":1,"stop_seque":4,"stop_id":"2511551","stop_code":"E5142","stop_heads":"Helsinki","stop_name":"Kauklahti","stop_desc":"Hansatie 3","zone_id":"C","stop_url":"http://aikataulut.hsl.fi/pysakit/fi/2511551.html","location_t":0,"parent_sta":"2000209","wheelchair":1,"route_shor":"Y","route_long":"Helsinki-Siuntio","route_type":"109","vehicle_ty":"109","route_url":"https://www.vr.fi/cs/vr/fi/paakaupunkiseudun_lahiliikenne","shape_id":"3002Y_20210328_2"},"geometry":{"type":"Point","coordinates":[24.601031,60.189599]}},{"type":"Feature","properties":{"FID":14530,"route_vari":"3002Y_2","route_id":"3002Y","direction_":1,"stop_seque":5,"stop_id":"2611552","stop_code":"E6039","stop_heads":"Helsinki","stop_name":"Espoo","stop_desc":"Espoonsilta","zone_id":"C","stop_url":"http://aikataulut.hsl.fi/pysakit/fi/2611552.html","location_t":0,"parent_sta":"2000208","wheelchair":1,"route_shor":"Y","route_long":"Helsinki-Siuntio","route_type":"109","vehicle_ty":"109","route_url":"https://www.vr.fi/cs/vr/fi/paakaupunkiseudun_lahiliikenne","shape_id":"3002Y_20210328_2"},"geometry":{"type":"Point","coordinates":[24.656446,60.205095]}},{"type":"Feature","properties":{"FID":14531,"route_vari":"3002Y_2","route_id":"3002Y","direction_":1,"stop_seque":6,"stop_id":"2111552","stop_code":"E1058","stop_heads":"Helsinki","stop_name":"Leppävaara","stop_desc":"Leppävaaranaukio","zone_id":"B","stop_url":"http://aikataulut.hsl.fi/pysakit/fi/2111552.html","location_t":0,"parent_sta":"2000202","wheelchair":1,"route_shor":"Y","route_long":"Helsinki-Siuntio","route_type":"109","vehicle_ty":"109","route_url":"https://www.vr.fi/cs/vr/fi/paakaupunkiseudun_lahiliikenne","shape_id":"3002Y_20210328_2"},"geometry":{"type":"Point","coordinates":[24.813224,60.219477]}},{"type":"Feature","properties":{"FID":14532,"route_vari":"3002Y_2","route_id":"3002Y","direction_":1,"stop_seque":7,"stop_id":"1291551","stop_code":"H0079","stop_heads":"Helsinki","stop_name":"Huopalahti","stop_desc":"Kylätie 25","zone_id":"B","stop_url":"http://aikataulut.hsl.fi/pysakit/fi/1291551.html","location_t":0,"parent_sta":"1000204","wheelchair":1,"route_shor":"Y","route_long":"Helsinki-Siuntio","route_type":"109","vehicle_ty":"109","route_url":"https://www.vr.fi/cs/vr/fi/paakaupunkiseudun_lahiliikenne","shape_id":"3002Y_20210328_2"},"geometry":{"type":"Point","coordinates":[24.893425,60.218369]}},{"type":"Feature","properties":{"FID":14533,"route_vari":"3002Y_2","route_id":"3002Y","direction_":1,"stop_seque":8,"stop_id":"1174554","stop_code":"H0091","stop_heads":"Helsinki","stop_name":"Pasila","stop_desc":"Ratapihantie 6","zone_id":"A","stop_url":"http://aikataulut.hsl.fi/pysakit/fi/1174554.html","location_t":0,"parent_sta":"1000202","wheelchair":1,"route_shor":"Y","route_long":"Helsinki-Siuntio","route_type":"109","vehicle_ty":"109","route_url":"https://www.vr.fi/cs/vr/fi/paakaupunkiseudun_lahiliikenne","shape_id":"3002Y_20210328_2"},"geometry":{"type":"Point","coordinates":[24.932652,60.199474]}},{"type":"Feature","properties":{"FID":14534,"route_vari":"3002Y_2","route_id":"3002Y","direction_":1,"stop_seque":9,"stop_id":"1020552","stop_code":"H0065","stop_heads":" ","stop_name":"Helsinki","stop_desc":"Kaivokatu","zone_id":"A","stop_url":"http://aikataulut.hsl.fi/pysakit/fi/1020552.html","location_t":0,"parent_sta":"1000201","wheelchair":1,"route_shor":"Y","route_long":"Helsinki-Siuntio","route_type":"109","vehicle_ty":"109","route_url":"https://www.vr.fi/cs/vr/fi/paakaupunkiseudun_lahiliikenne","shape_id":"3002Y_20210328_2"},"geometry":{"type":"Point","coordinates":[24.939595,60.172725]}},{"type":"Feature","properties":{"FID":14535,"route_vari":"31M1_1","route_id":"31M1","direction_":0,"stop_seque":1,"stop_id":"2413601","stop_code":"E0021","stop_heads":"Vuosaari via Rautatientori","stop_name":"Kivenlahti","stop_desc":"Seitsenmerenreitti","zone_id":"C","stop_url":"http://aikataulut.hsl.fi/pysakit/fi/2413601.html","location_t":0,"parent_sta":"2000111","wheelchair":1,"route_shor":"M1","route_long":"Kivenlahti - Vuosaari","route_type":"1","vehicle_ty":"1","route_url":"http://aikataulut.hsl.fi/linjat/fi/bM1.html","shape_id":"31M1_20221203_1"},"geometry":{"type":"Point","coordinates":[24.6375,60.155101]}},{"type":"Feature","properties":{"FID":14536,"route_vari":"31M1_1","route_id":"31M1","direction_":0,"stop_seque":2,"stop_id":"2411601","stop_code":"E0019","stop_heads":"Vuosaari via Rautatientori","stop_name":"Espoonlahti","stop_desc":"Espoonlahdenkatu","zone_id":"C","stop_url":"http://aikataulut.hsl.fi/pysakit/fi/2411601.html","location_t":0,"parent_sta":"2000110","wheelchair":1,"route_shor":"M1","route_long":"Kivenlahti - Vuosaari","route_type":"1","vehicle_ty":"1","route_url":"http://aikataulut.hsl.fi/linjat/fi/bM1.html","shape_id":"31M1_20221203_1"},"geometry":{"type":"Point","coordinates":[24.653288,60.150075]}},{"type":"Feature","properties":{"FID":14537,"route_vari":"31M1_1","route_id":"31M1","direction_":0,"stop_seque":3,"stop_id":"2412601","stop_code":"E0017","stop_heads":"Vuosaari via Rautatientori","stop_name":"Soukka","stop_desc":"Soukantori","zone_id":"C","stop_url":"http://aikataulut.hsl.fi/pysakit/fi/2412601.html","location_t":0,"parent_sta":"2000109","wheelchair":1,"route_shor":"M1","route_long":"Kivenlahti - Vuosaari","route_type":"1","vehicle_ty":"1","route_url":"http://aikataulut.hsl.fi/linjat/fi/bM1.html","shape_id":"31M1_20221203_1"},"geometry":{"type":"Point","coordinates":[24.669851,60.141529]}},{"type":"Feature","properties":{"FID":14538,"route_vari":"31M1_1","route_id":"31M1","direction_":0,"stop_seque":4,"stop_id":"2441603","stop_code":"E0015","stop_heads":"Vuosaari via Rautatientori","stop_name":"Kaitaa","stop_desc":"Iivisniementie","zone_id":"C","stop_url":"http://aikataulut.hsl.fi/pysakit/fi/2441603.html","location_t":0,"parent_sta":"2000108","wheelchair":1,"route_shor":"M1","route_long":"Kivenlahti - Vuosaari","route_type":"1","vehicle_ty":"1","route_url":"http://aikataulut.hsl.fi/linjat/fi/bM1.html","shape_id":"31M1_20221203_1"},"geometry":{"type":"Point","coordinates":[24.691547,60.149839]}},{"type":"Feature","properties":{"FID":14539,"route_vari":"31M1_1","route_id":"31M1","direction_":0,"stop_seque":5,"stop_id":"2441601","stop_code":"E0013","stop_heads":"Vuosaari via Rautatientori","stop_name":"Finnoo","stop_desc":"Meritie","zone_id":"C","stop_url":"http://aikataulut.hsl.fi/pysakit/fi/2441601.html","location_t":0,"parent_sta":"2000107","wheelchair":1,"route_shor":"M1","route_long":"Kivenlahti - Vuosaari","route_type":"1","vehicle_ty":"1","route_url":"http://aikataulut.hsl.fi/linjat/fi/bM1.html","shape_id":"31M1_20221203_1"},"geometry":{"type":"Point","coordinates":[24.709391,60.152376]}},{"type":"Feature","properties":{"FID":14540,"route_vari":"31M1_1","route_id":"31M1","direction_":0,"stop_seque":6,"stop_id":"2314601","stop_code":"E0011","stop_heads":"Vuosaari via Rautatientori","stop_name":"Matinkylä","stop_desc":"Suomenlahdentie","zone_id":"B","stop_url":"http://aikataulut.hsl.fi/pysakit/fi/2314601.html","location_t":0,"parent_sta":"2000106","wheelchair":1,"route_shor":"M1","route_long":"Kivenlahti - Vuosaari","route_type":"1","vehicle_ty":"1","route_url":"http://aikataulut.hsl.fi/linjat/fi/bM1.html","shape_id":"31M1_20221203_1"},"geometry":{"type":"Point","coordinates":[24.739485,60.159788]}},{"type":"Feature","properties":{"FID":14541,"route_vari":"31M1_1","route_id":"31M1","direction_":0,"stop_seque":7,"stop_id":"2214603","stop_code":"E0009","stop_heads":"Vuosaari via Rautatientori","stop_name":"Niittykumpu","stop_desc":"Niittykatu 2","zone_id":"B","stop_url":"http://aikataulut.hsl.fi/pysakit/fi/2214603.html","location_t":0,"parent_sta":"2000105","wheelchair":1,"route_shor":"M1","route_long":"Kivenlahti - Vuosaari","route_type":"1","vehicle_ty":"1","route_url":"http://aikataulut.hsl.fi/linjat/fi/bM1.html","shape_id":"31M1_20221203_1"},"geometry":{"type":"Point","coordinates":[24.763266,60.170497]}},{"type":"Feature","properties":{"FID":14542,"route_vari":"31M1_1","route_id":"31M1","direction_":0,"stop_seque":8,"stop_id":"2214601","stop_code":"E0007","stop_heads":"Vuosaari via Rautatientori","stop_name":"Urheilupuisto","stop_desc":"Koivu-Mankkaan tie","zone_id":"B","stop_url":"http://aikataulut.hsl.fi/pysakit/fi/2214601.html","location_t":0,"parent_sta":"2000104","wheelchair":1,"route_shor":"M1","route_long":"Kivenlahti - Vuosaari","route_type":"1","vehicle_ty":"1","route_url":"http://aikataulut.hsl.fi/linjat/fi/bM1.html","shape_id":"31M1_20221203_1"},"geometry":{"type":"Point","coordinates":[24.780567,60.174588]}},{"type":"Feature","properties":{"FID":14543,"route_vari":"31M1_1","route_id":"31M1","direction_":0,"stop_seque":9,"stop_id":"2211601","stop_code":"E0005","stop_heads":"Vuosaari via Rautatientori","stop_name":"Tapiola","stop_desc":"Merituulentie 1","zone_id":"B","stop_url":"http://aikataulut.hsl.fi/pysakit/fi/2211601.html","location_t":0,"parent_sta":"2000103","wheelchair":1,"route_shor":"M1","route_long":"Kivenlahti - Vuosaari","route_type":"1","vehicle_ty":"1","route_url":"http://aikataulut.hsl.fi/linjat/fi/bM1.html","shape_id":"31M1_20221203_1"},"geometry":{"type":"Point","coordinates":[24.803463,60.175017]}},{"type":"Feature","properties":{"FID":14544,"route_vari":"31M1_1","route_id":"31M1","direction_":0,"stop_seque":10,"stop_id":"2222603","stop_code":"E0003","stop_heads":"Vuosaari via Rautatientori","stop_name":"Aalto-yliopisto (M)","stop_desc":"Otaniementie 12","zone_id":"B","stop_url":"http://aikataulut.hsl.fi/pysakit/fi/2222603.html","location_t":0,"parent_sta":"2000102","wheelchair":1,"route_shor":"M1","route_long":"Kivenlahti - Vuosaari","route_type":"1","vehicle_ty":"1","route_url":"http://aikataulut.hsl.fi/linjat/fi/bM1.html","shape_id":"31M1_20221203_1"},"geometry":{"type":"Point","coordinates":[24.823515,60.184516]}},{"type":"Feature","properties":{"FID":14545,"route_vari":"31M1_1","route_id":"31M1","direction_":0,"stop_seque":11,"stop_id":"2222601","stop_code":"E0001","stop_heads":"Vuosaari via Rautatientori","stop_name":"Keilaniemi","stop_desc":"Keilaniementie 3","zone_id":"B","stop_url":"http://aikataulut.hsl.fi/pysakit/fi/2222601.html","location_t":0,"parent_sta":"2000101","wheelchair":1,"route_shor":"M1","route_long":"Kivenlahti - Vuosaari","route_type":"1","vehicle_ty":"1","route_url":"http://aikataulut.hsl.fi/linjat/fi/bM1.html","shape_id":"31M1_20221203_1"},"geometry":{"type":"Point","coordinates":[24.82936,60.175405]}},{"type":"Feature","properties":{"FID":14546,"route_vari":"31M1_1","route_id":"31M1","direction_":0,"stop_seque":12,"stop_id":"1310603","stop_code":"H0011","stop_heads":"Vuosaari via Rautatientori","stop_name":"Koivusaari","stop_desc":"Sotkatie 11","zone_id":"A","stop_url":"http://aikataulut.hsl.fi/pysakit/fi/1310603.html","location_t":0,"parent_sta":"1000119","wheelchair":1,"route_shor":"M1","route_long":"Kivenlahti - Vuosaari","route_type":"1","vehicle_ty":"1","route_url":"http://aikataulut.hsl.fi/linjat/fi/bM1.html","shape_id":"31M1_20221203_1"},"geometry":{"type":"Point","coordinates":[24.85361,60.163538]}},{"type":"Feature","properties":{"FID":14547,"route_vari":"31M1_1","route_id":"31M1","direction_":0,"stop_seque":13,"stop_id":"1310601","stop_code":"H0013","stop_heads":"Vuosaari via Rautatientori","stop_name":"Lauttasaari","stop_desc":"Gyldénintie 2a","zone_id":"A","stop_url":"http://aikataulut.hsl.fi/pysakit/fi/1310601.html","location_t":0,"parent_sta":"1000118","wheelchair":1,"route_shor":"M1","route_long":"Kivenlahti - Vuosaari","route_type":"1","vehicle_ty":"1","route_url":"http://aikataulut.hsl.fi/linjat/fi/bM1.html","shape_id":"31M1_20221203_1"},"geometry":{"type":"Point","coordinates":[24.87857,60.159362]}},{"type":"Feature","properties":{"FID":14548,"route_vari":"31M1_1","route_id":"31M1","direction_":0,"stop_seque":14,"stop_id":"1201601","stop_code":"H0015","stop_heads":"Vuosaari via Rautatientori","stop_name":"Ruoholahti","stop_desc":"Itämerenkatu 14","zone_id":"A","stop_url":"http://aikataulut.hsl.fi/pysakit/fi/1201601.html","location_t":0,"parent_sta":"1000101","wheelchair":1,"route_shor":"M1","route_long":"Kivenlahti - Vuosaari","route_type":"1","vehicle_ty":"1","route_url":"http://aikataulut.hsl.fi/linjat/fi/bM1.html","shape_id":"31M1_20221203_1"},"geometry":{"type":"Point","coordinates":[24.915567,60.163178]}},{"type":"Feature","properties":{"FID":14549,"route_vari":"31M1_1","route_id":"31M1","direction_":0,"stop_seque":15,"stop_id":"1040601","stop_code":"H0017","stop_heads":"Vuosaari via Itäkeskus","stop_name":"Kamppi","stop_desc":"Urho Kekkosen katu","zone_id":"A","stop_url":"http://aikataulut.hsl.fi/pysakit/fi/1040601.html","location_t":0,"parent_sta":"1000102","wheelchair":1,"route_shor":"M1","route_long":"Kivenlahti - Vuosaari","route_type":"1","vehicle_ty":"1","route_url":"http://aikataulut.hsl.fi/linjat/fi/bM1.html","shape_id":"31M1_20221203_1"},"geometry":{"type":"Point","coordinates":[24.931215,60.16883]}},{"type":"Feature","properties":{"FID":14550,"route_vari":"31M1_1","route_id":"31M1","direction_":0,"stop_seque":16,"stop_id":"1020601","stop_code":"H0019","stop_heads":"Vuosaari via Itäkeskus","stop_name":"Rautatientori","stop_desc":"Asema-aukio","zone_id":"A","stop_url":"http://aikataulut.hsl.fi/pysakit/fi/1020601.html","location_t":0,"parent_sta":"1000103","wheelchair":1,"route_shor":"M1","route_long":"Kivenlahti - Vuosaari","route_type":"1","vehicle_ty":"1","route_url":"http://aikataulut.hsl.fi/linjat/fi/bM1.html","shape_id":"31M1_20221203_1"},"geometry":{"type":"Point","coordinates":[24.939846,60.170379]}},{"type":"Feature","properties":{"FID":14551,"route_vari":"31M1_1","route_id":"31M1","direction_":0,"stop_seque":17,"stop_id":"1020603","stop_code":"H0021","stop_heads":"Vuosaari via Itäkeskus","stop_name":"Helsingin yliopisto","stop_desc":"Fabianinkatu","zone_id":"A","stop_url":"http://aikataulut.hsl.fi/pysakit/fi/1020603.html","location_t":0,"parent_sta":"1000104","wheelchair":1,"route_shor":"M1","route_long":"Kivenlahti - Vuosaari","route_type":"1","vehicle_ty":"1","route_url":"http://aikataulut.hsl.fi/linjat/fi/bM1.html","shape_id":"31M1_20221203_1"},"geometry":{"type":"Point","coordinates":[24.947915,60.172009]}},{"type":"Feature","properties":{"FID":14552,"route_vari":"31M1_1","route_id":"31M1","direction_":0,"stop_seque":18,"stop_id":"1111601","stop_code":"H0023","stop_heads":"Vuosaari via Itäkeskus","stop_name":"Hakaniemi","stop_desc":"Toinen linja","zone_id":"A","stop_url":"http://aikataulut.hsl.fi/pysakit/fi/1111601.html","location_t":0,"parent_sta":"1000105","wheelchair":1,"route_shor":"M1","route_long":"Kivenlahti - Vuosaari","route_type":"1","vehicle_ty":"1","route_url":"http://aikataulut.hsl.fi/linjat/fi/bM1.html","shape_id":"31M1_20221203_1"},"geometry":{"type":"Point","coordinates":[24.950188,60.180481]}},{"type":"Feature","properties":{"FID":14553,"route_vari":"31M1_1","route_id":"31M1","direction_":0,"stop_seque":19,"stop_id":"1121601","stop_code":"H0025","stop_heads":"Vuosaari via Itäkeskus","stop_name":"Sörnäinen","stop_desc":"Pengerkatu","zone_id":"A","stop_url":"http://aikataulut.hsl.fi/pysakit/fi/1121601.html","location_t":0,"parent_sta":"1000106","wheelchair":1,"route_shor":"M1","route_long":"Kivenlahti - Vuosaari","route_type":"1","vehicle_ty":"1","route_url":"http://aikataulut.hsl.fi/linjat/fi/bM1.html","shape_id":"31M1_20221203_1"},"geometry":{"type":"Point","coordinates":[24.959708,60.187124]}},{"type":"Feature","properties":{"FID":14554,"route_vari":"31M1_1","route_id":"31M1","direction_":0,"stop_seque":20,"stop_id":"1100601","stop_code":"H0027","stop_heads":"Vuosaari via Itäkeskus","stop_name":"Kalasatama","stop_desc":"Hermannin rantatie 1","zone_id":"A","stop_url":"http://aikataulut.hsl.fi/pysakit/fi/1100601.html","location_t":0,"parent_sta":"1000107","wheelchair":1,"route_shor":"M1","route_long":"Kivenlahti - Vuosaari","route_type":"1","vehicle_ty":"1","route_url":"http://aikataulut.hsl.fi/linjat/fi/bM1.html","shape_id":"31M1_20221203_1"},"geometry":{"type":"Point","coordinates":[24.977068,60.187389]}},{"type":"Feature","properties":{"FID":14555,"route_vari":"31M1_1","route_id":"31M1","direction_":0,"stop_seque":21,"stop_id":"1420601","stop_code":"H0029","stop_heads":"Vuosaari via Itäkeskus","stop_name":"Kulosaari","stop_desc":"Ukko-Pekan porras 2","zone_id":"A","stop_url":"http://aikataulut.hsl.fi/pysakit/fi/1420601.html","location_t":0,"parent_sta":"1000108","wheelchair":1,"route_shor":"M1","route_long":"Kivenlahti - Vuosaari","route_type":"1","vehicle_ty":"1","route_url":"http://aikataulut.hsl.fi/linjat/fi/bM1.html","shape_id":"31M1_20221203_1"},"geometry":{"type":"Point","coordinates":[25.008191,60.188834]}},{"type":"Feature","properties":{"FID":14556,"route_vari":"31M1_1","route_id":"31M1","direction_":0,"stop_seque":22,"stop_id":"1431601","stop_code":"H0031","stop_heads":"Vuosaari via Itäkeskus","stop_name":"Herttoniemi","stop_desc":"Hiihtomäentie 13","zone_id":"B","stop_url":"http://aikataulut.hsl.fi/pysakit/fi/1431601.html","location_t":0,"parent_sta":"1000109","wheelchair":1,"route_shor":"M1","route_long":"Kivenlahti - Vuosaari","route_type":"1","vehicle_ty":"1","route_url":"http://aikataulut.hsl.fi/linjat/fi/bM1.html","shape_id":"31M1_20221203_1"},"geometry":{"type":"Point","coordinates":[25.030764,60.194802]}},{"type":"Feature","properties":{"FID":14557,"route_vari":"31M1_1","route_id":"31M1","direction_":0,"stop_seque":23,"stop_id":"1431603","stop_code":"H0033","stop_heads":"Vuosaari via Itäkeskus","stop_name":"Siilitie","stop_desc":"Siilitie 2","zone_id":"B","stop_url":"http://aikataulut.hsl.fi/pysakit/fi/1431603.html","location_t":0,"parent_sta":"1000110","wheelchair":1,"route_shor":"M1","route_long":"Kivenlahti - Vuosaari","route_type":"1","vehicle_ty":"1","route_url":"http://aikataulut.hsl.fi/linjat/fi/bM1.html","shape_id":"31M1_20221203_1"},"geometry":{"type":"Point","coordinates":[25.044593,60.205676]}},{"type":"Feature","properties":{"FID":14558,"route_vari":"31M1_1","route_id":"31M1","direction_":0,"stop_seque":24,"stop_id":"1453601","stop_code":"H0035","stop_heads":"Vuosaari via Rastila","stop_name":"Itäkeskus","stop_desc":"Tallinnanaukio 2","zone_id":"B","stop_url":"http://aikataulut.hsl.fi/pysakit/fi/1453601.html","location_t":0,"parent_sta":"1000111","wheelchair":1,"route_shor":"M1","route_long":"Kivenlahti - Vuosaari","route_type":"1","vehicle_ty":"1","route_url":"http://aikataulut.hsl.fi/linjat/fi/bM1.html","shape_id":"31M1_20221203_1"},"geometry":{"type":"Point","coordinates":[25.077784,60.210024]}},{"type":"Feature","properties":{"FID":14559,"route_vari":"31M1_1","route_id":"31M1","direction_":0,"stop_seque":25,"stop_id":"1452601","stop_code":"H0037","stop_heads":"Vuosaari via Rastila","stop_name":"Puotila","stop_desc":"Puotilan metrotori 4","zone_id":"B","stop_url":"http://aikataulut.hsl.fi/pysakit/fi/1452601.html","location_t":0,"parent_sta":"1000115","wheelchair":1,"route_shor":"M1","route_long":"Kivenlahti - Vuosaari","route_type":"1","vehicle_ty":"1","route_url":"http://aikataulut.hsl.fi/linjat/fi/bM1.html","shape_id":"31M1_20221203_1"},"geometry":{"type":"Point","coordinates":[25.093072,60.214693]}},{"type":"Feature","properties":{"FID":14560,"route_vari":"31M1_1","route_id":"31M1","direction_":0,"stop_seque":26,"stop_id":"1541601","stop_code":"H0039","stop_heads":"Vuosaari","stop_name":"Rastila","stop_desc":"Karavaanisilta 3","zone_id":"B","stop_url":"http://aikataulut.hsl.fi/pysakit/fi/1541601.html","location_t":0,"parent_sta":"1000116","wheelchair":1,"route_shor":"M1","route_long":"Kivenlahti - Vuosaari","route_type":"1","vehicle_ty":"1","route_url":"http://aikataulut.hsl.fi/linjat/fi/bM1.html","shape_id":"31M1_20221203_1"},"geometry":{"type":"Point","coordinates":[25.120661,60.205509]}},{"type":"Feature","properties":{"FID":14561,"route_vari":"31M1_1","route_id":"31M1","direction_":0,"stop_seque":27,"stop_id":"1541603","stop_code":"H0041","stop_heads":" ","stop_name":"Vuosaari","stop_desc":"Mustankivenkatu","zone_id":"B","stop_url":"http://aikataulut.hsl.fi/pysakit/fi/1541603.html","location_t":0,"parent_sta":"1000117","wheelchair":1,"route_shor":"M1","route_long":"Kivenlahti - Vuosaari","route_type":"1","vehicle_ty":"1","route_url":"http://aikataulut.hsl.fi/linjat/fi/bM1.html","shape_id":"31M1_20221203_1"},"geometry":{"type":"Point","coordinates":[25.143076,60.207216]}},{"type":"Feature","properties":{"FID":14562,"route_vari":"31M1_2","route_id":"31M1","direction_":1,"stop_seque":1,"stop_id":"1541604","stop_code":"H0040","stop_heads":"Kivenlahti via Rautatientori","stop_name":"Vuosaari","stop_desc":"Valkopaadentie 2a","zone_id":"B","stop_url":"http://aikataulut.hsl.fi/pysakit/fi/1541604.html","location_t":0,"parent_sta":"1000117","wheelchair":1,"route_shor":"M1","route_long":"Kivenlahti - Vuosaari","route_type":"1","vehicle_ty":"1","route_url":"http://aikataulut.hsl.fi/linjat/fi/bM1.html","shape_id":"31M1_20221203_2"},"geometry":{"type":"Point","coordinates":[25.143068,60.207244]}},{"type":"Feature","properties":{"FID":14563,"route_vari":"31M1_2","route_id":"31M1","direction_":1,"stop_seque":2,"stop_id":"1541602","stop_code":"H0038","stop_heads":"Kivenlahti via Rautatientori","stop_name":"Rastila","stop_desc":"Torisilta","zone_id":"B","stop_url":"http://aikataulut.hsl.fi/pysakit/fi/1541602.html","location_t":0,"parent_sta":"1000116","wheelchair":1,"route_shor":"M1","route_long":"Kivenlahti - Vuosaari","route_type":"1","vehicle_ty":"1","route_url":"http://aikataulut.hsl.fi/linjat/fi/bM1.html","shape_id":"31M1_20221203_2"},"geometry":{"type":"Point","coordinates":[25.120672,60.205527]}},{"type":"Feature","properties":{"FID":14564,"route_vari":"31M1_2","route_id":"31M1","direction_":1,"stop_seque":3,"stop_id":"1452602","stop_code":"H0036","stop_heads":"Kivenlahti via Rautatientori","stop_name":"Puotila","stop_desc":"Kuitianpolku","zone_id":"B","stop_url":"http://aikataulut.hsl.fi/pysakit/fi/1452602.html","location_t":0,"parent_sta":"1000115","wheelchair":1,"route_shor":"M1","route_long":"Kivenlahti - Vuosaari","route_type":"1","vehicle_ty":"1","route_url":"http://aikataulut.hsl.fi/linjat/fi/bM1.html","shape_id":"31M1_20221203_2"},"geometry":{"type":"Point","coordinates":[25.093079,60.214721]}},{"type":"Feature","properties":{"FID":14565,"route_vari":"31M1_2","route_id":"31M1","direction_":1,"stop_seque":4,"stop_id":"1453602","stop_code":"H0034","stop_heads":"Kivenlahti via Rautatientori","stop_name":"Itäkeskus","stop_desc":"Tallinnanaukio 2","zone_id":"B","stop_url":"http://aikataulut.hsl.fi/pysakit/fi/1453602.html","location_t":0,"parent_sta":"1000111","wheelchair":1,"route_shor":"M1","route_long":"Kivenlahti - Vuosaari","route_type":"1","vehicle_ty":"1","route_url":"http://aikataulut.hsl.fi/linjat/fi/bM1.html","shape_id":"31M1_20221203_2"},"geometry":{"type":"Point","coordinates":[25.077702,60.210107]}},{"type":"Feature","properties":{"FID":14566,"route_vari":"31M1_2","route_id":"31M1","direction_":1,"stop_seque":5,"stop_id":"1431604","stop_code":"H0032","stop_heads":"Kivenlahti via Rautatientori","stop_name":"Siilitie","stop_desc":"Siilitie 2","zone_id":"B","stop_url":"http://aikataulut.hsl.fi/pysakit/fi/1431604.html","location_t":0,"parent_sta":"1000110","wheelchair":1,"route_shor":"M1","route_long":"Kivenlahti - Vuosaari","route_type":"1","vehicle_ty":"1","route_url":"http://aikataulut.hsl.fi/linjat/fi/bM1.html","shape_id":"31M1_20221203_2"},"geometry":{"type":"Point","coordinates":[25.044544,60.205691]}},{"type":"Feature","properties":{"FID":14567,"route_vari":"31M1_2","route_id":"31M1","direction_":1,"stop_seque":6,"stop_id":"1431602","stop_code":"H0030","stop_heads":"Kivenlahti via Rautatientori","stop_name":"Herttoniemi","stop_desc":"Hiihtomäentie 13","zone_id":"B","stop_url":"http://aikataulut.hsl.fi/pysakit/fi/1431602.html","location_t":0,"parent_sta":"1000109","wheelchair":1,"route_shor":"M1","route_long":"Kivenlahti - Vuosaari","route_type":"1","vehicle_ty":"1","route_url":"http://aikataulut.hsl.fi/linjat/fi/bM1.html","shape_id":"31M1_20221203_2"},"geometry":{"type":"Point","coordinates":[25.030723,60.194825]}},{"type":"Feature","properties":{"FID":14568,"route_vari":"31M1_2","route_id":"31M1","direction_":1,"stop_seque":7,"stop_id":"1420602","stop_code":"H0028","stop_heads":"Kivenlahti via Rautatientori","stop_name":"Kulosaari","stop_desc":"Ukko-Pekan porras 2","zone_id":"A","stop_url":"http://aikataulut.hsl.fi/pysakit/fi/1420602.html","location_t":0,"parent_sta":"1000108","wheelchair":1,"route_shor":"M1","route_long":"Kivenlahti - Vuosaari","route_type":"1","vehicle_ty":"1","route_url":"http://aikataulut.hsl.fi/linjat/fi/bM1.html","shape_id":"31M1_20221203_2"},"geometry":{"type":"Point","coordinates":[25.008181,60.188855]}},{"type":"Feature","properties":{"FID":14569,"route_vari":"31M1_2","route_id":"31M1","direction_":1,"stop_seque":8,"stop_id":"1100602","stop_code":"H0026","stop_heads":"Kivenlahti via Rautatientori","stop_name":"Kalasatama","stop_desc":"Hermannin rantatie 1","zone_id":"A","stop_url":"http://aikataulut.hsl.fi/pysakit/fi/1100602.html","location_t":0,"parent_sta":"1000107","wheelchair":1,"route_shor":"M1","route_long":"Kivenlahti - Vuosaari","route_type":"1","vehicle_ty":"1","route_url":"http://aikataulut.hsl.fi/linjat/fi/bM1.html","shape_id":"31M1_20221203_2"},"geometry":{"type":"Point","coordinates":[24.977137,60.187523]}},{"type":"Feature","properties":{"FID":14570,"route_vari":"31M1_2","route_id":"31M1","direction_":1,"stop_seque":9,"stop_id":"1121602","stop_code":"H0024","stop_heads":"Kivenlahti via Rautatientori","stop_name":"Sörnäinen","stop_desc":"Harjutori","zone_id":"A","stop_url":"http://aikataulut.hsl.fi/pysakit/fi/1121602.html","location_t":0,"parent_sta":"1000106","wheelchair":1,"route_shor":"M1","route_long":"Kivenlahti - Vuosaari","route_type":"1","vehicle_ty":"1","route_url":"http://aikataulut.hsl.fi/linjat/fi/bM1.html","shape_id":"31M1_20221203_2"},"geometry":{"type":"Point","coordinates":[24.959683,60.187131]}},{"type":"Feature","properties":{"FID":14571,"route_vari":"31M1_2","route_id":"31M1","direction_":1,"stop_seque":10,"stop_id":"1111602","stop_code":"H0022","stop_heads":"Kivenlahti via Rautatientori","stop_name":"Hakaniemi","stop_desc":"Toinen linja 7","zone_id":"A","stop_url":"http://aikataulut.hsl.fi/pysakit/fi/1111602.html","location_t":0,"parent_sta":"1000105","wheelchair":1,"route_shor":"M1","route_long":"Kivenlahti - Vuosaari","route_type":"1","vehicle_ty":"1","route_url":"http://aikataulut.hsl.fi/linjat/fi/bM1.html","shape_id":"31M1_20221203_2"},"geometry":{"type":"Point","coordinates":[24.950152,60.18048]}},{"type":"Feature","properties":{"FID":14572,"route_vari":"31M1_2","route_id":"31M1","direction_":1,"stop_seque":11,"stop_id":"1020604","stop_code":"H0020","stop_heads":"Kivenlahti via Tapiola","stop_name":"Helsingin yliopisto","stop_desc":"Vuorikatu 12","zone_id":"A","stop_url":"http://aikataulut.hsl.fi/pysakit/fi/1020604.html","location_t":0,"parent_sta":"1000104","wheelchair":1,"route_shor":"M1","route_long":"Kivenlahti - Vuosaari","route_type":"1","vehicle_ty":"1","route_url":"http://aikataulut.hsl.fi/linjat/fi/bM1.html","shape_id":"31M1_20221203_2"},"geometry":{"type":"Point","coordinates":[24.94785,60.172026]}},{"type":"Feature","properties":{"FID":14573,"route_vari":"31M1_2","route_id":"31M1","direction_":1,"stop_seque":12,"stop_id":"1020602","stop_code":"H0018","stop_heads":"Kivenlahti via Tapiola","stop_name":"Rautatientori","stop_desc":"Asema-aukio","zone_id":"A","stop_url":"http://aikataulut.hsl.fi/pysakit/fi/1020602.html","location_t":0,"parent_sta":"1000103","wheelchair":1,"route_shor":"M1","route_long":"Kivenlahti - Vuosaari","route_type":"1","vehicle_ty":"1","route_url":"http://aikataulut.hsl.fi/linjat/fi/bM1.html","shape_id":"31M1_20221203_2"},"geometry":{"type":"Point","coordinates":[24.939845,60.170388]}},{"type":"Feature","properties":{"FID":14574,"route_vari":"31M1_2","route_id":"31M1","direction_":1,"stop_seque":13,"stop_id":"1040602","stop_code":"H0016","stop_heads":"Kivenlahti via Tapiola","stop_name":"Kamppi","stop_desc":"Kampinkuja 1","zone_id":"A","stop_url":"http://aikataulut.hsl.fi/pysakit/fi/1040602.html","location_t":0,"parent_sta":"1000102","wheelchair":1,"route_shor":"M1","route_long":"Kivenlahti - Vuosaari","route_type":"1","vehicle_ty":"1","route_url":"http://aikataulut.hsl.fi/linjat/fi/bM1.html","shape_id":"31M1_20221203_2"},"geometry":{"type":"Point","coordinates":[24.931183,60.168853]}},{"type":"Feature","properties":{"FID":14575,"route_vari":"31M1_2","route_id":"31M1","direction_":1,"stop_seque":14,"stop_id":"1201602","stop_code":"H0014","stop_heads":"Kivenlahti via Tapiola","stop_name":"Ruoholahti","stop_desc":"Itämerenkatu","zone_id":"A","stop_url":"http://aikataulut.hsl.fi/pysakit/fi/1201602.html","location_t":0,"parent_sta":"1000101","wheelchair":1,"route_shor":"M1","route_long":"Kivenlahti - Vuosaari","route_type":"1","vehicle_ty":"1","route_url":"http://aikataulut.hsl.fi/linjat/fi/bM1.html","shape_id":"31M1_20221203_2"},"geometry":{"type":"Point","coordinates":[24.915563,60.163217]}},{"type":"Feature","properties":{"FID":14576,"route_vari":"31M1_2","route_id":"31M1","direction_":1,"stop_seque":15,"stop_id":"1310602","stop_code":"H0012","stop_heads":"Kivenlahti via Tapiola","stop_name":"Lauttasaari","stop_desc":"Gyldénintie 2a","zone_id":"A","stop_url":"http://aikataulut.hsl.fi/pysakit/fi/1310602.html","location_t":0,"parent_sta":"1000118","wheelchair":1,"route_shor":"M1","route_long":"Kivenlahti - Vuosaari","route_type":"1","vehicle_ty":"1","route_url":"http://aikataulut.hsl.fi/linjat/fi/bM1.html","shape_id":"31M1_20221203_2"},"geometry":{"type":"Point","coordinates":[24.8785,60.159443]}},{"type":"Feature","properties":{"FID":14577,"route_vari":"31M1_2","route_id":"31M1","direction_":1,"stop_seque":16,"stop_id":"1310604","stop_code":"H0010","stop_heads":"Kivenlahti via Tapiola","stop_name":"Koivusaari","stop_desc":"Sotkatie 11","zone_id":"A","stop_url":"http://aikataulut.hsl.fi/pysakit/fi/1310604.html","location_t":0,"parent_sta":"1000119","wheelchair":1,"route_shor":"M1","route_long":"Kivenlahti - Vuosaari","route_type":"1","vehicle_ty":"1","route_url":"http://aikataulut.hsl.fi/linjat/fi/bM1.html","shape_id":"31M1_20221203_2"},"geometry":{"type":"Point","coordinates":[24.853666,60.163618]}},{"type":"Feature","properties":{"FID":14578,"route_vari":"31M1_2","route_id":"31M1","direction_":1,"stop_seque":17,"stop_id":"2222602","stop_code":"E0002","stop_heads":"Kivenlahti via Tapiola","stop_name":"Keilaniemi","stop_desc":"Keilaniementie 3","zone_id":"B","stop_url":"http://aikataulut.hsl.fi/pysakit/fi/2222602.html","location_t":0,"parent_sta":"2000101","wheelchair":1,"route_shor":"M1","route_long":"Kivenlahti - Vuosaari","route_type":"1","vehicle_ty":"1","route_url":"http://aikataulut.hsl.fi/linjat/fi/bM1.html","shape_id":"31M1_20221203_2"},"geometry":{"type":"Point","coordinates":[24.829235,60.175433]}},{"type":"Feature","properties":{"FID":14579,"route_vari":"31M1_2","route_id":"31M1","direction_":1,"stop_seque":18,"stop_id":"2222604","stop_code":"E0004","stop_heads":"Kivenlahti via Tapiola","stop_name":"Aalto-yliopisto (M)","stop_desc":"Otaniementie 12","zone_id":"B","stop_url":"http://aikataulut.hsl.fi/pysakit/fi/2222604.html","location_t":0,"parent_sta":"2000102","wheelchair":1,"route_shor":"M1","route_long":"Kivenlahti - Vuosaari","route_type":"1","vehicle_ty":"1","route_url":"http://aikataulut.hsl.fi/linjat/fi/bM1.html","shape_id":"31M1_20221203_2"},"geometry":{"type":"Point","coordinates":[24.823495,60.184435]}},{"type":"Feature","properties":{"FID":14580,"route_vari":"31M1_2","route_id":"31M1","direction_":1,"stop_seque":19,"stop_id":"2211602","stop_code":"E0006","stop_heads":"Kivenlahti via Matinkylä","stop_name":"Tapiola","stop_desc":"Tapionaukio","zone_id":"B","stop_url":"http://aikataulut.hsl.fi/pysakit/fi/2211602.html","location_t":0,"parent_sta":"2000103","wheelchair":1,"route_shor":"M1","route_long":"Kivenlahti - Vuosaari","route_type":"1","vehicle_ty":"1","route_url":"http://aikataulut.hsl.fi/linjat/fi/bM1.html","shape_id":"31M1_20221203_2"},"geometry":{"type":"Point","coordinates":[24.80351,60.174931]}},{"type":"Feature","properties":{"FID":14581,"route_vari":"31M1_2","route_id":"31M1","direction_":1,"stop_seque":20,"stop_id":"2214602","stop_code":"E0008","stop_heads":"Kivenlahti via Matinkylä","stop_name":"Urheilupuisto","stop_desc":"Koivu-Mankkaan tie","zone_id":"B","stop_url":"http://aikataulut.hsl.fi/pysakit/fi/2214602.html","location_t":0,"parent_sta":"2000104","wheelchair":1,"route_shor":"M1","route_long":"Kivenlahti - Vuosaari","route_type":"1","vehicle_ty":"1","route_url":"http://aikataulut.hsl.fi/linjat/fi/bM1.html","shape_id":"31M1_20221203_2"},"geometry":{"type":"Point","coordinates":[24.780566,60.174534]}},{"type":"Feature","properties":{"FID":14582,"route_vari":"31M1_2","route_id":"31M1","direction_":1,"stop_seque":21,"stop_id":"2214604","stop_code":"E0010","stop_heads":"Kivenlahti via Matinkylä","stop_name":"Niittykumpu","stop_desc":"Niittykatu 2","zone_id":"B","stop_url":"http://aikataulut.hsl.fi/pysakit/fi/2214604.html","location_t":0,"parent_sta":"2000105","wheelchair":1,"route_shor":"M1","route_long":"Kivenlahti - Vuosaari","route_type":"1","vehicle_ty":"1","route_url":"http://aikataulut.hsl.fi/linjat/fi/bM1.html","shape_id":"31M1_20221203_2"},"geometry":{"type":"Point","coordinates":[24.763373,60.170443]}},{"type":"Feature","properties":{"FID":14583,"route_vari":"31M1_2","route_id":"31M1","direction_":1,"stop_seque":22,"stop_id":"2314602","stop_code":"E0012","stop_heads":"Kivenlahti via Espoonlahti","stop_name":"Matinkylä","stop_desc":"Suomenlahdentie","zone_id":"B","stop_url":"http://aikataulut.hsl.fi/pysakit/fi/2314602.html","location_t":0,"parent_sta":"2000106","wheelchair":1,"route_shor":"M1","route_long":"Kivenlahti - Vuosaari","route_type":"1","vehicle_ty":"1","route_url":"http://aikataulut.hsl.fi/linjat/fi/bM1.html","shape_id":"31M1_20221203_2"},"geometry":{"type":"Point","coordinates":[24.739456,60.159807]}},{"type":"Feature","properties":{"FID":14584,"route_vari":"31M1_2","route_id":"31M1","direction_":1,"stop_seque":23,"stop_id":"2441602","stop_code":"E0014","stop_heads":"Kivenlahti via Espoonlahti","stop_name":"Finnoo","stop_desc":"Meritie","zone_id":"C","stop_url":"http://aikataulut.hsl.fi/pysakit/fi/2441602.html","location_t":0,"parent_sta":"2000107","wheelchair":1,"route_shor":"M1","route_long":"Kivenlahti - Vuosaari","route_type":"1","vehicle_ty":"1","route_url":"http://aikataulut.hsl.fi/linjat/fi/bM1.html","shape_id":"31M1_20221203_2"},"geometry":{"type":"Point","coordinates":[24.709137,60.152743]}},{"type":"Feature","properties":{"FID":14585,"route_vari":"31M1_2","route_id":"31M1","direction_":1,"stop_seque":24,"stop_id":"2441604","stop_code":"E0016","stop_heads":"Kivenlahti via Espoonlahti","stop_name":"Kaitaa","stop_desc":"Iivisniementie","zone_id":"C","stop_url":"http://aikataulut.hsl.fi/pysakit/fi/2441604.html","location_t":0,"parent_sta":"2000108","wheelchair":1,"route_shor":"M1","route_long":"Kivenlahti - Vuosaari","route_type":"1","vehicle_ty":"1","route_url":"http://aikataulut.hsl.fi/linjat/fi/bM1.html","shape_id":"31M1_20221203_2"},"geometry":{"type":"Point","coordinates":[24.691407,60.149983]}},{"type":"Feature","properties":{"FID":14586,"route_vari":"31M1_2","route_id":"31M1","direction_":1,"stop_seque":25,"stop_id":"2412602","stop_code":"E0018","stop_heads":"Kivenlahti via Espoonlahti","stop_name":"Soukka","stop_desc":"Soukantie","zone_id":"C","stop_url":"http://aikataulut.hsl.fi/pysakit/fi/2412602.html","location_t":0,"parent_sta":"2000109","wheelchair":1,"route_shor":"M1","route_long":"Kivenlahti - Vuosaari","route_type":"1","vehicle_ty":"1","route_url":"http://aikataulut.hsl.fi/linjat/fi/bM1.html","shape_id":"31M1_20221203_2"},"geometry":{"type":"Point","coordinates":[24.669859,60.141541]}},{"type":"Feature","properties":{"FID":14587,"route_vari":"31M1_2","route_id":"31M1","direction_":1,"stop_seque":26,"stop_id":"2411602","stop_code":"E0020","stop_heads":"Kivenlahti","stop_name":"Espoonlahti","stop_desc":"Espoonlahdenkatu","zone_id":"C","stop_url":"http://aikataulut.hsl.fi/pysakit/fi/2411602.html","location_t":0,"parent_sta":"2000110","wheelchair":1,"route_shor":"M1","route_long":"Kivenlahti - Vuosaari","route_type":"1","vehicle_ty":"1","route_url":"http://aikataulut.hsl.fi/linjat/fi/bM1.html","shape_id":"31M1_20221203_2"},"geometry":{"type":"Point","coordinates":[24.653341,60.150081]}},{"type":"Feature","properties":{"FID":14588,"route_vari":"31M1_2","route_id":"31M1","direction_":1,"stop_seque":27,"stop_id":"2413602","stop_code":"E0022","stop_heads":" ","stop_name":"Kivenlahti","stop_desc":"Seitsenmerenreitti","zone_id":"C","stop_url":"http://aikataulut.hsl.fi/pysakit/fi/2413602.html","location_t":0,"parent_sta":"2000111","wheelchair":1,"route_shor":"M1","route_long":"Kivenlahti - Vuosaari","route_type":"1","vehicle_ty":"1","route_url":"http://aikataulut.hsl.fi/linjat/fi/bM1.html","shape_id":"31M1_20221203_2"},"geometry":{"type":"Point","coordinates":[24.637666,60.15528]}},{"type":"Feature","properties":{"FID":14589,"route_vari":"31M1_3","route_id":"31M1","direction_":1,"stop_seque":1,"stop_id":"1473604","stop_code":"H0046","stop_heads":"Kivenlahti via Rautatientori","stop_name":"Mellunmäki","stop_desc":"Pallaksentie 3","zone_id":"B","stop_url":"http://aikataulut.hsl.fi/pysakit/fi/1473604.html","location_t":0,"parent_sta":"1000114","wheelchair":1,"route_shor":"M1","route_long":"Kivenlahti - Vuosaari","route_type":"1","vehicle_ty":"1","route_url":"http://aikataulut.hsl.fi/linjat/fi/bM1.html","shape_id":"31M1 7_20221203_2"},"geometry":{"type":"Point","coordinates":[25.110188,60.238916]}},{"type":"Feature","properties":{"FID":14590,"route_vari":"31M1_3","route_id":"31M1","direction_":1,"stop_seque":2,"stop_id":"1473602","stop_code":"H0044","stop_heads":"Kivenlahti via Rautatientori","stop_name":"Kontula","stop_desc":"Kontulantie 20","zone_id":"B","stop_url":"http://aikataulut.hsl.fi/pysakit/fi/1473602.html","location_t":0,"parent_sta":"1000113","wheelchair":1,"route_shor":"M1","route_long":"Kivenlahti - Vuosaari","route_type":"1","vehicle_ty":"1","route_url":"http://aikataulut.hsl.fi/linjat/fi/bM1.html","shape_id":"31M1 7_20221203_2"},"geometry":{"type":"Point","coordinates":[25.083677,60.235973]}},{"type":"Feature","properties":{"FID":14591,"route_vari":"31M1_3","route_id":"31M1","direction_":1,"stop_seque":3,"stop_id":"1454602","stop_code":"H0042","stop_heads":"Kivenlahti via Rautatientori","stop_name":"Myllypuro","stop_desc":"Myllyaukio 2","zone_id":"B","stop_url":"http://aikataulut.hsl.fi/pysakit/fi/1454602.html","location_t":0,"parent_sta":"1000112","wheelchair":1,"route_shor":"M1","route_long":"Kivenlahti - Vuosaari","route_type":"1","vehicle_ty":"1","route_url":"http://aikataulut.hsl.fi/linjat/fi/bM1.html","shape_id":"31M1 7_20221203_2"},"geometry":{"type":"Point","coordinates":[25.07573,60.225001]}},{"type":"Feature","properties":{"FID":14592,"route_vari":"31M1_3","route_id":"31M1","direction_":1,"stop_seque":4,"stop_id":"1453602","stop_code":"H0034","stop_heads":"Kivenlahti via Rautatientori","stop_name":"Itäkeskus","stop_desc":"Tallinnanaukio 2","zone_id":"B","stop_url":"http://aikataulut.hsl.fi/pysakit/fi/1453602.html","location_t":0,"parent_sta":"1000111","wheelchair":1,"route_shor":"M1","route_long":"Kivenlahti - Vuosaari","route_type":"1","vehicle_ty":"1","route_url":"http://aikataulut.hsl.fi/linjat/fi/bM1.html","shape_id":"31M1 7_20221203_2"},"geometry":{"type":"Point","coordinates":[25.077702,60.210107]}},{"type":"Feature","properties":{"FID":14593,"route_vari":"31M1_3","route_id":"31M1","direction_":1,"stop_seque":5,"stop_id":"1431604","stop_code":"H0032","stop_heads":"Kivenlahti via Rautatientori","stop_name":"Siilitie","stop_desc":"Siilitie 2","zone_id":"B","stop_url":"http://aikataulut.hsl.fi/pysakit/fi/1431604.html","location_t":0,"parent_sta":"1000110","wheelchair":1,"route_shor":"M1","route_long":"Kivenlahti - Vuosaari","route_type":"1","vehicle_ty":"1","route_url":"http://aikataulut.hsl.fi/linjat/fi/bM1.html","shape_id":"31M1 7_20221203_2"},"geometry":{"type":"Point","coordinates":[25.044544,60.205691]}},{"type":"Feature","properties":{"FID":14594,"route_vari":"31M1_3","route_id":"31M1","direction_":1,"stop_seque":6,"stop_id":"1431602","stop_code":"H0030","stop_heads":"Kivenlahti via Rautatientori","stop_name":"Herttoniemi","stop_desc":"Hiihtomäentie 13","zone_id":"B","stop_url":"http://aikataulut.hsl.fi/pysakit/fi/1431602.html","location_t":0,"parent_sta":"1000109","wheelchair":1,"route_shor":"M1","route_long":"Kivenlahti - Vuosaari","route_type":"1","vehicle_ty":"1","route_url":"http://aikataulut.hsl.fi/linjat/fi/bM1.html","shape_id":"31M1 7_20221203_2"},"geometry":{"type":"Point","coordinates":[25.030723,60.194825]}},{"type":"Feature","properties":{"FID":14595,"route_vari":"31M1_3","route_id":"31M1","direction_":1,"stop_seque":7,"stop_id":"1420602","stop_code":"H0028","stop_heads":"Kivenlahti via Rautatientori","stop_name":"Kulosaari","stop_desc":"Ukko-Pekan porras 2","zone_id":"A","stop_url":"http://aikataulut.hsl.fi/pysakit/fi/1420602.html","location_t":0,"parent_sta":"1000108","wheelchair":1,"route_shor":"M1","route_long":"Kivenlahti - Vuosaari","route_type":"1","vehicle_ty":"1","route_url":"http://aikataulut.hsl.fi/linjat/fi/bM1.html","shape_id":"31M1 7_20221203_2"},"geometry":{"type":"Point","coordinates":[25.008181,60.188855]}},{"type":"Feature","properties":{"FID":14596,"route_vari":"31M1_3","route_id":"31M1","direction_":1,"stop_seque":8,"stop_id":"1100602","stop_code":"H0026","stop_heads":"Kivenlahti via Rautatientori","stop_name":"Kalasatama","stop_desc":"Hermannin rantatie 1","zone_id":"A","stop_url":"http://aikataulut.hsl.fi/pysakit/fi/1100602.html","location_t":0,"parent_sta":"1000107","wheelchair":1,"route_shor":"M1","route_long":"Kivenlahti - Vuosaari","route_type":"1","vehicle_ty":"1","route_url":"http://aikataulut.hsl.fi/linjat/fi/bM1.html","shape_id":"31M1 7_20221203_2"},"geometry":{"type":"Point","coordinates":[24.977137,60.187523]}},{"type":"Feature","properties":{"FID":14597,"route_vari":"31M1_3","route_id":"31M1","direction_":1,"stop_seque":9,"stop_id":"1121602","stop_code":"H0024","stop_heads":"Kivenlahti via Rautatientori","stop_name":"Sörnäinen","stop_desc":"Harjutori","zone_id":"A","stop_url":"http://aikataulut.hsl.fi/pysakit/fi/1121602.html","location_t":0,"parent_sta":"1000106","wheelchair":1,"route_shor":"M1","route_long":"Kivenlahti - Vuosaari","route_type":"1","vehicle_ty":"1","route_url":"http://aikataulut.hsl.fi/linjat/fi/bM1.html","shape_id":"31M1 7_20221203_2"},"geometry":{"type":"Point","coordinates":[24.959683,60.187131]}},{"type":"Feature","properties":{"FID":14598,"route_vari":"31M1_3","route_id":"31M1","direction_":1,"stop_seque":10,"stop_id":"1111602","stop_code":"H0022","stop_heads":"Kivenlahti via Rautatientori","stop_name":"Hakaniemi","stop_desc":"Toinen linja 7","zone_id":"A","stop_url":"http://aikataulut.hsl.fi/pysakit/fi/1111602.html","location_t":0,"parent_sta":"1000105","wheelchair":1,"route_shor":"M1","route_long":"Kivenlahti - Vuosaari","route_type":"1","vehicle_ty":"1","route_url":"http://aikataulut.hsl.fi/linjat/fi/bM1.html","shape_id":"31M1 7_20221203_2"},"geometry":{"type":"Point","coordinates":[24.950152,60.18048]}},{"type":"Feature","properties":{"FID":14599,"route_vari":"31M1_3","route_id":"31M1","direction_":1,"stop_seque":11,"stop_id":"1020604","stop_code":"H0020","stop_heads":"Kivenlahti via Tapiola","stop_name":"Helsingin yliopisto","stop_desc":"Vuorikatu 12","zone_id":"A","stop_url":"http://aikataulut.hsl.fi/pysakit/fi/1020604.html","location_t":0,"parent_sta":"1000104","wheelchair":1,"route_shor":"M1","route_long":"Kivenlahti - Vuosaari","route_type":"1","vehicle_ty":"1","route_url":"http://aikataulut.hsl.fi/linjat/fi/bM1.html","shape_id":"31M1 7_20221203_2"},"geometry":{"type":"Point","coordinates":[24.94785,60.172026]}},{"type":"Feature","properties":{"FID":14600,"route_vari":"31M1_3","route_id":"31M1","direction_":1,"stop_seque":12,"stop_id":"1020602","stop_code":"H0018","stop_heads":"Kivenlahti via Tapiola","stop_name":"Rautatientori","stop_desc":"Asema-aukio","zone_id":"A","stop_url":"http://aikataulut.hsl.fi/pysakit/fi/1020602.html","location_t":0,"parent_sta":"1000103","wheelchair":1,"route_shor":"M1","route_long":"Kivenlahti - Vuosaari","route_type":"1","vehicle_ty":"1","route_url":"http://aikataulut.hsl.fi/linjat/fi/bM1.html","shape_id":"31M1 7_20221203_2"},"geometry":{"type":"Point","coordinates":[24.939845,60.170388]}},{"type":"Feature","properties":{"FID":14601,"route_vari":"31M1_3","route_id":"31M1","direction_":1,"stop_seque":13,"stop_id":"1040602","stop_code":"H0016","stop_heads":"Kivenlahti via Tapiola","stop_name":"Kamppi","stop_desc":"Kampinkuja 1","zone_id":"A","stop_url":"http://aikataulut.hsl.fi/pysakit/fi/1040602.html","location_t":0,"parent_sta":"1000102","wheelchair":1,"route_shor":"M1","route_long":"Kivenlahti - Vuosaari","route_type":"1","vehicle_ty":"1","route_url":"http://aikataulut.hsl.fi/linjat/fi/bM1.html","shape_id":"31M1 7_20221203_2"},"geometry":{"type":"Point","coordinates":[24.931183,60.168853]}},{"type":"Feature","properties":{"FID":14602,"route_vari":"31M1_3","route_id":"31M1","direction_":1,"stop_seque":14,"stop_id":"1201602","stop_code":"H0014","stop_heads":"Kivenlahti via Tapiola","stop_name":"Ruoholahti","stop_desc":"Itämerenkatu","zone_id":"A","stop_url":"http://aikataulut.hsl.fi/pysakit/fi/1201602.html","location_t":0,"parent_sta":"1000101","wheelchair":1,"route_shor":"M1","route_long":"Kivenlahti - Vuosaari","route_type":"1","vehicle_ty":"1","route_url":"http://aikataulut.hsl.fi/linjat/fi/bM1.html","shape_id":"31M1 7_20221203_2"},"geometry":{"type":"Point","coordinates":[24.915563,60.163217]}},{"type":"Feature","properties":{"FID":14603,"route_vari":"31M1_3","route_id":"31M1","direction_":1,"stop_seque":15,"stop_id":"1310602","stop_code":"H0012","stop_heads":"Kivenlahti via Tapiola","stop_name":"Lauttasaari","stop_desc":"Gyldénintie 2a","zone_id":"A","stop_url":"http://aikataulut.hsl.fi/pysakit/fi/1310602.html","location_t":0,"parent_sta":"1000118","wheelchair":1,"route_shor":"M1","route_long":"Kivenlahti - Vuosaari","route_type":"1","vehicle_ty":"1","route_url":"http://aikataulut.hsl.fi/linjat/fi/bM1.html","shape_id":"31M1 7_20221203_2"},"geometry":{"type":"Point","coordinates":[24.8785,60.159443]}},{"type":"Feature","properties":{"FID":14604,"route_vari":"31M1_3","route_id":"31M1","direction_":1,"stop_seque":16,"stop_id":"1310604","stop_code":"H0010","stop_heads":"Kivenlahti via Tapiola","stop_name":"Koivusaari","stop_desc":"Sotkatie 11","zone_id":"A","stop_url":"http://aikataulut.hsl.fi/pysakit/fi/1310604.html","location_t":0,"parent_sta":"1000119","wheelchair":1,"route_shor":"M1","route_long":"Kivenlahti - Vuosaari","route_type":"1","vehicle_ty":"1","route_url":"http://aikataulut.hsl.fi/linjat/fi/bM1.html","shape_id":"31M1 7_20221203_2"},"geometry":{"type":"Point","coordinates":[24.853666,60.163618]}},{"type":"Feature","properties":{"FID":14605,"route_vari":"31M1_3","route_id":"31M1","direction_":1,"stop_seque":17,"stop_id":"2222602","stop_code":"E0002","stop_heads":"Kivenlahti via Tapiola","stop_name":"Keilaniemi","stop_desc":"Keilaniementie 3","zone_id":"B","stop_url":"http://aikataulut.hsl.fi/pysakit/fi/2222602.html","location_t":0,"parent_sta":"2000101","wheelchair":1,"route_shor":"M1","route_long":"Kivenlahti - Vuosaari","route_type":"1","vehicle_ty":"1","route_url":"http://aikataulut.hsl.fi/linjat/fi/bM1.html","shape_id":"31M1 7_20221203_2"},"geometry":{"type":"Point","coordinates":[24.829235,60.175433]}},{"type":"Feature","properties":{"FID":14606,"route_vari":"31M1_3","route_id":"31M1","direction_":1,"stop_seque":18,"stop_id":"2222604","stop_code":"E0004","stop_heads":"Kivenlahti via Tapiola","stop_name":"Aalto-yliopisto (M)","stop_desc":"Otaniementie 12","zone_id":"B","stop_url":"http://aikataulut.hsl.fi/pysakit/fi/2222604.html","location_t":0,"parent_sta":"2000102","wheelchair":1,"route_shor":"M1","route_long":"Kivenlahti - Vuosaari","route_type":"1","vehicle_ty":"1","route_url":"http://aikataulut.hsl.fi/linjat/fi/bM1.html","shape_id":"31M1 7_20221203_2"},"geometry":{"type":"Point","coordinates":[24.823495,60.184435]}},{"type":"Feature","properties":{"FID":14607,"route_vari":"31M1_3","route_id":"31M1","direction_":1,"stop_seque":19,"stop_id":"2211602","stop_code":"E0006","stop_heads":"Kivenlahti via Matinkylä","stop_name":"Tapiola","stop_desc":"Tapionaukio","zone_id":"B","stop_url":"http://aikataulut.hsl.fi/pysakit/fi/2211602.html","location_t":0,"parent_sta":"2000103","wheelchair":1,"route_shor":"M1","route_long":"Kivenlahti - Vuosaari","route_type":"1","vehicle_ty":"1","route_url":"http://aikataulut.hsl.fi/linjat/fi/bM1.html","shape_id":"31M1 7_20221203_2"},"geometry":{"type":"Point","coordinates":[24.80351,60.174931]}},{"type":"Feature","properties":{"FID":14608,"route_vari":"31M1_3","route_id":"31M1","direction_":1,"stop_seque":20,"stop_id":"2214602","stop_code":"E0008","stop_heads":"Kivenlahti via Matinkylä","stop_name":"Urheilupuisto","stop_desc":"Koivu-Mankkaan tie","zone_id":"B","stop_url":"http://aikataulut.hsl.fi/pysakit/fi/2214602.html","location_t":0,"parent_sta":"2000104","wheelchair":1,"route_shor":"M1","route_long":"Kivenlahti - Vuosaari","route_type":"1","vehicle_ty":"1","route_url":"http://aikataulut.hsl.fi/linjat/fi/bM1.html","shape_id":"31M1 7_20221203_2"},"geometry":{"type":"Point","coordinates":[24.780566,60.174534]}},{"type":"Feature","properties":{"FID":14609,"route_vari":"31M1_3","route_id":"31M1","direction_":1,"stop_seque":21,"stop_id":"2214604","stop_code":"E0010","stop_heads":"Kivenlahti via Matinkylä","stop_name":"Niittykumpu","stop_desc":"Niittykatu 2","zone_id":"B","stop_url":"http://aikataulut.hsl.fi/pysakit/fi/2214604.html","location_t":0,"parent_sta":"2000105","wheelchair":1,"route_shor":"M1","route_long":"Kivenlahti - Vuosaari","route_type":"1","vehicle_ty":"1","route_url":"http://aikataulut.hsl.fi/linjat/fi/bM1.html","shape_id":"31M1 7_20221203_2"},"geometry":{"type":"Point","coordinates":[24.763373,60.170443]}},{"type":"Feature","properties":{"FID":14610,"route_vari":"31M1_3","route_id":"31M1","direction_":1,"stop_seque":22,"stop_id":"2314602","stop_code":"E0012","stop_heads":"Kivenlahti via Espoonlahti","stop_name":"Matinkylä","stop_desc":"Suomenlahdentie","zone_id":"B","stop_url":"http://aikataulut.hsl.fi/pysakit/fi/2314602.html","location_t":0,"parent_sta":"2000106","wheelchair":1,"route_shor":"M1","route_long":"Kivenlahti - Vuosaari","route_type":"1","vehicle_ty":"1","route_url":"http://aikataulut.hsl.fi/linjat/fi/bM1.html","shape_id":"31M1 7_20221203_2"},"geometry":{"type":"Point","coordinates":[24.739456,60.159807]}},{"type":"Feature","properties":{"FID":14611,"route_vari":"31M1_3","route_id":"31M1","direction_":1,"stop_seque":23,"stop_id":"2441602","stop_code":"E0014","stop_heads":"Kivenlahti via Espoonlahti","stop_name":"Finnoo","stop_desc":"Meritie","zone_id":"C","stop_url":"http://aikataulut.hsl.fi/pysakit/fi/2441602.html","location_t":0,"parent_sta":"2000107","wheelchair":1,"route_shor":"M1","route_long":"Kivenlahti - Vuosaari","route_type":"1","vehicle_ty":"1","route_url":"http://aikataulut.hsl.fi/linjat/fi/bM1.html","shape_id":"31M1 7_20221203_2"},"geometry":{"type":"Point","coordinates":[24.709137,60.152743]}},{"type":"Feature","properties":{"FID":14612,"route_vari":"31M1_3","route_id":"31M1","direction_":1,"stop_seque":24,"stop_id":"2441604","stop_code":"E0016","stop_heads":"Kivenlahti via Espoonlahti","stop_name":"Kaitaa","stop_desc":"Iivisniementie","zone_id":"C","stop_url":"http://aikataulut.hsl.fi/pysakit/fi/2441604.html","location_t":0,"parent_sta":"2000108","wheelchair":1,"route_shor":"M1","route_long":"Kivenlahti - Vuosaari","route_type":"1","vehicle_ty":"1","route_url":"http://aikataulut.hsl.fi/linjat/fi/bM1.html","shape_id":"31M1 7_20221203_2"},"geometry":{"type":"Point","coordinates":[24.691407,60.149983]}},{"type":"Feature","properties":{"FID":14613,"route_vari":"31M1_3","route_id":"31M1","direction_":1,"stop_seque":25,"stop_id":"2412602","stop_code":"E0018","stop_heads":"Kivenlahti via Espoonlahti","stop_name":"Soukka","stop_desc":"Soukantie","zone_id":"C","stop_url":"http://aikataulut.hsl.fi/pysakit/fi/2412602.html","location_t":0,"parent_sta":"2000109","wheelchair":1,"route_shor":"M1","route_long":"Kivenlahti - Vuosaari","route_type":"1","vehicle_ty":"1","route_url":"http://aikataulut.hsl.fi/linjat/fi/bM1.html","shape_id":"31M1 7_20221203_2"},"geometry":{"type":"Point","coordinates":[24.669859,60.141541]}},{"type":"Feature","properties":{"FID":14614,"route_vari":"31M1_3","route_id":"31M1","direction_":1,"stop_seque":26,"stop_id":"2411602","stop_code":"E0020","stop_heads":"Kivenlahti","stop_name":"Espoonlahti","stop_desc":"Espoonlahdenkatu","zone_id":"C","stop_url":"http://aikataulut.hsl.fi/pysakit/fi/2411602.html","location_t":0,"parent_sta":"2000110","wheelchair":1,"route_shor":"M1","route_long":"Kivenlahti - Vuosaari","route_type":"1","vehicle_ty":"1","route_url":"http://aikataulut.hsl.fi/linjat/fi/bM1.html","shape_id":"31M1 7_20221203_2"},"geometry":{"type":"Point","coordinates":[24.653341,60.150081]}},{"type":"Feature","properties":{"FID":14615,"route_vari":"31M1_3","route_id":"31M1","direction_":1,"stop_seque":27,"stop_id":"2413602","stop_code":"E0022","stop_heads":" ","stop_name":"Kivenlahti","stop_desc":"Seitsenmerenreitti","zone_id":"C","stop_url":"http://aikataulut.hsl.fi/pysakit/fi/2413602.html","location_t":0,"parent_sta":"2000111","wheelchair":1,"route_shor":"M1","route_long":"Kivenlahti - Vuosaari","route_type":"1","vehicle_ty":"1","route_url":"http://aikataulut.hsl.fi/linjat/fi/bM1.html","shape_id":"31M1 7_20221203_2"},"geometry":{"type":"Point","coordinates":[24.637666,60.15528]}},{"type":"Feature","properties":{"FID":14616,"route_vari":"31M1B_1","route_id":"31M1B","direction_":0,"stop_seque":1,"stop_id":"1453601","stop_code":"H0035","stop_heads":"Vuosaari via Rastila","stop_name":"Itäkeskus","stop_desc":"Tallinnanaukio 2","zone_id":"B","stop_url":"http://aikataulut.hsl.fi/pysakit/fi/1453601.html","location_t":0,"parent_sta":"1000111","wheelchair":1,"route_shor":"M1B","route_long":"Itäkeskus - Vuosaari","route_type":"1","vehicle_ty":"1","route_url":"http://aikataulut.hsl.fi/linjat/fi/bM1B.html","shape_id":"31M1B_20220815_1"},"geometry":{"type":"Point","coordinates":[25.077784,60.210024]}},{"type":"Feature","properties":{"FID":14617,"route_vari":"31M1B_1","route_id":"31M1B","direction_":0,"stop_seque":2,"stop_id":"1452601","stop_code":"H0037","stop_heads":"Vuosaari via Rastila","stop_name":"Puotila","stop_desc":"Puotilan metrotori 4","zone_id":"B","stop_url":"http://aikataulut.hsl.fi/pysakit/fi/1452601.html","location_t":0,"parent_sta":"1000115","wheelchair":1,"route_shor":"M1B","route_long":"Itäkeskus - Vuosaari","route_type":"1","vehicle_ty":"1","route_url":"http://aikataulut.hsl.fi/linjat/fi/bM1B.html","shape_id":"31M1B_20220815_1"},"geometry":{"type":"Point","coordinates":[25.093072,60.214693]}},{"type":"Feature","properties":{"FID":14618,"route_vari":"31M1B_1","route_id":"31M1B","direction_":0,"stop_seque":3,"stop_id":"1541601","stop_code":"H0039","stop_heads":"Vuosaari","stop_name":"Rastila","stop_desc":"Karavaanisilta 3","zone_id":"B","stop_url":"http://aikataulut.hsl.fi/pysakit/fi/1541601.html","location_t":0,"parent_sta":"1000116","wheelchair":1,"route_shor":"M1B","route_long":"Itäkeskus - Vuosaari","route_type":"1","vehicle_ty":"1","route_url":"http://aikataulut.hsl.fi/linjat/fi/bM1B.html","shape_id":"31M1B_20220815_1"},"geometry":{"type":"Point","coordinates":[25.120661,60.205509]}},{"type":"Feature","properties":{"FID":14619,"route_vari":"31M1B_1","route_id":"31M1B","direction_":0,"stop_seque":4,"stop_id":"1541603","stop_code":"H0041","stop_heads":" ","stop_name":"Vuosaari","stop_desc":"Mustankivenkatu","zone_id":"B","stop_url":"http://aikataulut.hsl.fi/pysakit/fi/1541603.html","location_t":0,"parent_sta":"1000117","wheelchair":1,"route_shor":"M1B","route_long":"Itäkeskus - Vuosaari","route_type":"1","vehicle_ty":"1","route_url":"http://aikataulut.hsl.fi/linjat/fi/bM1B.html","shape_id":"31M1B_20220815_1"},"geometry":{"type":"Point","coordinates":[25.143076,60.207216]}},{"type":"Feature","properties":{"FID":14620,"route_vari":"31M2_1","route_id":"31M2","direction_":0,"stop_seque":1,"stop_id":"2211601","stop_code":"E0005","stop_heads":"Mellunmäki via Rautatientori","stop_name":"Tapiola","stop_desc":"Merituulentie 1","zone_id":"B","stop_url":"http://aikataulut.hsl.fi/pysakit/fi/2211601.html","location_t":0,"parent_sta":"2000103","wheelchair":1,"route_shor":"M2","route_long":"Tapiola - Mellunmäki","route_type":"1","vehicle_ty":"1","route_url":"http://aikataulut.hsl.fi/linjat/fi/bM2.html","shape_id":"31M2_20220815_1"},"geometry":{"type":"Point","coordinates":[24.803463,60.175017]}},{"type":"Feature","properties":{"FID":14621,"route_vari":"31M2_1","route_id":"31M2","direction_":0,"stop_seque":2,"stop_id":"2222603","stop_code":"E0003","stop_heads":"Mellunmäki via Rautatientori","stop_name":"Aalto-yliopisto (M)","stop_desc":"Otaniementie 12","zone_id":"B","stop_url":"http://aikataulut.hsl.fi/pysakit/fi/2222603.html","location_t":0,"parent_sta":"2000102","wheelchair":1,"route_shor":"M2","route_long":"Tapiola - Mellunmäki","route_type":"1","vehicle_ty":"1","route_url":"http://aikataulut.hsl.fi/linjat/fi/bM2.html","shape_id":"31M2_20220815_1"},"geometry":{"type":"Point","coordinates":[24.823515,60.184516]}},{"type":"Feature","properties":{"FID":14622,"route_vari":"31M2_1","route_id":"31M2","direction_":0,"stop_seque":3,"stop_id":"2222601","stop_code":"E0001","stop_heads":"Mellunmäki via Rautatientori","stop_name":"Keilaniemi","stop_desc":"Keilaniementie 3","zone_id":"B","stop_url":"http://aikataulut.hsl.fi/pysakit/fi/2222601.html","location_t":0,"parent_sta":"2000101","wheelchair":1,"route_shor":"M2","route_long":"Tapiola - Mellunmäki","route_type":"1","vehicle_ty":"1","route_url":"http://aikataulut.hsl.fi/linjat/fi/bM2.html","shape_id":"31M2_20220815_1"},"geometry":{"type":"Point","coordinates":[24.82936,60.175405]}},{"type":"Feature","properties":{"FID":14623,"route_vari":"31M2_1","route_id":"31M2","direction_":0,"stop_seque":4,"stop_id":"1310603","stop_code":"H0011","stop_heads":"Mellunmäki via Rautatientori","stop_name":"Koivusaari","stop_desc":"Sotkatie 11","zone_id":"A","stop_url":"http://aikataulut.hsl.fi/pysakit/fi/1310603.html","location_t":0,"parent_sta":"1000119","wheelchair":1,"route_shor":"M2","route_long":"Tapiola - Mellunmäki","route_type":"1","vehicle_ty":"1","route_url":"http://aikataulut.hsl.fi/linjat/fi/bM2.html","shape_id":"31M2_20220815_1"},"geometry":{"type":"Point","coordinates":[24.85361,60.163538]}},{"type":"Feature","properties":{"FID":14624,"route_vari":"31M2_1","route_id":"31M2","direction_":0,"stop_seque":5,"stop_id":"1310601","stop_code":"H0013","stop_heads":"Mellunmäki via Rautatientori","stop_name":"Lauttasaari","stop_desc":"Gyldénintie 2a","zone_id":"A","stop_url":"http://aikataulut.hsl.fi/pysakit/fi/1310601.html","location_t":0,"parent_sta":"1000118","wheelchair":1,"route_shor":"M2","route_long":"Tapiola - Mellunmäki","route_type":"1","vehicle_ty":"1","route_url":"http://aikataulut.hsl.fi/linjat/fi/bM2.html","shape_id":"31M2_20220815_1"},"geometry":{"type":"Point","coordinates":[24.87857,60.159362]}},{"type":"Feature","properties":{"FID":14625,"route_vari":"31M2_1","route_id":"31M2","direction_":0,"stop_seque":6,"stop_id":"1201601","stop_code":"H0015","stop_heads":"Mellunmäki via Rautatientori","stop_name":"Ruoholahti","stop_desc":"Itämerenkatu 14","zone_id":"A","stop_url":"http://aikataulut.hsl.fi/pysakit/fi/1201601.html","location_t":0,"parent_sta":"1000101","wheelchair":1,"route_shor":"M2","route_long":"Tapiola - Mellunmäki","route_type":"1","vehicle_ty":"1","route_url":"http://aikataulut.hsl.fi/linjat/fi/bM2.html","shape_id":"31M2_20220815_1"},"geometry":{"type":"Point","coordinates":[24.915567,60.163178]}},{"type":"Feature","properties":{"FID":14626,"route_vari":"31M2_1","route_id":"31M2","direction_":0,"stop_seque":7,"stop_id":"1040601","stop_code":"H0017","stop_heads":"Mellunmäki via Itäkeskus","stop_name":"Kamppi","stop_desc":"Urho Kekkosen katu","zone_id":"A","stop_url":"http://aikataulut.hsl.fi/pysakit/fi/1040601.html","location_t":0,"parent_sta":"1000102","wheelchair":1,"route_shor":"M2","route_long":"Tapiola - Mellunmäki","route_type":"1","vehicle_ty":"1","route_url":"http://aikataulut.hsl.fi/linjat/fi/bM2.html","shape_id":"31M2_20220815_1"},"geometry":{"type":"Point","coordinates":[24.931215,60.16883]}},{"type":"Feature","properties":{"FID":14627,"route_vari":"31M2_1","route_id":"31M2","direction_":0,"stop_seque":8,"stop_id":"1020601","stop_code":"H0019","stop_heads":"Mellunmäki via Itäkeskus","stop_name":"Rautatientori","stop_desc":"Asema-aukio","zone_id":"A","stop_url":"http://aikataulut.hsl.fi/pysakit/fi/1020601.html","location_t":0,"parent_sta":"1000103","wheelchair":1,"route_shor":"M2","route_long":"Tapiola - Mellunmäki","route_type":"1","vehicle_ty":"1","route_url":"http://aikataulut.hsl.fi/linjat/fi/bM2.html","shape_id":"31M2_20220815_1"},"geometry":{"type":"Point","coordinates":[24.939846,60.170379]}},{"type":"Feature","properties":{"FID":14628,"route_vari":"31M2_1","route_id":"31M2","direction_":0,"stop_seque":9,"stop_id":"1020603","stop_code":"H0021","stop_heads":"Mellunmäki via Itäkeskus","stop_name":"Helsingin yliopisto","stop_desc":"Fabianinkatu","zone_id":"A","stop_url":"http://aikataulut.hsl.fi/pysakit/fi/1020603.html","location_t":0,"parent_sta":"1000104","wheelchair":1,"route_shor":"M2","route_long":"Tapiola - Mellunmäki","route_type":"1","vehicle_ty":"1","route_url":"http://aikataulut.hsl.fi/linjat/fi/bM2.html","shape_id":"31M2_20220815_1"},"geometry":{"type":"Point","coordinates":[24.947915,60.172009]}},{"type":"Feature","properties":{"FID":14629,"route_vari":"31M2_1","route_id":"31M2","direction_":0,"stop_seque":10,"stop_id":"1111601","stop_code":"H0023","stop_heads":"Mellunmäki via Itäkeskus","stop_name":"Hakaniemi","stop_desc":"Toinen linja","zone_id":"A","stop_url":"http://aikataulut.hsl.fi/pysakit/fi/1111601.html","location_t":0,"parent_sta":"1000105","wheelchair":1,"route_shor":"M2","route_long":"Tapiola - Mellunmäki","route_type":"1","vehicle_ty":"1","route_url":"http://aikataulut.hsl.fi/linjat/fi/bM2.html","shape_id":"31M2_20220815_1"},"geometry":{"type":"Point","coordinates":[24.950188,60.180481]}},{"type":"Feature","properties":{"FID":14630,"route_vari":"31M2_1","route_id":"31M2","direction_":0,"stop_seque":11,"stop_id":"1121601","stop_code":"H0025","stop_heads":"Mellunmäki via Itäkeskus","stop_name":"Sörnäinen","stop_desc":"Pengerkatu","zone_id":"A","stop_url":"http://aikataulut.hsl.fi/pysakit/fi/1121601.html","location_t":0,"parent_sta":"1000106","wheelchair":1,"route_shor":"M2","route_long":"Tapiola - Mellunmäki","route_type":"1","vehicle_ty":"1","route_url":"http://aikataulut.hsl.fi/linjat/fi/bM2.html","shape_id":"31M2_20220815_1"},"geometry":{"type":"Point","coordinates":[24.959708,60.187124]}},{"type":"Feature","properties":{"FID":14631,"route_vari":"31M2_1","route_id":"31M2","direction_":0,"stop_seque":12,"stop_id":"1100601","stop_code":"H0027","stop_heads":"Mellunmäki via Itäkeskus","stop_name":"Kalasatama","stop_desc":"Hermannin rantatie 1","zone_id":"A","stop_url":"http://aikataulut.hsl.fi/pysakit/fi/1100601.html","location_t":0,"parent_sta":"1000107","wheelchair":1,"route_shor":"M2","route_long":"Tapiola - Mellunmäki","route_type":"1","vehicle_ty":"1","route_url":"http://aikataulut.hsl.fi/linjat/fi/bM2.html","shape_id":"31M2_20220815_1"},"geometry":{"type":"Point","coordinates":[24.977068,60.187389]}},{"type":"Feature","properties":{"FID":14632,"route_vari":"31M2_1","route_id":"31M2","direction_":0,"stop_seque":13,"stop_id":"1420601","stop_code":"H0029","stop_heads":"Mellunmäki via Itäkeskus","stop_name":"Kulosaari","stop_desc":"Ukko-Pekan porras 2","zone_id":"A","stop_url":"http://aikataulut.hsl.fi/pysakit/fi/1420601.html","location_t":0,"parent_sta":"1000108","wheelchair":1,"route_shor":"M2","route_long":"Tapiola - Mellunmäki","route_type":"1","vehicle_ty":"1","route_url":"http://aikataulut.hsl.fi/linjat/fi/bM2.html","shape_id":"31M2_20220815_1"},"geometry":{"type":"Point","coordinates":[25.008191,60.188834]}},{"type":"Feature","properties":{"FID":14633,"route_vari":"31M2_1","route_id":"31M2","direction_":0,"stop_seque":14,"stop_id":"1431601","stop_code":"H0031","stop_heads":"Mellunmäki via Itäkeskus","stop_name":"Herttoniemi","stop_desc":"Hiihtomäentie 13","zone_id":"B","stop_url":"http://aikataulut.hsl.fi/pysakit/fi/1431601.html","location_t":0,"parent_sta":"1000109","wheelchair":1,"route_shor":"M2","route_long":"Tapiola - Mellunmäki","route_type":"1","vehicle_ty":"1","route_url":"http://aikataulut.hsl.fi/linjat/fi/bM2.html","shape_id":"31M2_20220815_1"},"geometry":{"type":"Point","coordinates":[25.030764,60.194802]}},{"type":"Feature","properties":{"FID":14634,"route_vari":"31M2_1","route_id":"31M2","direction_":0,"stop_seque":15,"stop_id":"1431603","stop_code":"H0033","stop_heads":"Mellunmäki via Itäkeskus","stop_name":"Siilitie","stop_desc":"Siilitie 2","zone_id":"B","stop_url":"http://aikataulut.hsl.fi/pysakit/fi/1431603.html","location_t":0,"parent_sta":"1000110","wheelchair":1,"route_shor":"M2","route_long":"Tapiola - Mellunmäki","route_type":"1","vehicle_ty":"1","route_url":"http://aikataulut.hsl.fi/linjat/fi/bM2.html","shape_id":"31M2_20220815_1"},"geometry":{"type":"Point","coordinates":[25.044593,60.205676]}},{"type":"Feature","properties":{"FID":14635,"route_vari":"31M2_1","route_id":"31M2","direction_":0,"stop_seque":16,"stop_id":"1453601","stop_code":"H0035","stop_heads":"Mellunmäki via Kontula","stop_name":"Itäkeskus","stop_desc":"Tallinnanaukio 2","zone_id":"B","stop_url":"http://aikataulut.hsl.fi/pysakit/fi/1453601.html","location_t":0,"parent_sta":"1000111","wheelchair":1,"route_shor":"M2","route_long":"Tapiola - Mellunmäki","route_type":"1","vehicle_ty":"1","route_url":"http://aikataulut.hsl.fi/linjat/fi/bM2.html","shape_id":"31M2_20220815_1"},"geometry":{"type":"Point","coordinates":[25.077784,60.210024]}},{"type":"Feature","properties":{"FID":14636,"route_vari":"31M2_1","route_id":"31M2","direction_":0,"stop_seque":17,"stop_id":"1454601","stop_code":"H0043","stop_heads":"Mellunmäki via Kontula","stop_name":"Myllypuro","stop_desc":"Myllyaukio 2","zone_id":"B","stop_url":"http://aikataulut.hsl.fi/pysakit/fi/1454601.html","location_t":0,"parent_sta":"1000112","wheelchair":1,"route_shor":"M2","route_long":"Tapiola - Mellunmäki","route_type":"1","vehicle_ty":"1","route_url":"http://aikataulut.hsl.fi/linjat/fi/bM2.html","shape_id":"31M2_20220815_1"},"geometry":{"type":"Point","coordinates":[25.075778,60.22501]}},{"type":"Feature","properties":{"FID":14637,"route_vari":"31M2_1","route_id":"31M2","direction_":0,"stop_seque":18,"stop_id":"1473601","stop_code":"H0045","stop_heads":"Mellunmäki","stop_name":"Kontula","stop_desc":"Kontulantie 20","zone_id":"B","stop_url":"http://aikataulut.hsl.fi/pysakit/fi/1473601.html","location_t":0,"parent_sta":"1000113","wheelchair":1,"route_shor":"M2","route_long":"Tapiola - Mellunmäki","route_type":"1","vehicle_ty":"1","route_url":"http://aikataulut.hsl.fi/linjat/fi/bM2.html","shape_id":"31M2_20220815_1"},"geometry":{"type":"Point","coordinates":[25.083694,60.23596]}},{"type":"Feature","properties":{"FID":14638,"route_vari":"31M2_1","route_id":"31M2","direction_":0,"stop_seque":19,"stop_id":"1473603","stop_code":"H0047","stop_heads":" ","stop_name":"Mellunmäki","stop_desc":"Pallaksentie 3","zone_id":"B","stop_url":"http://aikataulut.hsl.fi/pysakit/fi/1473603.html","location_t":0,"parent_sta":"1000114","wheelchair":1,"route_shor":"M2","route_long":"Tapiola - Mellunmäki","route_type":"1","vehicle_ty":"1","route_url":"http://aikataulut.hsl.fi/linjat/fi/bM2.html","shape_id":"31M2_20220815_1"},"geometry":{"type":"Point","coordinates":[25.110213,60.238896]}},{"type":"Feature","properties":{"FID":14639,"route_vari":"31M2_2","route_id":"31M2","direction_":1,"stop_seque":1,"stop_id":"1473604","stop_code":"H0046","stop_heads":"Tapiola via Rautatientori","stop_name":"Mellunmäki","stop_desc":"Pallaksentie 3","zone_id":"B","stop_url":"http://aikataulut.hsl.fi/pysakit/fi/1473604.html","location_t":0,"parent_sta":"1000114","wheelchair":1,"route_shor":"M2","route_long":"Tapiola - Mellunmäki","route_type":"1","vehicle_ty":"1","route_url":"http://aikataulut.hsl.fi/linjat/fi/bM2.html","shape_id":"31M2_20220815_2"},"geometry":{"type":"Point","coordinates":[25.110188,60.238916]}},{"type":"Feature","properties":{"FID":14640,"route_vari":"31M2_2","route_id":"31M2","direction_":1,"stop_seque":2,"stop_id":"1473602","stop_code":"H0044","stop_heads":"Tapiola via Rautatientori","stop_name":"Kontula","stop_desc":"Kontulantie 20","zone_id":"B","stop_url":"http://aikataulut.hsl.fi/pysakit/fi/1473602.html","location_t":0,"parent_sta":"1000113","wheelchair":1,"route_shor":"M2","route_long":"Tapiola - Mellunmäki","route_type":"1","vehicle_ty":"1","route_url":"http://aikataulut.hsl.fi/linjat/fi/bM2.html","shape_id":"31M2_20220815_2"},"geometry":{"type":"Point","coordinates":[25.083677,60.235973]}},{"type":"Feature","properties":{"FID":14641,"route_vari":"31M2_2","route_id":"31M2","direction_":1,"stop_seque":3,"stop_id":"1454602","stop_code":"H0042","stop_heads":"Tapiola via Rautatientori","stop_name":"Myllypuro","stop_desc":"Myllyaukio 2","zone_id":"B","stop_url":"http://aikataulut.hsl.fi/pysakit/fi/1454602.html","location_t":0,"parent_sta":"1000112","wheelchair":1,"route_shor":"M2","route_long":"Tapiola - Mellunmäki","route_type":"1","vehicle_ty":"1","route_url":"http://aikataulut.hsl.fi/linjat/fi/bM2.html","shape_id":"31M2_20220815_2"},"geometry":{"type":"Point","coordinates":[25.07573,60.225001]}},{"type":"Feature","properties":{"FID":14642,"route_vari":"31M2_2","route_id":"31M2","direction_":1,"stop_seque":4,"stop_id":"1453602","stop_code":"H0034","stop_heads":"Tapiola via Rautatientori","stop_name":"Itäkeskus","stop_desc":"Tallinnanaukio 2","zone_id":"B","stop_url":"http://aikataulut.hsl.fi/pysakit/fi/1453602.html","location_t":0,"parent_sta":"1000111","wheelchair":1,"route_shor":"M2","route_long":"Tapiola - Mellunmäki","route_type":"1","vehicle_ty":"1","route_url":"http://aikataulut.hsl.fi/linjat/fi/bM2.html","shape_id":"31M2_20220815_2"},"geometry":{"type":"Point","coordinates":[25.077702,60.210107]}},{"type":"Feature","properties":{"FID":14643,"route_vari":"31M2_2","route_id":"31M2","direction_":1,"stop_seque":5,"stop_id":"1431604","stop_code":"H0032","stop_heads":"Tapiola via Rautatientori","stop_name":"Siilitie","stop_desc":"Siilitie 2","zone_id":"B","stop_url":"http://aikataulut.hsl.fi/pysakit/fi/1431604.html","location_t":0,"parent_sta":"1000110","wheelchair":1,"route_shor":"M2","route_long":"Tapiola - Mellunmäki","route_type":"1","vehicle_ty":"1","route_url":"http://aikataulut.hsl.fi/linjat/fi/bM2.html","shape_id":"31M2_20220815_2"},"geometry":{"type":"Point","coordinates":[25.044544,60.205691]}},{"type":"Feature","properties":{"FID":14644,"route_vari":"31M2_2","route_id":"31M2","direction_":1,"stop_seque":6,"stop_id":"1431602","stop_code":"H0030","stop_heads":"Tapiola via Rautatientori","stop_name":"Herttoniemi","stop_desc":"Hiihtomäentie 13","zone_id":"B","stop_url":"http://aikataulut.hsl.fi/pysakit/fi/1431602.html","location_t":0,"parent_sta":"1000109","wheelchair":1,"route_shor":"M2","route_long":"Tapiola - Mellunmäki","route_type":"1","vehicle_ty":"1","route_url":"http://aikataulut.hsl.fi/linjat/fi/bM2.html","shape_id":"31M2_20220815_2"},"geometry":{"type":"Point","coordinates":[25.030723,60.194825]}},{"type":"Feature","properties":{"FID":14645,"route_vari":"31M2_2","route_id":"31M2","direction_":1,"stop_seque":7,"stop_id":"1420602","stop_code":"H0028","stop_heads":"Tapiola via Rautatientori","stop_name":"Kulosaari","stop_desc":"Ukko-Pekan porras 2","zone_id":"A","stop_url":"http://aikataulut.hsl.fi/pysakit/fi/1420602.html","location_t":0,"parent_sta":"1000108","wheelchair":1,"route_shor":"M2","route_long":"Tapiola - Mellunmäki","route_type":"1","vehicle_ty":"1","route_url":"http://aikataulut.hsl.fi/linjat/fi/bM2.html","shape_id":"31M2_20220815_2"},"geometry":{"type":"Point","coordinates":[25.008181,60.188855]}},{"type":"Feature","properties":{"FID":14646,"route_vari":"31M2_2","route_id":"31M2","direction_":1,"stop_seque":8,"stop_id":"1100602","stop_code":"H0026","stop_heads":"Tapiola via Rautatientori","stop_name":"Kalasatama","stop_desc":"Hermannin rantatie 1","zone_id":"A","stop_url":"http://aikataulut.hsl.fi/pysakit/fi/1100602.html","location_t":0,"parent_sta":"1000107","wheelchair":1,"route_shor":"M2","route_long":"Tapiola - Mellunmäki","route_type":"1","vehicle_ty":"1","route_url":"http://aikataulut.hsl.fi/linjat/fi/bM2.html","shape_id":"31M2_20220815_2"},"geometry":{"type":"Point","coordinates":[24.977137,60.187523]}},{"type":"Feature","properties":{"FID":14647,"route_vari":"31M2_2","route_id":"31M2","direction_":1,"stop_seque":9,"stop_id":"1121602","stop_code":"H0024","stop_heads":"Tapiola via Rautatientori","stop_name":"Sörnäinen","stop_desc":"Harjutori","zone_id":"A","stop_url":"http://aikataulut.hsl.fi/pysakit/fi/1121602.html","location_t":0,"parent_sta":"1000106","wheelchair":1,"route_shor":"M2","route_long":"Tapiola - Mellunmäki","route_type":"1","vehicle_ty":"1","route_url":"http://aikataulut.hsl.fi/linjat/fi/bM2.html","shape_id":"31M2_20220815_2"},"geometry":{"type":"Point","coordinates":[24.959683,60.187131]}},{"type":"Feature","properties":{"FID":14648,"route_vari":"31M2_2","route_id":"31M2","direction_":1,"stop_seque":10,"stop_id":"1111602","stop_code":"H0022","stop_heads":"Tapiola via Rautatientori","stop_name":"Hakaniemi","stop_desc":"Toinen linja 7","zone_id":"A","stop_url":"http://aikataulut.hsl.fi/pysakit/fi/1111602.html","location_t":0,"parent_sta":"1000105","wheelchair":1,"route_shor":"M2","route_long":"Tapiola - Mellunmäki","route_type":"1","vehicle_ty":"1","route_url":"http://aikataulut.hsl.fi/linjat/fi/bM2.html","shape_id":"31M2_20220815_2"},"geometry":{"type":"Point","coordinates":[24.950152,60.18048]}},{"type":"Feature","properties":{"FID":14649,"route_vari":"31M2_2","route_id":"31M2","direction_":1,"stop_seque":11,"stop_id":"1020604","stop_code":"H0020","stop_heads":"Tapiola","stop_name":"Helsingin yliopisto","stop_desc":"Vuorikatu 12","zone_id":"A","stop_url":"http://aikataulut.hsl.fi/pysakit/fi/1020604.html","location_t":0,"parent_sta":"1000104","wheelchair":1,"route_shor":"M2","route_long":"Tapiola - Mellunmäki","route_type":"1","vehicle_ty":"1","route_url":"http://aikataulut.hsl.fi/linjat/fi/bM2.html","shape_id":"31M2_20220815_2"},"geometry":{"type":"Point","coordinates":[24.94785,60.172026]}},{"type":"Feature","properties":{"FID":14650,"route_vari":"31M2_2","route_id":"31M2","direction_":1,"stop_seque":12,"stop_id":"1020602","stop_code":"H0018","stop_heads":"Tapiola","stop_name":"Rautatientori","stop_desc":"Asema-aukio","zone_id":"A","stop_url":"http://aikataulut.hsl.fi/pysakit/fi/1020602.html","location_t":0,"parent_sta":"1000103","wheelchair":1,"route_shor":"M2","route_long":"Tapiola - Mellunmäki","route_type":"1","vehicle_ty":"1","route_url":"http://aikataulut.hsl.fi/linjat/fi/bM2.html","shape_id":"31M2_20220815_2"},"geometry":{"type":"Point","coordinates":[24.939845,60.170388]}},{"type":"Feature","properties":{"FID":14651,"route_vari":"31M2_2","route_id":"31M2","direction_":1,"stop_seque":13,"stop_id":"1040602","stop_code":"H0016","stop_heads":"Tapiola","stop_name":"Kamppi","stop_desc":"Kampinkuja 1","zone_id":"A","stop_url":"http://aikataulut.hsl.fi/pysakit/fi/1040602.html","location_t":0,"parent_sta":"1000102","wheelchair":1,"route_shor":"M2","route_long":"Tapiola - Mellunmäki","route_type":"1","vehicle_ty":"1","route_url":"http://aikataulut.hsl.fi/linjat/fi/bM2.html","shape_id":"31M2_20220815_2"},"geometry":{"type":"Point","coordinates":[24.931183,60.168853]}},{"type":"Feature","properties":{"FID":14652,"route_vari":"31M2_2","route_id":"31M2","direction_":1,"stop_seque":14,"stop_id":"1201602","stop_code":"H0014","stop_heads":"Tapiola","stop_name":"Ruoholahti","stop_desc":"Itämerenkatu","zone_id":"A","stop_url":"http://aikataulut.hsl.fi/pysakit/fi/1201602.html","location_t":0,"parent_sta":"1000101","wheelchair":1,"route_shor":"M2","route_long":"Tapiola - Mellunmäki","route_type":"1","vehicle_ty":"1","route_url":"http://aikataulut.hsl.fi/linjat/fi/bM2.html","shape_id":"31M2_20220815_2"},"geometry":{"type":"Point","coordinates":[24.915563,60.163217]}},{"type":"Feature","properties":{"FID":14653,"route_vari":"31M2_2","route_id":"31M2","direction_":1,"stop_seque":15,"stop_id":"1310602","stop_code":"H0012","stop_heads":"Tapiola","stop_name":"Lauttasaari","stop_desc":"Gyldénintie 2a","zone_id":"A","stop_url":"http://aikataulut.hsl.fi/pysakit/fi/1310602.html","location_t":0,"parent_sta":"1000118","wheelchair":1,"route_shor":"M2","route_long":"Tapiola - Mellunmäki","route_type":"1","vehicle_ty":"1","route_url":"http://aikataulut.hsl.fi/linjat/fi/bM2.html","shape_id":"31M2_20220815_2"},"geometry":{"type":"Point","coordinates":[24.8785,60.159443]}},{"type":"Feature","properties":{"FID":14654,"route_vari":"31M2_2","route_id":"31M2","direction_":1,"stop_seque":16,"stop_id":"1310604","stop_code":"H0010","stop_heads":"Tapiola","stop_name":"Koivusaari","stop_desc":"Sotkatie 11","zone_id":"A","stop_url":"http://aikataulut.hsl.fi/pysakit/fi/1310604.html","location_t":0,"parent_sta":"1000119","wheelchair":1,"route_shor":"M2","route_long":"Tapiola - Mellunmäki","route_type":"1","vehicle_ty":"1","route_url":"http://aikataulut.hsl.fi/linjat/fi/bM2.html","shape_id":"31M2_20220815_2"},"geometry":{"type":"Point","coordinates":[24.853666,60.163618]}},{"type":"Feature","properties":{"FID":14655,"route_vari":"31M2_2","route_id":"31M2","direction_":1,"stop_seque":17,"stop_id":"2222602","stop_code":"E0002","stop_heads":"Tapiola","stop_name":"Keilaniemi","stop_desc":"Keilaniementie 3","zone_id":"B","stop_url":"http://aikataulut.hsl.fi/pysakit/fi/2222602.html","location_t":0,"parent_sta":"2000101","wheelchair":1,"route_shor":"M2","route_long":"Tapiola - Mellunmäki","route_type":"1","vehicle_ty":"1","route_url":"http://aikataulut.hsl.fi/linjat/fi/bM2.html","shape_id":"31M2_20220815_2"},"geometry":{"type":"Point","coordinates":[24.829235,60.175433]}},{"type":"Feature","properties":{"FID":14656,"route_vari":"31M2_2","route_id":"31M2","direction_":1,"stop_seque":18,"stop_id":"2222604","stop_code":"E0004","stop_heads":"Tapiola","stop_name":"Aalto-yliopisto (M)","stop_desc":"Otaniementie 12","zone_id":"B","stop_url":"http://aikataulut.hsl.fi/pysakit/fi/2222604.html","location_t":0,"parent_sta":"2000102","wheelchair":1,"route_shor":"M2","route_long":"Tapiola - Mellunmäki","route_type":"1","vehicle_ty":"1","route_url":"http://aikataulut.hsl.fi/linjat/fi/bM2.html","shape_id":"31M2_20220815_2"},"geometry":{"type":"Point","coordinates":[24.823495,60.184435]}},{"type":"Feature","properties":{"FID":14657,"route_vari":"31M2_2","route_id":"31M2","direction_":1,"stop_seque":19,"stop_id":"2211602","stop_code":"E0006","stop_heads":" ","stop_name":"Tapiola","stop_desc":"Tapionaukio","zone_id":"B","stop_url":"http://aikataulut.hsl.fi/pysakit/fi/2211602.html","location_t":0,"parent_sta":"2000103","wheelchair":1,"route_shor":"M2","route_long":"Tapiola - Mellunmäki","route_type":"1","vehicle_ty":"1","route_url":"http://aikataulut.hsl.fi/linjat/fi/bM2.html","shape_id":"31M2_20220815_2"},"geometry":{"type":"Point","coordinates":[24.80351,60.174931]}},{"type":"Feature","properties":{"FID":14658,"route_vari":"31M2_3","route_id":"31M2","direction_":0,"stop_seque":1,"stop_id":"2413601","stop_code":"E0021","stop_heads":"Mellunmäki via Rautatientori","stop_name":"Kivenlahti","stop_desc":"Seitsenmerenreitti","zone_id":"C","stop_url":"http://aikataulut.hsl.fi/pysakit/fi/2413601.html","location_t":0,"parent_sta":"2000111","wheelchair":1,"route_shor":"M2","route_long":"Tapiola - Mellunmäki","route_type":"1","vehicle_ty":"1","route_url":"http://aikataulut.hsl.fi/linjat/fi/bM2.html","shape_id":"31M2 7_20221203_1"},"geometry":{"type":"Point","coordinates":[24.6375,60.155101]}},{"type":"Feature","properties":{"FID":14659,"route_vari":"31M2_3","route_id":"31M2","direction_":0,"stop_seque":2,"stop_id":"2411601","stop_code":"E0019","stop_heads":"Mellunmäki via Rautatientori","stop_name":"Espoonlahti","stop_desc":"Espoonlahdenkatu","zone_id":"C","stop_url":"http://aikataulut.hsl.fi/pysakit/fi/2411601.html","location_t":0,"parent_sta":"2000110","wheelchair":1,"route_shor":"M2","route_long":"Tapiola - Mellunmäki","route_type":"1","vehicle_ty":"1","route_url":"http://aikataulut.hsl.fi/linjat/fi/bM2.html","shape_id":"31M2 7_20221203_1"},"geometry":{"type":"Point","coordinates":[24.653288,60.150075]}},{"type":"Feature","properties":{"FID":14660,"route_vari":"31M2_3","route_id":"31M2","direction_":0,"stop_seque":3,"stop_id":"2412601","stop_code":"E0017","stop_heads":"Mellunmäki via Rautatientori","stop_name":"Soukka","stop_desc":"Soukantori","zone_id":"C","stop_url":"http://aikataulut.hsl.fi/pysakit/fi/2412601.html","location_t":0,"parent_sta":"2000109","wheelchair":1,"route_shor":"M2","route_long":"Tapiola - Mellunmäki","route_type":"1","vehicle_ty":"1","route_url":"http://aikataulut.hsl.fi/linjat/fi/bM2.html","shape_id":"31M2 7_20221203_1"},"geometry":{"type":"Point","coordinates":[24.669851,60.141529]}},{"type":"Feature","properties":{"FID":14661,"route_vari":"31M2_3","route_id":"31M2","direction_":0,"stop_seque":4,"stop_id":"2441603","stop_code":"E0015","stop_heads":"Mellunmäki via Rautatientori","stop_name":"Kaitaa","stop_desc":"Iivisniementie","zone_id":"C","stop_url":"http://aikataulut.hsl.fi/pysakit/fi/2441603.html","location_t":0,"parent_sta":"2000108","wheelchair":1,"route_shor":"M2","route_long":"Tapiola - Mellunmäki","route_type":"1","vehicle_ty":"1","route_url":"http://aikataulut.hsl.fi/linjat/fi/bM2.html","shape_id":"31M2 7_20221203_1"},"geometry":{"type":"Point","coordinates":[24.691547,60.149839]}},{"type":"Feature","properties":{"FID":14662,"route_vari":"31M2_3","route_id":"31M2","direction_":0,"stop_seque":5,"stop_id":"2441601","stop_code":"E0013","stop_heads":"Mellunmäki via Rautatientori","stop_name":"Finnoo","stop_desc":"Meritie","zone_id":"C","stop_url":"http://aikataulut.hsl.fi/pysakit/fi/2441601.html","location_t":0,"parent_sta":"2000107","wheelchair":1,"route_shor":"M2","route_long":"Tapiola - Mellunmäki","route_type":"1","vehicle_ty":"1","route_url":"http://aikataulut.hsl.fi/linjat/fi/bM2.html","shape_id":"31M2 7_20221203_1"},"geometry":{"type":"Point","coordinates":[24.709391,60.152376]}},{"type":"Feature","properties":{"FID":14663,"route_vari":"31M2_3","route_id":"31M2","direction_":0,"stop_seque":6,"stop_id":"2314601","stop_code":"E0011","stop_heads":"Mellunmäki via Rautatientori","stop_name":"Matinkylä","stop_desc":"Suomenlahdentie","zone_id":"B","stop_url":"http://aikataulut.hsl.fi/pysakit/fi/2314601.html","location_t":0,"parent_sta":"2000106","wheelchair":1,"route_shor":"M2","route_long":"Tapiola - Mellunmäki","route_type":"1","vehicle_ty":"1","route_url":"http://aikataulut.hsl.fi/linjat/fi/bM2.html","shape_id":"31M2 7_20221203_1"},"geometry":{"type":"Point","coordinates":[24.739485,60.159788]}},{"type":"Feature","properties":{"FID":14664,"route_vari":"31M2_3","route_id":"31M2","direction_":0,"stop_seque":7,"stop_id":"2214603","stop_code":"E0009","stop_heads":"Mellunmäki via Rautatientori","stop_name":"Niittykumpu","stop_desc":"Niittykatu 2","zone_id":"B","stop_url":"http://aikataulut.hsl.fi/pysakit/fi/2214603.html","location_t":0,"parent_sta":"2000105","wheelchair":1,"route_shor":"M2","route_long":"Tapiola - Mellunmäki","route_type":"1","vehicle_ty":"1","route_url":"http://aikataulut.hsl.fi/linjat/fi/bM2.html","shape_id":"31M2 7_20221203_1"},"geometry":{"type":"Point","coordinates":[24.763266,60.170497]}},{"type":"Feature","properties":{"FID":14665,"route_vari":"31M2_3","route_id":"31M2","direction_":0,"stop_seque":8,"stop_id":"2214601","stop_code":"E0007","stop_heads":"Mellunmäki via Rautatientori","stop_name":"Urheilupuisto","stop_desc":"Koivu-Mankkaan tie","zone_id":"B","stop_url":"http://aikataulut.hsl.fi/pysakit/fi/2214601.html","location_t":0,"parent_sta":"2000104","wheelchair":1,"route_shor":"M2","route_long":"Tapiola - Mellunmäki","route_type":"1","vehicle_ty":"1","route_url":"http://aikataulut.hsl.fi/linjat/fi/bM2.html","shape_id":"31M2 7_20221203_1"},"geometry":{"type":"Point","coordinates":[24.780567,60.174588]}},{"type":"Feature","properties":{"FID":14666,"route_vari":"31M2_3","route_id":"31M2","direction_":0,"stop_seque":9,"stop_id":"2211601","stop_code":"E0005","stop_heads":"Mellunmäki via Rautatientori","stop_name":"Tapiola","stop_desc":"Merituulentie 1","zone_id":"B","stop_url":"http://aikataulut.hsl.fi/pysakit/fi/2211601.html","location_t":0,"parent_sta":"2000103","wheelchair":1,"route_shor":"M2","route_long":"Tapiola - Mellunmäki","route_type":"1","vehicle_ty":"1","route_url":"http://aikataulut.hsl.fi/linjat/fi/bM2.html","shape_id":"31M2 7_20221203_1"},"geometry":{"type":"Point","coordinates":[24.803463,60.175017]}},{"type":"Feature","properties":{"FID":14667,"route_vari":"31M2_3","route_id":"31M2","direction_":0,"stop_seque":10,"stop_id":"2222603","stop_code":"E0003","stop_heads":"Mellunmäki via Rautatientori","stop_name":"Aalto-yliopisto (M)","stop_desc":"Otaniementie 12","zone_id":"B","stop_url":"http://aikataulut.hsl.fi/pysakit/fi/2222603.html","location_t":0,"parent_sta":"2000102","wheelchair":1,"route_shor":"M2","route_long":"Tapiola - Mellunmäki","route_type":"1","vehicle_ty":"1","route_url":"http://aikataulut.hsl.fi/linjat/fi/bM2.html","shape_id":"31M2 7_20221203_1"},"geometry":{"type":"Point","coordinates":[24.823515,60.184516]}},{"type":"Feature","properties":{"FID":14668,"route_vari":"31M2_3","route_id":"31M2","direction_":0,"stop_seque":11,"stop_id":"2222601","stop_code":"E0001","stop_heads":"Mellunmäki via Rautatientori","stop_name":"Keilaniemi","stop_desc":"Keilaniementie 3","zone_id":"B","stop_url":"http://aikataulut.hsl.fi/pysakit/fi/2222601.html","location_t":0,"parent_sta":"2000101","wheelchair":1,"route_shor":"M2","route_long":"Tapiola - Mellunmäki","route_type":"1","vehicle_ty":"1","route_url":"http://aikataulut.hsl.fi/linjat/fi/bM2.html","shape_id":"31M2 7_20221203_1"},"geometry":{"type":"Point","coordinates":[24.82936,60.175405]}},{"type":"Feature","properties":{"FID":14669,"route_vari":"31M2_3","route_id":"31M2","direction_":0,"stop_seque":12,"stop_id":"1310603","stop_code":"H0011","stop_heads":"Mellunmäki via Rautatientori","stop_name":"Koivusaari","stop_desc":"Sotkatie 11","zone_id":"A","stop_url":"http://aikataulut.hsl.fi/pysakit/fi/1310603.html","location_t":0,"parent_sta":"1000119","wheelchair":1,"route_shor":"M2","route_long":"Tapiola - Mellunmäki","route_type":"1","vehicle_ty":"1","route_url":"http://aikataulut.hsl.fi/linjat/fi/bM2.html","shape_id":"31M2 7_20221203_1"},"geometry":{"type":"Point","coordinates":[24.85361,60.163538]}},{"type":"Feature","properties":{"FID":14670,"route_vari":"31M2_3","route_id":"31M2","direction_":0,"stop_seque":13,"stop_id":"1310601","stop_code":"H0013","stop_heads":"Mellunmäki via Rautatientori","stop_name":"Lauttasaari","stop_desc":"Gyldénintie 2a","zone_id":"A","stop_url":"http://aikataulut.hsl.fi/pysakit/fi/1310601.html","location_t":0,"parent_sta":"1000118","wheelchair":1,"route_shor":"M2","route_long":"Tapiola - Mellunmäki","route_type":"1","vehicle_ty":"1","route_url":"http://aikataulut.hsl.fi/linjat/fi/bM2.html","shape_id":"31M2 7_20221203_1"},"geometry":{"type":"Point","coordinates":[24.87857,60.159362]}},{"type":"Feature","properties":{"FID":14671,"route_vari":"31M2_3","route_id":"31M2","direction_":0,"stop_seque":14,"stop_id":"1201601","stop_code":"H0015","stop_heads":"Mellunmäki via Rautatientori","stop_name":"Ruoholahti","stop_desc":"Itämerenkatu 14","zone_id":"A","stop_url":"http://aikataulut.hsl.fi/pysakit/fi/1201601.html","location_t":0,"parent_sta":"1000101","wheelchair":1,"route_shor":"M2","route_long":"Tapiola - Mellunmäki","route_type":"1","vehicle_ty":"1","route_url":"http://aikataulut.hsl.fi/linjat/fi/bM2.html","shape_id":"31M2 7_20221203_1"},"geometry":{"type":"Point","coordinates":[24.915567,60.163178]}},{"type":"Feature","properties":{"FID":14672,"route_vari":"31M2_3","route_id":"31M2","direction_":0,"stop_seque":15,"stop_id":"1040601","stop_code":"H0017","stop_heads":"Mellunmäki via Itäkeskus","stop_name":"Kamppi","stop_desc":"Urho Kekkosen katu","zone_id":"A","stop_url":"http://aikataulut.hsl.fi/pysakit/fi/1040601.html","location_t":0,"parent_sta":"1000102","wheelchair":1,"route_shor":"M2","route_long":"Tapiola - Mellunmäki","route_type":"1","vehicle_ty":"1","route_url":"http://aikataulut.hsl.fi/linjat/fi/bM2.html","shape_id":"31M2 7_20221203_1"},"geometry":{"type":"Point","coordinates":[24.931215,60.16883]}},{"type":"Feature","properties":{"FID":14673,"route_vari":"31M2_3","route_id":"31M2","direction_":0,"stop_seque":16,"stop_id":"1020601","stop_code":"H0019","stop_heads":"Mellunmäki via Itäkeskus","stop_name":"Rautatientori","stop_desc":"Asema-aukio","zone_id":"A","stop_url":"http://aikataulut.hsl.fi/pysakit/fi/1020601.html","location_t":0,"parent_sta":"1000103","wheelchair":1,"route_shor":"M2","route_long":"Tapiola - Mellunmäki","route_type":"1","vehicle_ty":"1","route_url":"http://aikataulut.hsl.fi/linjat/fi/bM2.html","shape_id":"31M2 7_20221203_1"},"geometry":{"type":"Point","coordinates":[24.939846,60.170379]}},{"type":"Feature","properties":{"FID":14674,"route_vari":"31M2_3","route_id":"31M2","direction_":0,"stop_seque":17,"stop_id":"1020603","stop_code":"H0021","stop_heads":"Mellunmäki via Itäkeskus","stop_name":"Helsingin yliopisto","stop_desc":"Fabianinkatu","zone_id":"A","stop_url":"http://aikataulut.hsl.fi/pysakit/fi/1020603.html","location_t":0,"parent_sta":"1000104","wheelchair":1,"route_shor":"M2","route_long":"Tapiola - Mellunmäki","route_type":"1","vehicle_ty":"1","route_url":"http://aikataulut.hsl.fi/linjat/fi/bM2.html","shape_id":"31M2 7_20221203_1"},"geometry":{"type":"Point","coordinates":[24.947915,60.172009]}},{"type":"Feature","properties":{"FID":14675,"route_vari":"31M2_3","route_id":"31M2","direction_":0,"stop_seque":18,"stop_id":"1111601","stop_code":"H0023","stop_heads":"Mellunmäki via Itäkeskus","stop_name":"Hakaniemi","stop_desc":"Toinen linja","zone_id":"A","stop_url":"http://aikataulut.hsl.fi/pysakit/fi/1111601.html","location_t":0,"parent_sta":"1000105","wheelchair":1,"route_shor":"M2","route_long":"Tapiola - Mellunmäki","route_type":"1","vehicle_ty":"1","route_url":"http://aikataulut.hsl.fi/linjat/fi/bM2.html","shape_id":"31M2 7_20221203_1"},"geometry":{"type":"Point","coordinates":[24.950188,60.180481]}},{"type":"Feature","properties":{"FID":14676,"route_vari":"31M2_3","route_id":"31M2","direction_":0,"stop_seque":19,"stop_id":"1121601","stop_code":"H0025","stop_heads":"Mellunmäki via Itäkeskus","stop_name":"Sörnäinen","stop_desc":"Pengerkatu","zone_id":"A","stop_url":"http://aikataulut.hsl.fi/pysakit/fi/1121601.html","location_t":0,"parent_sta":"1000106","wheelchair":1,"route_shor":"M2","route_long":"Tapiola - Mellunmäki","route_type":"1","vehicle_ty":"1","route_url":"http://aikataulut.hsl.fi/linjat/fi/bM2.html","shape_id":"31M2 7_20221203_1"},"geometry":{"type":"Point","coordinates":[24.959708,60.187124]}},{"type":"Feature","properties":{"FID":14677,"route_vari":"31M2_3","route_id":"31M2","direction_":0,"stop_seque":20,"stop_id":"1100601","stop_code":"H0027","stop_heads":"Mellunmäki via Itäkeskus","stop_name":"Kalasatama","stop_desc":"Hermannin rantatie 1","zone_id":"A","stop_url":"http://aikataulut.hsl.fi/pysakit/fi/1100601.html","location_t":0,"parent_sta":"1000107","wheelchair":1,"route_shor":"M2","route_long":"Tapiola - Mellunmäki","route_type":"1","vehicle_ty":"1","route_url":"http://aikataulut.hsl.fi/linjat/fi/bM2.html","shape_id":"31M2 7_20221203_1"},"geometry":{"type":"Point","coordinates":[24.977068,60.187389]}},{"type":"Feature","properties":{"FID":14678,"route_vari":"31M2_3","route_id":"31M2","direction_":0,"stop_seque":21,"stop_id":"1420601","stop_code":"H0029","stop_heads":"Mellunmäki via Itäkeskus","stop_name":"Kulosaari","stop_desc":"Ukko-Pekan porras 2","zone_id":"A","stop_url":"http://aikataulut.hsl.fi/pysakit/fi/1420601.html","location_t":0,"parent_sta":"1000108","wheelchair":1,"route_shor":"M2","route_long":"Tapiola - Mellunmäki","route_type":"1","vehicle_ty":"1","route_url":"http://aikataulut.hsl.fi/linjat/fi/bM2.html","shape_id":"31M2 7_20221203_1"},"geometry":{"type":"Point","coordinates":[25.008191,60.188834]}},{"type":"Feature","properties":{"FID":14679,"route_vari":"31M2_3","route_id":"31M2","direction_":0,"stop_seque":22,"stop_id":"1431601","stop_code":"H0031","stop_heads":"Mellunmäki via Itäkeskus","stop_name":"Herttoniemi","stop_desc":"Hiihtomäentie 13","zone_id":"B","stop_url":"http://aikataulut.hsl.fi/pysakit/fi/1431601.html","location_t":0,"parent_sta":"1000109","wheelchair":1,"route_shor":"M2","route_long":"Tapiola - Mellunmäki","route_type":"1","vehicle_ty":"1","route_url":"http://aikataulut.hsl.fi/linjat/fi/bM2.html","shape_id":"31M2 7_20221203_1"},"geometry":{"type":"Point","coordinates":[25.030764,60.194802]}},{"type":"Feature","properties":{"FID":14680,"route_vari":"31M2_3","route_id":"31M2","direction_":0,"stop_seque":23,"stop_id":"1431603","stop_code":"H0033","stop_heads":"Mellunmäki via Itäkeskus","stop_name":"Siilitie","stop_desc":"Siilitie 2","zone_id":"B","stop_url":"http://aikataulut.hsl.fi/pysakit/fi/1431603.html","location_t":0,"parent_sta":"1000110","wheelchair":1,"route_shor":"M2","route_long":"Tapiola - Mellunmäki","route_type":"1","vehicle_ty":"1","route_url":"http://aikataulut.hsl.fi/linjat/fi/bM2.html","shape_id":"31M2 7_20221203_1"},"geometry":{"type":"Point","coordinates":[25.044593,60.205676]}},{"type":"Feature","properties":{"FID":14681,"route_vari":"31M2_3","route_id":"31M2","direction_":0,"stop_seque":24,"stop_id":"1453601","stop_code":"H0035","stop_heads":"Mellunmäki via Kontula","stop_name":"Itäkeskus","stop_desc":"Tallinnanaukio 2","zone_id":"B","stop_url":"http://aikataulut.hsl.fi/pysakit/fi/1453601.html","location_t":0,"parent_sta":"1000111","wheelchair":1,"route_shor":"M2","route_long":"Tapiola - Mellunmäki","route_type":"1","vehicle_ty":"1","route_url":"http://aikataulut.hsl.fi/linjat/fi/bM2.html","shape_id":"31M2 7_20221203_1"},"geometry":{"type":"Point","coordinates":[25.077784,60.210024]}},{"type":"Feature","properties":{"FID":14682,"route_vari":"31M2_3","route_id":"31M2","direction_":0,"stop_seque":25,"stop_id":"1454601","stop_code":"H0043","stop_heads":"Mellunmäki via Kontula","stop_name":"Myllypuro","stop_desc":"Myllyaukio 2","zone_id":"B","stop_url":"http://aikataulut.hsl.fi/pysakit/fi/1454601.html","location_t":0,"parent_sta":"1000112","wheelchair":1,"route_shor":"M2","route_long":"Tapiola - Mellunmäki","route_type":"1","vehicle_ty":"1","route_url":"http://aikataulut.hsl.fi/linjat/fi/bM2.html","shape_id":"31M2 7_20221203_1"},"geometry":{"type":"Point","coordinates":[25.075778,60.22501]}},{"type":"Feature","properties":{"FID":14683,"route_vari":"31M2_3","route_id":"31M2","direction_":0,"stop_seque":26,"stop_id":"1473601","stop_code":"H0045","stop_heads":"Mellunmäki","stop_name":"Kontula","stop_desc":"Kontulantie 20","zone_id":"B","stop_url":"http://aikataulut.hsl.fi/pysakit/fi/1473601.html","location_t":0,"parent_sta":"1000113","wheelchair":1,"route_shor":"M2","route_long":"Tapiola - Mellunmäki","route_type":"1","vehicle_ty":"1","route_url":"http://aikataulut.hsl.fi/linjat/fi/bM2.html","shape_id":"31M2 7_20221203_1"},"geometry":{"type":"Point","coordinates":[25.083694,60.23596]}},{"type":"Feature","properties":{"FID":14684,"route_vari":"31M2_3","route_id":"31M2","direction_":0,"stop_seque":27,"stop_id":"1473603","stop_code":"H0047","stop_heads":" ","stop_name":"Mellunmäki","stop_desc":"Pallaksentie 3","zone_id":"B","stop_url":"http://aikataulut.hsl.fi/pysakit/fi/1473603.html","location_t":0,"parent_sta":"1000114","wheelchair":1,"route_shor":"M2","route_long":"Tapiola - Mellunmäki","route_type":"1","vehicle_ty":"1","route_url":"http://aikataulut.hsl.fi/linjat/fi/bM2.html","shape_id":"31M2 7_20221203_1"},"geometry":{"type":"Point","coordinates":[25.110213,60.238896]}},{"type":"Feature","properties":{"FID":14685,"route_vari":"31M2B_1","route_id":"31M2B","direction_":0,"stop_seque":1,"stop_id":"1453601","stop_code":"H0035","stop_heads":"Mellunmäki via Kontula","stop_name":"Itäkeskus","stop_desc":"Tallinnanaukio 2","zone_id":"B","stop_url":"http://aikataulut.hsl.fi/pysakit/fi/1453601.html","location_t":0,"parent_sta":"1000111","wheelchair":1,"route_shor":"M2B","route_long":"Itäkeskus - Mellunmäki","route_type":"1","vehicle_ty":"1","route_url":"http://aikataulut.hsl.fi/linjat/fi/bM2B.html","shape_id":"31M2B_20220815_1"},"geometry":{"type":"Point","coordinates":[25.077784,60.210024]}},{"type":"Feature","properties":{"FID":14686,"route_vari":"31M2B_1","route_id":"31M2B","direction_":0,"stop_seque":2,"stop_id":"1454601","stop_code":"H0043","stop_heads":"Mellunmäki via Kontula","stop_name":"Myllypuro","stop_desc":"Myllyaukio 2","zone_id":"B","stop_url":"http://aikataulut.hsl.fi/pysakit/fi/1454601.html","location_t":0,"parent_sta":"1000112","wheelchair":1,"route_shor":"M2B","route_long":"Itäkeskus - Mellunmäki","route_type":"1","vehicle_ty":"1","route_url":"http://aikataulut.hsl.fi/linjat/fi/bM2B.html","shape_id":"31M2B_20220815_1"},"geometry":{"type":"Point","coordinates":[25.075778,60.22501]}},{"type":"Feature","properties":{"FID":14687,"route_vari":"31M2B_1","route_id":"31M2B","direction_":0,"stop_seque":3,"stop_id":"1473601","stop_code":"H0045","stop_heads":"Mellunmäki","stop_name":"Kontula","stop_desc":"Kontulantie 20","zone_id":"B","stop_url":"http://aikataulut.hsl.fi/pysakit/fi/1473601.html","location_t":0,"parent_sta":"1000113","wheelchair":1,"route_shor":"M2B","route_long":"Itäkeskus - Mellunmäki","route_type":"1","vehicle_ty":"1","route_url":"http://aikataulut.hsl.fi/linjat/fi/bM2B.html","shape_id":"31M2B_20220815_1"},"geometry":{"type":"Point","coordinates":[25.083694,60.23596]}},{"type":"Feature","properties":{"FID":14688,"route_vari":"31M2B_1","route_id":"31M2B","direction_":0,"stop_seque":4,"stop_id":"1473603","stop_code":"H0047","stop_heads":" ","stop_name":"Mellunmäki","stop_desc":"Pallaksentie 3","zone_id":"B","stop_url":"http://aikataulut.hsl.fi/pysakit/fi/1473603.html","location_t":0,"parent_sta":"1000114","wheelchair":1,"route_shor":"M2B","route_long":"Itäkeskus - Mellunmäki","route_type":"1","vehicle_ty":"1","route_url":"http://aikataulut.hsl.fi/linjat/fi/bM2B.html","shape_id":"31M2B_20220815_1"},"geometry":{"type":"Point","coordinates":[25.110213,60.238896]}},{"type":"Feature","properties":{"FID":15232,"route_vari":"3001D_1","route_id":"3001D","direction_":0,"stop_seque":1,"stop_id":"1020501","stop_code":"H0062","stop_heads":"Riihimäki","stop_name":"Helsinki","stop_desc":"Kaivokatu 1","zone_id":"A","stop_url":"http://aikataulut.hsl.fi/pysakit/fi/1020501.html","location_t":0,"parent_sta":"1000201","wheelchair":1,"route_shor":"D","route_long":"Helsinki-Riihimäki","route_type":"109","vehicle_ty":"109","route_url":"https://www.vr.fi/cs/vr/fi/paakaupunkiseudun_lahiliikenne","shape_id":"3001D_20241215_1"},"geometry":{"type":"Point","coordinates":[24.941671,60.171298]}},{"type":"Feature","properties":{"FID":15235,"route_vari":"3001D_1","route_id":"3001D","direction_":0,"stop_seque":2,"stop_id":"1174503","stop_code":"H0087","stop_heads":"Riihimäki","stop_name":"Pasila","stop_desc":"Ratapihantie","zone_id":"A","stop_url":"http://aikataulut.hsl.fi/pysakit/fi/1174503.html","location_t":0,"parent_sta":"1000202","wheelchair":1,"route_shor":"D","route_long":"Helsinki-Riihimäki","route_type":"109","vehicle_ty":"109","route_url":"https://www.vr.fi/cs/vr/fi/paakaupunkiseudun_lahiliikenne","shape_id":"3001D_20241215_1"},"geometry":{"type":"Point","coordinates":[24.933409,60.199575]}},{"type":"Feature","properties":{"FID":15238,"route_vari":"3001D_1","route_id":"3001D","direction_":0,"stop_seque":3,"stop_id":"4610504","stop_code":"V0614","stop_heads":"Riihimäki","stop_name":"Tikkurila","stop_desc":"Ratatie 11","zone_id":"C","stop_url":"http://aikataulut.hsl.fi/pysakit/fi/4610504.html","location_t":0,"parent_sta":"4000205","wheelchair":1,"route_shor":"D","route_long":"Helsinki-Riihimäki","route_type":"109","vehicle_ty":"109","route_url":"https://www.vr.fi/cs/vr/fi/paakaupunkiseudun_lahiliikenne","shape_id":"3001D_20241215_1"},"geometry":{"type":"Point","coordinates":[25.04432,60.292038]}},{"type":"Feature","properties":{"FID":15241,"route_vari":"3001D_1","route_id":"3001D","direction_":0,"stop_seque":4,"stop_id":"9040501","stop_code":"Ke0041","stop_heads":"Riihimäki","stop_name":"Kerava","stop_desc":"Asemanaukio 1","zone_id":"D","stop_url":"http://aikataulut.hsl.fi/pysakit/fi/9040501.html","location_t":0,"parent_sta":"9000202","wheelchair":1,"route_shor":"D","route_long":"Helsinki-Riihimäki","route_type":"109","vehicle_ty":"109","route_url":"https://www.vr.fi/cs/vr/fi/paakaupunkiseudun_lahiliikenne","shape_id":"3001D_20241215_1"},"geometry":{"type":"Point","coordinates":[25.106151,60.404663]}},{"type":"Feature","properties":{"FID":15243,"route_vari":"3001D_1","route_id":"3001D","direction_":0,"stop_seque":5,"stop_id":"5010503","stop_code":"Jä0103","stop_heads":"Riihimäki","stop_name":"Järvenpää","stop_desc":"Asema-aukio 1","zone_id":"D","stop_url":"http://aikataulut.hsl.fi/pysakit/fi/5010503.html","location_t":0,"parent_sta":"9500298","wheelchair":1,"route_shor":"D","route_long":"Helsinki-Riihimäki","route_type":"109","vehicle_ty":"109","route_url":"https://www.vr.fi/cs/vr/fi/paakaupunkiseudun_lahiliikenne","shape_id":"3001D_20241215_1"},"geometry":{"type":"Point","coordinates":[25.090844,60.473714]}},{"type":"Feature","properties":{"FID":15246,"route_vari":"3001D_1","route_id":"3001D","direction_":0,"stop_seque":6,"stop_id":"5010505","stop_code":"Hy0105","stop_heads":"Riihimäki","stop_name":"Hyvinkää","stop_desc":"Rautatienkatu 9","zone_id":"Ei HSL","stop_url":"http://aikataulut.hsl.fi/pysakit/fi/5010505.html","location_t":0,"parent_sta":" ","wheelchair":1,"route_shor":"D","route_long":"Helsinki-Riihimäki","route_type":"109","vehicle_ty":"109","route_url":"https://www.vr.fi/cs/vr/fi/paakaupunkiseudun_lahiliikenne","shape_id":"3001D_20241215_1"},"geometry":{"type":"Point","coordinates":[24.857754,60.631327]}},{"type":"Feature","properties":{"FID":15249,"route_vari":"3001D_1","route_id":"3001D","direction_":0,"stop_seque":7,"stop_id":"5010506","stop_code":"Ri0106","stop_heads":" ","stop_name":"Riihimäki","stop_desc":"Asemanaukio","zone_id":"Ei HSL","stop_url":"http://aikataulut.hsl.fi/pysakit/fi/5010506.html","location_t":0,"parent_sta":" ","wheelchair":1,"route_shor":"D","route_long":"Helsinki-Riihimäki","route_type":"109","vehicle_ty":"109","route_url":"https://www.vr.fi/cs/vr/fi/paakaupunkiseudun_lahiliikenne","shape_id":"3001D_20241215_1"},"geometry":{"type":"Point","coordinates":[24.7817,60.73514]}},{"type":"Feature","properties":{"FID":15252,"route_vari":"3001D_2","route_id":"3001D","direction_":1,"stop_seque":1,"stop_id":"5010556","stop_code":"Ri0156","stop_heads":"Helsinki","stop_name":"Riihimäki","stop_desc":"Asemanaukio","zone_id":"Ei HSL","stop_url":"http://aikataulut.hsl.fi/pysakit/fi/5010556.html","location_t":0,"parent_sta":" ","wheelchair":1,"route_shor":"D","route_long":"Helsinki-Riihimäki","route_type":"109","vehicle_ty":"109","route_url":"https://www.vr.fi/cs/vr/fi/paakaupunkiseudun_lahiliikenne","shape_id":"3001D_20241215_2"},"geometry":{"type":"Point","coordinates":[24.781681,60.73514]}},{"type":"Feature","properties":{"FID":15255,"route_vari":"3001D_2","route_id":"3001D","direction_":1,"stop_seque":2,"stop_id":"5010555","stop_code":"Hy0155","stop_heads":"Helsinki","stop_name":"Hyvinkää","stop_desc":"Rautatienkatu 9","zone_id":"Ei HSL","stop_url":"http://aikataulut.hsl.fi/pysakit/fi/5010555.html","location_t":0,"parent_sta":" ","wheelchair":1,"route_shor":"D","route_long":"Helsinki-Riihimäki","route_type":"109","vehicle_ty":"109","route_url":"https://www.vr.fi/cs/vr/fi/paakaupunkiseudun_lahiliikenne","shape_id":"3001D_20241215_2"},"geometry":{"type":"Point","coordinates":[24.857754,60.631327]}},{"type":"Feature","properties":{"FID":15257,"route_vari":"3001D_2","route_id":"3001D","direction_":1,"stop_seque":3,"stop_id":"5010553","stop_code":"Jä0153","stop_heads":"Helsinki","stop_name":"Järvenpää","stop_desc":"Asema-aukio 1","zone_id":"D","stop_url":"http://aikataulut.hsl.fi/pysakit/fi/5010553.html","location_t":0,"parent_sta":"9500298","wheelchair":1,"route_shor":"D","route_long":"Helsinki-Riihimäki","route_type":"109","vehicle_ty":"109","route_url":"https://www.vr.fi/cs/vr/fi/paakaupunkiseudun_lahiliikenne","shape_id":"3001D_20241215_2"},"geometry":{"type":"Point","coordinates":[25.090844,60.473714]}},{"type":"Feature","properties":{"FID":15260,"route_vari":"3001D_2","route_id":"3001D","direction_":1,"stop_seque":4,"stop_id":"9040502","stop_code":"Ke0042","stop_heads":"Helsinki","stop_name":"Kerava","stop_desc":"Asemanaukio 1","zone_id":"D","stop_url":"http://aikataulut.hsl.fi/pysakit/fi/9040502.html","location_t":0,"parent_sta":"9000202","wheelchair":1,"route_shor":"D","route_long":"Helsinki-Riihimäki","route_type":"109","vehicle_ty":"109","route_url":"https://www.vr.fi/cs/vr/fi/paakaupunkiseudun_lahiliikenne","shape_id":"3001D_20241215_2"},"geometry":{"type":"Point","coordinates":[25.106132,60.404654]}},{"type":"Feature","properties":{"FID":15263,"route_vari":"3001D_2","route_id":"3001D","direction_":1,"stop_seque":5,"stop_id":"4610553","stop_code":"V0618","stop_heads":"Helsinki","stop_name":"Tikkurila","stop_desc":"Ratatie 11","zone_id":"C","stop_url":"http://aikataulut.hsl.fi/pysakit/fi/4610553.html","location_t":0,"parent_sta":"4000205","wheelchair":1,"route_shor":"D","route_long":"Helsinki-Riihimäki","route_type":"109","vehicle_ty":"109","route_url":"https://www.vr.fi/cs/vr/fi/paakaupunkiseudun_lahiliikenne","shape_id":"3001D_20241215_2"},"geometry":{"type":"Point","coordinates":[25.044178,60.292677]}},{"type":"Feature","properties":{"FID":15266,"route_vari":"3001D_2","route_id":"3001D","direction_":1,"stop_seque":6,"stop_id":"1174553","stop_code":"H0089","stop_heads":"Helsinki","stop_name":"Pasila","stop_desc":"Ratapihantie","zone_id":"A","stop_url":"http://aikataulut.hsl.fi/pysakit/fi/1174553.html","location_t":0,"parent_sta":"1000202","wheelchair":1,"route_shor":"D","route_long":"Helsinki-Riihimäki","route_type":"109","vehicle_ty":"109","route_url":"https://www.vr.fi/cs/vr/fi/paakaupunkiseudun_lahiliikenne","shape_id":"3001D_20241215_2"},"geometry":{"type":"Point","coordinates":[24.933045,60.199532]}},{"type":"Feature","properties":{"FID":15269,"route_vari":"3001D_2","route_id":"3001D","direction_":1,"stop_seque":7,"stop_id":"1020551","stop_code":"H0063","stop_heads":" ","stop_name":"Helsinki","stop_desc":"Kaivokatu 1","zone_id":"A","stop_url":"http://aikataulut.hsl.fi/pysakit/fi/1020551.html","location_t":0,"parent_sta":"1000201","wheelchair":1,"route_shor":"D","route_long":"Helsinki-Riihimäki","route_type":"109","vehicle_ty":"109","route_url":"https://www.vr.fi/cs/vr/fi/paakaupunkiseudun_lahiliikenne","shape_id":"3001D_20241215_2"},"geometry":{"type":"Point","coordinates":[24.941401,60.1713]}},{"type":"Feature","properties":{"FID":15271,"route_vari":"3001H_1","route_id":"3001H","direction_":0,"stop_seque":1,"stop_id":"1020502","stop_code":"H0064","stop_heads":"Siuntio-Hanko via Kirkkonummi","stop_name":"Helsinki","stop_desc":"Kaivokatu 1","zone_id":"A","stop_url":"http://aikataulut.hsl.fi/pysakit/fi/1020502.html","location_t":0,"parent_sta":"1000201","wheelchair":1,"route_shor":"H","route_long":"Helsinki-Siuntio-Hanko","route_type":"109","vehicle_ty":"109","route_url":"https://www.vr.fi/cs/vr/fi/paakaupunkiseudun_lahiliikenne","shape_id":"3001H_20231210_1"},"geometry":{"type":"Point","coordinates":[24.939911,60.17272]}},{"type":"Feature","properties":{"FID":15273,"route_vari":"3001H_1","route_id":"3001H","direction_":0,"stop_seque":2,"stop_id":"1174504","stop_code":"H0090","stop_heads":"Siuntio-Hanko via Kirkkonummi","stop_name":"Pasila","stop_desc":"Ratapihantie 6","zone_id":"A","stop_url":"http://aikataulut.hsl.fi/pysakit/fi/1174504.html","location_t":0,"parent_sta":"1000202","wheelchair":1,"route_shor":"H","route_long":"Helsinki-Siuntio-Hanko","route_type":"109","vehicle_ty":"109","route_url":"https://www.vr.fi/cs/vr/fi/paakaupunkiseudun_lahiliikenne","shape_id":"3001H_20231210_1"},"geometry":{"type":"Point","coordinates":[24.932706,60.199483]}},{"type":"Feature","properties":{"FID":15276,"route_vari":"3001H_1","route_id":"3001H","direction_":0,"stop_seque":3,"stop_id":"2111502","stop_code":"E1057","stop_heads":"Siuntio-Hanko via Kirkkonummi","stop_name":"Leppävaara","stop_desc":"Leppävaaranaukio","zone_id":"B","stop_url":"http://aikataulut.hsl.fi/pysakit/fi/2111502.html","location_t":0,"parent_sta":"2000202","wheelchair":1,"route_shor":"H","route_long":"Helsinki-Siuntio-Hanko","route_type":"109","vehicle_ty":"109","route_url":"https://www.vr.fi/cs/vr/fi/paakaupunkiseudun_lahiliikenne","shape_id":"3001H_20231210_1"},"geometry":{"type":"Point","coordinates":[24.813242,60.219486]}},{"type":"Feature","properties":{"FID":15279,"route_vari":"3001H_1","route_id":"3001H","direction_":0,"stop_seque":4,"stop_id":"2611502","stop_code":"E6038","stop_heads":"Siuntio-Hanko via Kirkkonummi","stop_name":"Espoo","stop_desc":"Espoonsilta","zone_id":"C","stop_url":"http://aikataulut.hsl.fi/pysakit/fi/2611502.html","location_t":0,"parent_sta":"2000208","wheelchair":1,"route_shor":"H","route_long":"Helsinki-Siuntio-Hanko","route_type":"109","vehicle_ty":"109","route_url":"https://www.vr.fi/cs/vr/fi/paakaupunkiseudun_lahiliikenne","shape_id":"3001H_20231210_1"},"geometry":{"type":"Point","coordinates":[24.656384,60.205172]}},{"type":"Feature","properties":{"FID":15282,"route_vari":"3001H_1","route_id":"3001H","direction_":0,"stop_seque":5,"stop_id":"6010501","stop_code":"Ki0101","stop_heads":"Hanko via Siuntio","stop_name":"Kirkkonummi","stop_desc":"Asemankaari 12","zone_id":"D","stop_url":"http://aikataulut.hsl.fi/pysakit/fi/6010501.html","location_t":0,"parent_sta":"6000205","wheelchair":1,"route_shor":"H","route_long":"Helsinki-Siuntio-Hanko","route_type":"109","vehicle_ty":"109","route_url":"https://www.vr.fi/cs/vr/fi/paakaupunkiseudun_lahiliikenne","shape_id":"3001H_20231210_1"},"geometry":{"type":"Point","coordinates":[24.438926,60.11963]}},{"type":"Feature","properties":{"FID":15288,"route_vari":"3001H_1","route_id":"3001H","direction_":0,"stop_seque":6,"stop_id":"6010506","stop_code":"So0106","stop_heads":" ","stop_name":"Siuntio","stop_desc":"Ratapihantie","zone_id":"D","stop_url":"http://aikataulut.hsl.fi/pysakit/fi/6010506.html","location_t":0,"parent_sta":"6300299","wheelchair":1,"route_shor":"H","route_long":"Helsinki-Siuntio-Hanko","route_type":"109","vehicle_ty":"109","route_url":"https://www.vr.fi/cs/vr/fi/paakaupunkiseudun_lahiliikenne","shape_id":"3001H_20231210_1"},"geometry":{"type":"Point","coordinates":[24.219418,60.140441]}},{"type":"Feature","properties":{"FID":15291,"route_vari":"3001H_2","route_id":"3001H","direction_":1,"stop_seque":1,"stop_id":"6010506","stop_code":"So0106","stop_heads":"Helsinki","stop_name":"Siuntio","stop_desc":"Ratapihantie","zone_id":"D","stop_url":"http://aikataulut.hsl.fi/pysakit/fi/6010506.html","location_t":0,"parent_sta":"6300299","wheelchair":1,"route_shor":"H","route_long":"Helsinki-Siuntio-Hanko","route_type":"109","vehicle_ty":"109","route_url":"https://www.vr.fi/cs/vr/fi/paakaupunkiseudun_lahiliikenne","shape_id":"3001H_20231210_2"},"geometry":{"type":"Point","coordinates":[24.219418,60.140441]}},{"type":"Feature","properties":{"FID":15294,"route_vari":"3001H_2","route_id":"3001H","direction_":1,"stop_seque":2,"stop_id":"6010551","stop_code":"Ki0151","stop_heads":"Helsinki","stop_name":"Kirkkonummi","stop_desc":"Asemankaari 12","zone_id":"D","stop_url":"http://aikataulut.hsl.fi/pysakit/fi/6010551.html","location_t":0,"parent_sta":"6000205","wheelchair":1,"route_shor":"H","route_long":"Helsinki-Siuntio-Hanko","route_type":"109","vehicle_ty":"109","route_url":"https://www.vr.fi/cs/vr/fi/paakaupunkiseudun_lahiliikenne","shape_id":"3001H_20231210_2"},"geometry":{"type":"Point","coordinates":[24.438908,60.11963]}},{"type":"Feature","properties":{"FID":15297,"route_vari":"3001H_2","route_id":"3001H","direction_":1,"stop_seque":3,"stop_id":"2611552","stop_code":"E6039","stop_heads":"Helsinki","stop_name":"Espoo","stop_desc":"Espoonsilta","zone_id":"C","stop_url":"http://aikataulut.hsl.fi/pysakit/fi/2611552.html","location_t":0,"parent_sta":"2000208","wheelchair":1,"route_shor":"H","route_long":"Helsinki-Siuntio-Hanko","route_type":"109","vehicle_ty":"109","route_url":"https://www.vr.fi/cs/vr/fi/paakaupunkiseudun_lahiliikenne","shape_id":"3001H_20231210_2"},"geometry":{"type":"Point","coordinates":[24.656446,60.205095]}},{"type":"Feature","properties":{"FID":15299,"route_vari":"3001H_2","route_id":"3001H","direction_":1,"stop_seque":4,"stop_id":"2111552","stop_code":"E1058","stop_heads":"Helsinki","stop_name":"Leppävaara","stop_desc":"Leppävaaranaukio","zone_id":"B","stop_url":"http://aikataulut.hsl.fi/pysakit/fi/2111552.html","location_t":0,"parent_sta":"2000202","wheelchair":1,"route_shor":"H","route_long":"Helsinki-Siuntio-Hanko","route_type":"109","vehicle_ty":"109","route_url":"https://www.vr.fi/cs/vr/fi/paakaupunkiseudun_lahiliikenne","shape_id":"3001H_20231210_2"},"geometry":{"type":"Point","coordinates":[24.813224,60.219477]}},{"type":"Feature","properties":{"FID":15302,"route_vari":"3001H_2","route_id":"3001H","direction_":1,"stop_seque":5,"stop_id":"1174554","stop_code":"H0091","stop_heads":"Helsinki","stop_name":"Pasila","stop_desc":"Ratapihantie 6","zone_id":"A","stop_url":"http://aikataulut.hsl.fi/pysakit/fi/1174554.html","location_t":0,"parent_sta":"1000202","wheelchair":1,"route_shor":"H","route_long":"Helsinki-Siuntio-Hanko","route_type":"109","vehicle_ty":"109","route_url":"https://www.vr.fi/cs/vr/fi/paakaupunkiseudun_lahiliikenne","shape_id":"3001H_20231210_2"},"geometry":{"type":"Point","coordinates":[24.932652,60.199474]}},{"type":"Feature","properties":{"FID":15305,"route_vari":"3001H_2","route_id":"3001H","direction_":1,"stop_seque":6,"stop_id":"1020552","stop_code":"H0065","stop_heads":" ","stop_name":"Helsinki","stop_desc":"Kaivokatu","zone_id":"A","stop_url":"http://aikataulut.hsl.fi/pysakit/fi/1020552.html","location_t":0,"parent_sta":"1000201","wheelchair":1,"route_shor":"H","route_long":"Helsinki-Siuntio-Hanko","route_type":"109","vehicle_ty":"109","route_url":"https://www.vr.fi/cs/vr/fi/paakaupunkiseudun_lahiliikenne","shape_id":"3001H_20231210_2"},"geometry":{"type":"Point","coordinates":[24.939595,60.172725]}},{"type":"Feature","properties":{"FID":15308,"route_vari":"3001I_1","route_id":"3001I","direction_":0,"stop_seque":1,"stop_id":"1020503","stop_code":"H0070","stop_heads":"Lentoasema via Malmi-Tikkurila","stop_name":"Helsinki","stop_desc":"Kaivokatu 1","zone_id":"A","stop_url":"http://aikataulut.hsl.fi/pysakit/fi/1020503.html","location_t":0,"parent_sta":"1000201","wheelchair":1,"route_shor":"I","route_long":"Helsinki-Helsinki","route_type":"109","vehicle_ty":"109","route_url":"https://www.vr.fi/cs/vr/fi/paakaupunkiseudun_lahiliikenne","shape_id":"3001I_20240908_1"},"geometry":{"type":"Point","coordinates":[24.942044,60.172992]}},{"type":"Feature","properties":{"FID":15311,"route_vari":"3001I_1","route_id":"3001I","direction_":0,"stop_seque":2,"stop_id":"1174501","stop_code":"H0086","stop_heads":"Tikkurila-Lentoasema via Malmi","stop_name":"Pasila","stop_desc":"Ratapihantie 6","zone_id":"A","stop_url":"http://aikataulut.hsl.fi/pysakit/fi/1174501.html","location_t":0,"parent_sta":"1000202","wheelchair":1,"route_shor":"I","route_long":"Helsinki-Helsinki","route_type":"109","vehicle_ty":"109","route_url":"https://www.vr.fi/cs/vr/fi/paakaupunkiseudun_lahiliikenne","shape_id":"3001I_20240908_1"},"geometry":{"type":"Point","coordinates":[24.933611,60.199593]}},{"type":"Feature","properties":{"FID":15313,"route_vari":"3001I_1","route_id":"3001I","direction_":0,"stop_seque":3,"stop_id":"1250501","stop_code":"H0072","stop_heads":"Tikkurila-Lentoasema via Malmi","stop_name":"Käpylä","stop_desc":"Panuntie 9","zone_id":"A","stop_url":"http://aikataulut.hsl.fi/pysakit/fi/1250501.html","location_t":0,"parent_sta":"1000209","wheelchair":1,"route_shor":"I","route_long":"Helsinki-Helsinki","route_type":"109","vehicle_ty":"109","route_url":"https://www.vr.fi/cs/vr/fi/paakaupunkiseudun_lahiliikenne","shape_id":"3001I_20240908_1"},"geometry":{"type":"Point","coordinates":[24.946913,60.220358]}},{"type":"Feature","properties":{"FID":15315,"route_vari":"3001I_1","route_id":"3001I","direction_":0,"stop_seque":4,"stop_id":"1285501","stop_code":"H0073","stop_heads":"Tikkurila-Lentoasema via Malmi","stop_name":"Oulunkylä","stop_desc":"Oulunkylän tori 2 a","zone_id":"B","stop_url":"http://aikataulut.hsl.fi/pysakit/fi/1285501.html","location_t":0,"parent_sta":"1000210","wheelchair":1,"route_shor":"I","route_long":"Helsinki-Helsinki","route_type":"109","vehicle_ty":"109","route_url":"https://www.vr.fi/cs/vr/fi/paakaupunkiseudun_lahiliikenne","shape_id":"3001I_20240908_1"},"geometry":{"type":"Point","coordinates":[24.966417,60.228126]}},{"type":"Feature","properties":{"FID":15318,"route_vari":"3001I_1","route_id":"3001I","direction_":0,"stop_seque":5,"stop_id":"1370501","stop_code":"H0074","stop_heads":"Tikkurila-Lentoasema via Malmi","stop_name":"Pukinmäki","stop_desc":"Pukinmäen aukio 1","zone_id":"B","stop_url":"http://aikataulut.hsl.fi/pysakit/fi/1370501.html","location_t":0,"parent_sta":"1000211","wheelchair":1,"route_shor":"I","route_long":"Helsinki-Helsinki","route_type":"109","vehicle_ty":"109","route_url":"https://www.vr.fi/cs/vr/fi/paakaupunkiseudun_lahiliikenne","shape_id":"3001I_20240908_1"},"geometry":{"type":"Point","coordinates":[24.993811,60.242263]}},{"type":"Feature","properties":{"FID":15321,"route_vari":"3001I_1","route_id":"3001I","direction_":0,"stop_seque":6,"stop_id":"1382501","stop_code":"H0075","stop_heads":"Lentoasema via Tikkurila","stop_name":"Malmi","stop_desc":"Malminkaari 4","zone_id":"B","stop_url":"http://aikataulut.hsl.fi/pysakit/fi/1382501.html","location_t":0,"parent_sta":"1000212","wheelchair":1,"route_shor":"I","route_long":"Helsinki-Helsinki","route_type":"109","vehicle_ty":"109","route_url":"https://www.vr.fi/cs/vr/fi/paakaupunkiseudun_lahiliikenne","shape_id":"3001I_20240908_1"},"geometry":{"type":"Point","coordinates":[25.010696,60.25098]}},{"type":"Feature","properties":{"FID":15324,"route_vari":"3001I_1","route_id":"3001I","direction_":0,"stop_seque":7,"stop_id":"1392501","stop_code":"H0076","stop_heads":"Lentoasema via Tikkurila","stop_name":"Tapanila","stop_desc":"Sammaltori","zone_id":"B","stop_url":"http://aikataulut.hsl.fi/pysakit/fi/1392501.html","location_t":0,"parent_sta":"1000213","wheelchair":1,"route_shor":"I","route_long":"Helsinki-Helsinki","route_type":"109","vehicle_ty":"109","route_url":"https://www.vr.fi/cs/vr/fi/paakaupunkiseudun_lahiliikenne","shape_id":"3001I_20240908_1"},"geometry":{"type":"Point","coordinates":[25.028496,60.262484]}},{"type":"Feature","properties":{"FID":15342,"route_vari":"3001I_1","route_id":"3001I","direction_":0,"stop_seque":8,"stop_id":"1411501","stop_code":"H0077","stop_heads":"Lentoasema via Tikkurila","stop_name":"Puistola","stop_desc":"Tapulikaupungintie 1","zone_id":"B","stop_url":"http://aikataulut.hsl.fi/pysakit/fi/1411501.html","location_t":0,"parent_sta":"1000214","wheelchair":1,"route_shor":"I","route_long":"Helsinki-Helsinki","route_type":"109","vehicle_ty":"109","route_url":"https://www.vr.fi/cs/vr/fi/paakaupunkiseudun_lahiliikenne","shape_id":"3001I_20240908_1"},"geometry":{"type":"Point","coordinates":[25.036679,60.27603]}},{"type":"Feature","properties":{"FID":15345,"route_vari":"3001I_1","route_id":"3001I","direction_":0,"stop_seque":9,"stop_id":"4610501","stop_code":"V0611","stop_heads":"Lentoasema-Myyrmäki","stop_name":"Tikkurila","stop_desc":"Ratatie 11","zone_id":"C","stop_url":"http://aikataulut.hsl.fi/pysakit/fi/4610501.html","location_t":0,"parent_sta":"4000205","wheelchair":1,"route_shor":"I","route_long":"Helsinki-Helsinki","route_type":"109","vehicle_ty":"109","route_url":"https://www.vr.fi/cs/vr/fi/paakaupunkiseudun_lahiliikenne","shape_id":"3001I_20240908_1"},"geometry":{"type":"Point","coordinates":[25.044772,60.292591]}},{"type":"Feature","properties":{"FID":15348,"route_vari":"3001I_1","route_id":"3001I","direction_":0,"stop_seque":10,"stop_id":"4600501","stop_code":"V0601","stop_heads":"Lentoasema-Myyrmäki","stop_name":"Hiekkaharju","stop_desc":"Urheilutie 29","zone_id":"C","stop_url":"http://aikataulut.hsl.fi/pysakit/fi/4600501.html","location_t":0,"parent_sta":"4000206","wheelchair":1,"route_shor":"I","route_long":"Helsinki-Helsinki","route_type":"109","vehicle_ty":"109","route_url":"https://www.vr.fi/cs/vr/fi/paakaupunkiseudun_lahiliikenne","shape_id":"3001I_20240908_1"},"geometry":{"type":"Point","coordinates":[25.049019,60.303266]}},{"type":"Feature","properties":{"FID":15351,"route_vari":"3001I_1","route_id":"3001I","direction_":0,"stop_seque":11,"stop_id":"4700551","stop_code":"V0706","stop_heads":"Lentoasema-Myyrmäki","stop_name":"Leinelä","stop_desc":"Koivukylänväylä 54","zone_id":"C","stop_url":"http://aikataulut.hsl.fi/pysakit/fi/4700551.html","location_t":0,"parent_sta":"4000214","wheelchair":1,"route_shor":"I","route_long":"Helsinki-Helsinki","route_type":"109","vehicle_ty":"109","route_url":"https://www.vr.fi/cs/vr/fi/paakaupunkiseudun_lahiliikenne","shape_id":"3001I_20240908_1"},"geometry":{"type":"Point","coordinates":[25.037884,60.322912]}},{"type":"Feature","properties":{"FID":15354,"route_vari":"3001I_1","route_id":"3001I","direction_":0,"stop_seque":12,"stop_id":"4530551","stop_code":"V0536","stop_heads":"Helsinki via Myyrmäki-Huopalahti","stop_name":"Lentoasema","stop_desc":"Teletie 6","zone_id":"C","stop_url":"http://aikataulut.hsl.fi/pysakit/fi/4530551.html","location_t":0,"parent_sta":"4000213","wheelchair":1,"route_shor":"I","route_long":"Helsinki-Helsinki","route_type":"109","vehicle_ty":"109","route_url":"https://www.vr.fi/cs/vr/fi/paakaupunkiseudun_lahiliikenne","shape_id":"3001I_20240908_1"},"geometry":{"type":"Point","coordinates":[24.968699,60.315804]}},{"type":"Feature","properties":{"FID":15356,"route_vari":"3001I_1","route_id":"3001I","direction_":0,"stop_seque":13,"stop_id":"4520501","stop_code":"V0521","stop_heads":"Helsinki via Myyrmäki-Huopalahti","stop_name":"Aviapolis","stop_desc":"Aviabulevardi 2","zone_id":"C","stop_url":"http://aikataulut.hsl.fi/pysakit/fi/4520501.html","location_t":0,"parent_sta":"4000212","wheelchair":1,"route_shor":"I","route_long":"Helsinki-Helsinki","route_type":"109","vehicle_ty":"109","route_url":"https://www.vr.fi/cs/vr/fi/paakaupunkiseudun_lahiliikenne","shape_id":"3001I_20240908_1"},"geometry":{"type":"Point","coordinates":[24.956406,60.304302]}},{"type":"Feature","properties":{"FID":15359,"route_vari":"3001I_1","route_id":"3001I","direction_":0,"stop_seque":14,"stop_id":"4230501","stop_code":"V0231","stop_heads":"Helsinki via Myyrmäki-Huopalahti","stop_name":"Kivistö","stop_desc":"Keimolantie 10","zone_id":"C","stop_url":"http://aikataulut.hsl.fi/pysakit/fi/4230501.html","location_t":0,"parent_sta":"4000211","wheelchair":1,"route_shor":"I","route_long":"Helsinki-Helsinki","route_type":"109","vehicle_ty":"109","route_url":"https://www.vr.fi/cs/vr/fi/paakaupunkiseudun_lahiliikenne","shape_id":"3001I_20240908_1"},"geometry":{"type":"Point","coordinates":[24.847343,60.314658]}},{"type":"Feature","properties":{"FID":15361,"route_vari":"3001I_1","route_id":"3001I","direction_":0,"stop_seque":15,"stop_id":"4250501","stop_code":"V0251","stop_heads":"Helsinki via Myyrmäki-Huopalahti","stop_name":"Vehkala","stop_desc":"Härkähaantie 13","zone_id":"C","stop_url":"http://aikataulut.hsl.fi/pysakit/fi/4250501.html","location_t":0,"parent_sta":"4000210","wheelchair":1,"route_shor":"I","route_long":"Helsinki-Helsinki","route_type":"109","vehicle_ty":"109","route_url":"https://www.vr.fi/cs/vr/fi/paakaupunkiseudun_lahiliikenne","shape_id":"3001I_20240908_1"},"geometry":{"type":"Point","coordinates":[24.843716,60.295383]}},{"type":"Feature","properties":{"FID":15364,"route_vari":"3001I_1","route_id":"3001I","direction_":0,"stop_seque":16,"stop_id":"4170502","stop_code":"V0172","stop_heads":"Helsinki via Myyrmäki-Huopalahti","stop_name":"Vantaankoski","stop_desc":"Kivivuorentie 16","zone_id":"B","stop_url":"http://aikataulut.hsl.fi/pysakit/fi/4170502.html","location_t":0,"parent_sta":"4000204","wheelchair":1,"route_shor":"I","route_long":"Helsinki-Helsinki","route_type":"109","vehicle_ty":"109","route_url":"https://www.vr.fi/cs/vr/fi/paakaupunkiseudun_lahiliikenne","shape_id":"3001I_20240908_1"},"geometry":{"type":"Point","coordinates":[24.848043,60.285805]}},{"type":"Feature","properties":{"FID":15367,"route_vari":"3001I_1","route_id":"3001I","direction_":0,"stop_seque":17,"stop_id":"4170501","stop_code":"V0171","stop_heads":"Helsinki via Myyrmäki-Huopalahti","stop_name":"Martinlaakso","stop_desc":"Kivivuorentie 4","zone_id":"B","stop_url":"http://aikataulut.hsl.fi/pysakit/fi/4170501.html","location_t":0,"parent_sta":"4000203","wheelchair":1,"route_shor":"I","route_long":"Helsinki-Helsinki","route_type":"109","vehicle_ty":"109","route_url":"https://www.vr.fi/cs/vr/fi/paakaupunkiseudun_lahiliikenne","shape_id":"3001I_20240908_1"},"geometry":{"type":"Point","coordinates":[24.852827,60.27793]}},{"type":"Feature","properties":{"FID":15372,"route_vari":"3001I_1","route_id":"3001I","direction_":0,"stop_seque":18,"stop_id":"4150502","stop_code":"V0152","stop_heads":"Helsinki via Myyrmäki-Huopalahti","stop_name":"Louhela","stop_desc":"Patotie 1","zone_id":"B","stop_url":"http://aikataulut.hsl.fi/pysakit/fi/4150502.html","location_t":0,"parent_sta":"4000202","wheelchair":1,"route_shor":"I","route_long":"Helsinki-Helsinki","route_type":"109","vehicle_ty":"109","route_url":"https://www.vr.fi/cs/vr/fi/paakaupunkiseudun_lahiliikenne","shape_id":"3001I_20240908_1"},"geometry":{"type":"Point","coordinates":[24.853341,60.270594]}},{"type":"Feature","properties":{"FID":15375,"route_vari":"3001I_1","route_id":"3001I","direction_":0,"stop_seque":19,"stop_id":"4150501","stop_code":"V0151","stop_heads":"Helsinki via Huopalahti","stop_name":"Myyrmäki","stop_desc":"Jönsaksentie 6","zone_id":"B","stop_url":"http://aikataulut.hsl.fi/pysakit/fi/4150501.html","location_t":0,"parent_sta":"4000201","wheelchair":1,"route_shor":"I","route_long":"Helsinki-Helsinki","route_type":"109","vehicle_ty":"109","route_url":"https://www.vr.fi/cs/vr/fi/paakaupunkiseudun_lahiliikenne","shape_id":"3001I_20240908_1"},"geometry":{"type":"Point","coordinates":[24.85485,60.261922]}},{"type":"Feature","properties":{"FID":15378,"route_vari":"3001I_1","route_id":"3001I","direction_":0,"stop_seque":20,"stop_id":"1333502","stop_code":"H0084","stop_heads":"Helsinki via Huopalahti","stop_name":"Malminkartano","stop_desc":"Luutnantintie","zone_id":"B","stop_url":"http://aikataulut.hsl.fi/pysakit/fi/1333502.html","location_t":0,"parent_sta":"1000215","wheelchair":1,"route_shor":"I","route_long":"Helsinki-Helsinki","route_type":"109","vehicle_ty":"109","route_url":"https://www.vr.fi/cs/vr/fi/paakaupunkiseudun_lahiliikenne","shape_id":"3001I_20240908_1"},"geometry":{"type":"Point","coordinates":[24.861281,60.24945]}},{"type":"Feature","properties":{"FID":15381,"route_vari":"3001I_1","route_id":"3001I","direction_":0,"stop_seque":21,"stop_id":"1331501","stop_code":"H0083","stop_heads":"Helsinki via Huopalahti","stop_name":"Kannelmäki","stop_desc":"Sitratori 2","zone_id":"B","stop_url":"http://aikataulut.hsl.fi/pysakit/fi/1331501.html","location_t":0,"parent_sta":"1000208","wheelchair":1,"route_shor":"I","route_long":"Helsinki-Helsinki","route_type":"109","vehicle_ty":"109","route_url":"https://www.vr.fi/cs/vr/fi/paakaupunkiseudun_lahiliikenne","shape_id":"3001I_20240908_1"},"geometry":{"type":"Point","coordinates":[24.877092,60.239608]}},{"type":"Feature","properties":{"FID":15386,"route_vari":"3001I_1","route_id":"3001I","direction_":0,"stop_seque":22,"stop_id":"1294502","stop_code":"H0082","stop_heads":"Helsinki via Huopalahti","stop_name":"Pohjois-Haaga","stop_desc":"Kuparitie 3","zone_id":"B","stop_url":"http://aikataulut.hsl.fi/pysakit/fi/1294502.html","location_t":0,"parent_sta":"1000207","wheelchair":1,"route_shor":"I","route_long":"Helsinki-Helsinki","route_type":"109","vehicle_ty":"109","route_url":"https://www.vr.fi/cs/vr/fi/paakaupunkiseudun_lahiliikenne","shape_id":"3001I_20240908_1"},"geometry":{"type":"Point","coordinates":[24.883444,60.230293]}},{"type":"Feature","properties":{"FID":15389,"route_vari":"3001I_1","route_id":"3001I","direction_":0,"stop_seque":23,"stop_id":"1291503","stop_code":"H0079","stop_heads":"Helsinki","stop_name":"Huopalahti","stop_desc":"Kylätie 25","zone_id":"B","stop_url":"http://aikataulut.hsl.fi/pysakit/fi/1291503.html","location_t":0,"parent_sta":"1000204","wheelchair":1,"route_shor":"I","route_long":"Helsinki-Helsinki","route_type":"109","vehicle_ty":"109","route_url":"https://www.vr.fi/cs/vr/fi/paakaupunkiseudun_lahiliikenne","shape_id":"3001I_20240908_1"},"geometry":{"type":"Point","coordinates":[24.893667,60.218201]}},{"type":"Feature","properties":{"FID":15392,"route_vari":"3001I_1","route_id":"3001I","direction_":0,"stop_seque":24,"stop_id":"1172553","stop_code":"H0078","stop_heads":"Helsinki","stop_name":"Ilmala","stop_desc":"Televisiokatu 9","zone_id":"A","stop_url":"http://aikataulut.hsl.fi/pysakit/fi/1172553.html","location_t":0,"parent_sta":"1000203","wheelchair":1,"route_shor":"I","route_long":"Helsinki-Helsinki","route_type":"109","vehicle_ty":"109","route_url":"https://www.vr.fi/cs/vr/fi/paakaupunkiseudun_lahiliikenne","shape_id":"3001I_20240908_1"},"geometry":{"type":"Point","coordinates":[24.921303,60.207587]}},{"type":"Feature","properties":{"FID":15395,"route_vari":"3001I_1","route_id":"3001I","direction_":0,"stop_seque":25,"stop_id":"1174552","stop_code":"H0092","stop_heads":"Helsinki","stop_name":"Pasila","stop_desc":"Ratapihantie 6","zone_id":"A","stop_url":"http://aikataulut.hsl.fi/pysakit/fi/1174552.html","location_t":0,"parent_sta":"1000202","wheelchair":1,"route_shor":"I","route_long":"Helsinki-Helsinki","route_type":"109","vehicle_ty":"109","route_url":"https://www.vr.fi/cs/vr/fi/paakaupunkiseudun_lahiliikenne","shape_id":"3001I_20240908_1"},"geometry":{"type":"Point","coordinates":[24.932381,60.199449]}},{"type":"Feature","properties":{"FID":15398,"route_vari":"3001I_1","route_id":"3001I","direction_":0,"stop_seque":26,"stop_id":"1020552","stop_code":"H0065","stop_heads":" ","stop_name":"Helsinki","stop_desc":"Kaivokatu","zone_id":"A","stop_url":"http://aikataulut.hsl.fi/pysakit/fi/1020552.html","location_t":0,"parent_sta":"1000201","wheelchair":1,"route_shor":"I","route_long":"Helsinki-Helsinki","route_type":"109","vehicle_ty":"109","route_url":"https://www.vr.fi/cs/vr/fi/paakaupunkiseudun_lahiliikenne","shape_id":"3001I_20240908_1"},"geometry":{"type":"Point","coordinates":[24.939595,60.172725]}},{"type":"Feature","properties":{"FID":15400,"route_vari":"3001K_1","route_id":"3001K","direction_":0,"stop_seque":1,"stop_id":"1020503","stop_code":"H0070","stop_heads":"Kerava via Malmi-Tikkurila","stop_name":"Helsinki","stop_desc":"Kaivokatu 1","zone_id":"A","stop_url":"http://aikataulut.hsl.fi/pysakit/fi/1020503.html","location_t":0,"parent_sta":"1000201","wheelchair":1,"route_shor":"K","route_long":"Helsinki-Kerava","route_type":"109","vehicle_ty":"109","route_url":"https://www.vr.fi/cs/vr/fi/paakaupunkiseudun_lahiliikenne","shape_id":"3001K_20210830_1"},"geometry":{"type":"Point","coordinates":[24.942044,60.172992]}},{"type":"Feature","properties":{"FID":15403,"route_vari":"3001K_1","route_id":"3001K","direction_":0,"stop_seque":2,"stop_id":"1174501","stop_code":"H0086","stop_heads":"Kerava via Malmi-Tikkurila","stop_name":"Pasila","stop_desc":"Ratapihantie 6","zone_id":"A","stop_url":"http://aikataulut.hsl.fi/pysakit/fi/1174501.html","location_t":0,"parent_sta":"1000202","wheelchair":1,"route_shor":"K","route_long":"Helsinki-Kerava","route_type":"109","vehicle_ty":"109","route_url":"https://www.vr.fi/cs/vr/fi/paakaupunkiseudun_lahiliikenne","shape_id":"3001K_20210830_1"},"geometry":{"type":"Point","coordinates":[24.933611,60.199593]}},{"type":"Feature","properties":{"FID":15406,"route_vari":"3001K_1","route_id":"3001K","direction_":0,"stop_seque":3,"stop_id":"1250501","stop_code":"H0072","stop_heads":"Kerava via Malmi-Tikkurila","stop_name":"Käpylä","stop_desc":"Panuntie 9","zone_id":"A","stop_url":"http://aikataulut.hsl.fi/pysakit/fi/1250501.html","location_t":0,"parent_sta":"1000209","wheelchair":1,"route_shor":"K","route_long":"Helsinki-Kerava","route_type":"109","vehicle_ty":"109","route_url":"https://www.vr.fi/cs/vr/fi/paakaupunkiseudun_lahiliikenne","shape_id":"3001K_20210830_1"},"geometry":{"type":"Point","coordinates":[24.946913,60.220358]}},{"type":"Feature","properties":{"FID":15409,"route_vari":"3001K_1","route_id":"3001K","direction_":0,"stop_seque":4,"stop_id":"1285501","stop_code":"H0073","stop_heads":"Kerava via Malmi-Tikkurila","stop_name":"Oulunkylä","stop_desc":"Oulunkylän tori 2 a","zone_id":"B","stop_url":"http://aikataulut.hsl.fi/pysakit/fi/1285501.html","location_t":0,"parent_sta":"1000210","wheelchair":1,"route_shor":"K","route_long":"Helsinki-Kerava","route_type":"109","vehicle_ty":"109","route_url":"https://www.vr.fi/cs/vr/fi/paakaupunkiseudun_lahiliikenne","shape_id":"3001K_20210830_1"},"geometry":{"type":"Point","coordinates":[24.966417,60.228126]}},{"type":"Feature","properties":{"FID":15412,"route_vari":"3001K_1","route_id":"3001K","direction_":0,"stop_seque":5,"stop_id":"1370501","stop_code":"H0074","stop_heads":"Kerava via Malmi-Tikkurila","stop_name":"Pukinmäki","stop_desc":"Pukinmäen aukio 1","zone_id":"B","stop_url":"http://aikataulut.hsl.fi/pysakit/fi/1370501.html","location_t":0,"parent_sta":"1000211","wheelchair":1,"route_shor":"K","route_long":"Helsinki-Kerava","route_type":"109","vehicle_ty":"109","route_url":"https://www.vr.fi/cs/vr/fi/paakaupunkiseudun_lahiliikenne","shape_id":"3001K_20210830_1"},"geometry":{"type":"Point","coordinates":[24.993811,60.242263]}},{"type":"Feature","properties":{"FID":15414,"route_vari":"3001K_1","route_id":"3001K","direction_":0,"stop_seque":6,"stop_id":"1382501","stop_code":"H0075","stop_heads":"Kerava via Tikkurila","stop_name":"Malmi","stop_desc":"Malminkaari 4","zone_id":"B","stop_url":"http://aikataulut.hsl.fi/pysakit/fi/1382501.html","location_t":0,"parent_sta":"1000212","wheelchair":1,"route_shor":"K","route_long":"Helsinki-Kerava","route_type":"109","vehicle_ty":"109","route_url":"https://www.vr.fi/cs/vr/fi/paakaupunkiseudun_lahiliikenne","shape_id":"3001K_20210830_1"},"geometry":{"type":"Point","coordinates":[25.010696,60.25098]}},{"type":"Feature","properties":{"FID":15416,"route_vari":"3001K_1","route_id":"3001K","direction_":0,"stop_seque":7,"stop_id":"1392501","stop_code":"H0076","stop_heads":"Kerava via Tikkurila","stop_name":"Tapanila","stop_desc":"Sammaltori","zone_id":"B","stop_url":"http://aikataulut.hsl.fi/pysakit/fi/1392501.html","location_t":0,"parent_sta":"1000213","wheelchair":1,"route_shor":"K","route_long":"Helsinki-Kerava","route_type":"109","vehicle_ty":"109","route_url":"https://www.vr.fi/cs/vr/fi/paakaupunkiseudun_lahiliikenne","shape_id":"3001K_20210830_1"},"geometry":{"type":"Point","coordinates":[25.028496,60.262484]}},{"type":"Feature","properties":{"FID":15419,"route_vari":"3001K_1","route_id":"3001K","direction_":0,"stop_seque":8,"stop_id":"1411501","stop_code":"H0077","stop_heads":"Kerava via Tikkurila","stop_name":"Puistola","stop_desc":"Tapulikaupungintie 1","zone_id":"B","stop_url":"http://aikataulut.hsl.fi/pysakit/fi/1411501.html","location_t":0,"parent_sta":"1000214","wheelchair":1,"route_shor":"K","route_long":"Helsinki-Kerava","route_type":"109","vehicle_ty":"109","route_url":"https://www.vr.fi/cs/vr/fi/paakaupunkiseudun_lahiliikenne","shape_id":"3001K_20210830_1"},"geometry":{"type":"Point","coordinates":[25.036679,60.27603]}},{"type":"Feature","properties":{"FID":15422,"route_vari":"3001K_1","route_id":"3001K","direction_":0,"stop_seque":9,"stop_id":"4610501","stop_code":"V0611","stop_heads":"Kerava","stop_name":"Tikkurila","stop_desc":"Ratatie 11","zone_id":"C","stop_url":"http://aikataulut.hsl.fi/pysakit/fi/4610501.html","location_t":0,"parent_sta":"4000205","wheelchair":1,"route_shor":"K","route_long":"Helsinki-Kerava","route_type":"109","vehicle_ty":"109","route_url":"https://www.vr.fi/cs/vr/fi/paakaupunkiseudun_lahiliikenne","shape_id":"3001K_20210830_1"},"geometry":{"type":"Point","coordinates":[25.044772,60.292591]}},{"type":"Feature","properties":{"FID":15425,"route_vari":"3001K_1","route_id":"3001K","direction_":0,"stop_seque":10,"stop_id":"4600501","stop_code":"V0601","stop_heads":"Kerava","stop_name":"Hiekkaharju","stop_desc":"Urheilutie 29","zone_id":"C","stop_url":"http://aikataulut.hsl.fi/pysakit/fi/4600501.html","location_t":0,"parent_sta":"4000206","wheelchair":1,"route_shor":"K","route_long":"Helsinki-Kerava","route_type":"109","vehicle_ty":"109","route_url":"https://www.vr.fi/cs/vr/fi/paakaupunkiseudun_lahiliikenne","shape_id":"3001K_20210830_1"},"geometry":{"type":"Point","coordinates":[25.049019,60.303266]}},{"type":"Feature","properties":{"FID":15428,"route_vari":"3001K_1","route_id":"3001K","direction_":0,"stop_seque":11,"stop_id":"4740501","stop_code":"V0741","stop_heads":"Kerava","stop_name":"Koivukylä","stop_desc":"Koivukylän puistotie","zone_id":"C","stop_url":"http://aikataulut.hsl.fi/pysakit/fi/4740501.html","location_t":0,"parent_sta":"4000207","wheelchair":1,"route_shor":"K","route_long":"Helsinki-Kerava","route_type":"109","vehicle_ty":"109","route_url":"https://www.vr.fi/cs/vr/fi/paakaupunkiseudun_lahiliikenne","shape_id":"3001K_20210830_1"},"geometry":{"type":"Point","coordinates":[25.059989,60.323635]}},{"type":"Feature","properties":{"FID":15430,"route_vari":"3001K_1","route_id":"3001K","direction_":0,"stop_seque":12,"stop_id":"4730501","stop_code":"V0731","stop_heads":"Kerava","stop_name":"Rekola","stop_desc":"Kasperinpolku 10","zone_id":"C","stop_url":"http://aikataulut.hsl.fi/pysakit/fi/4730501.html","location_t":0,"parent_sta":"4000208","wheelchair":1,"route_shor":"K","route_long":"Helsinki-Kerava","route_type":"109","vehicle_ty":"109","route_url":"https://www.vr.fi/cs/vr/fi/paakaupunkiseudun_lahiliikenne","shape_id":"3001K_20210830_1"},"geometry":{"type":"Point","coordinates":[25.06813,60.332385]}},{"type":"Feature","properties":{"FID":15433,"route_vari":"3001K_1","route_id":"3001K","direction_":0,"stop_seque":13,"stop_id":"4810501","stop_code":"V0811","stop_heads":"Kerava","stop_name":"Korso","stop_desc":"Metsolantie 2","zone_id":"C","stop_url":"http://aikataulut.hsl.fi/pysakit/fi/4810501.html","location_t":0,"parent_sta":"4000209","wheelchair":1,"route_shor":"K","route_long":"Helsinki-Kerava","route_type":"109","vehicle_ty":"109","route_url":"https://www.vr.fi/cs/vr/fi/paakaupunkiseudun_lahiliikenne","shape_id":"3001K_20210830_1"},"geometry":{"type":"Point","coordinates":[25.078111,60.350669]}},{"type":"Feature","properties":{"FID":15436,"route_vari":"3001K_1","route_id":"3001K","direction_":0,"stop_seque":14,"stop_id":"9090501","stop_code":"Ke0091","stop_heads":"Kerava","stop_name":"Savio","stop_desc":"Saviontie 80","zone_id":"D","stop_url":"http://aikataulut.hsl.fi/pysakit/fi/9090501.html","location_t":0,"parent_sta":"9000201","wheelchair":1,"route_shor":"K","route_long":"Helsinki-Kerava","route_type":"109","vehicle_ty":"109","route_url":"https://www.vr.fi/cs/vr/fi/paakaupunkiseudun_lahiliikenne","shape_id":"3001K_20210830_1"},"geometry":{"type":"Point","coordinates":[25.097732,60.380407]}},{"type":"Feature","properties":{"FID":15439,"route_vari":"3001K_1","route_id":"3001K","direction_":0,"stop_seque":15,"stop_id":"9040506","stop_code":"Ke0044","stop_heads":" ","stop_name":"Kerava","stop_desc":"Asemanaukio 1","zone_id":"D","stop_url":"http://aikataulut.hsl.fi/pysakit/fi/9040506.html","location_t":0,"parent_sta":"9000202","wheelchair":1,"route_shor":"K","route_long":"Helsinki-Kerava","route_type":"109","vehicle_ty":"109","route_url":"https://www.vr.fi/cs/vr/fi/paakaupunkiseudun_lahiliikenne","shape_id":"3001K_20210830_1"},"geometry":{"type":"Point","coordinates":[25.106581,60.404628]}},{"type":"Feature","properties":{"FID":15442,"route_vari":"3001K_2","route_id":"3001K","direction_":1,"stop_seque":1,"stop_id":"9040505","stop_code":"Ke0043","stop_heads":"Helsinki via Tikkurila","stop_name":"Kerava","stop_desc":"Asemanaukio 1","zone_id":"D","stop_url":"http://aikataulut.hsl.fi/pysakit/fi/9040505.html","location_t":0,"parent_sta":"9000202","wheelchair":1,"route_shor":"K","route_long":"Helsinki-Kerava","route_type":"109","vehicle_ty":"109","route_url":"https://www.vr.fi/cs/vr/fi/paakaupunkiseudun_lahiliikenne","shape_id":"3001K_20210830_2"},"geometry":{"type":"Point","coordinates":[25.106474,60.404596]}},{"type":"Feature","properties":{"FID":15444,"route_vari":"3001K_2","route_id":"3001K","direction_":1,"stop_seque":2,"stop_id":"9090502","stop_code":"Ke0092","stop_heads":"Helsinki via Tikkurila","stop_name":"Savio","stop_desc":"Saviontie 80","zone_id":"D","stop_url":"http://aikataulut.hsl.fi/pysakit/fi/9090502.html","location_t":0,"parent_sta":"9000201","wheelchair":1,"route_shor":"K","route_long":"Helsinki-Kerava","route_type":"109","vehicle_ty":"109","route_url":"https://www.vr.fi/cs/vr/fi/paakaupunkiseudun_lahiliikenne","shape_id":"3001K_20210830_2"},"geometry":{"type":"Point","coordinates":[25.097714,60.380407]}},{"type":"Feature","properties":{"FID":15447,"route_vari":"3001K_2","route_id":"3001K","direction_":1,"stop_seque":3,"stop_id":"4810551","stop_code":"V0816","stop_heads":"Helsinki via Tikkurila","stop_name":"Korso","stop_desc":"Metsolantie 2","zone_id":"C","stop_url":"http://aikataulut.hsl.fi/pysakit/fi/4810551.html","location_t":0,"parent_sta":"4000209","wheelchair":1,"route_shor":"K","route_long":"Helsinki-Kerava","route_type":"109","vehicle_ty":"109","route_url":"https://www.vr.fi/cs/vr/fi/paakaupunkiseudun_lahiliikenne","shape_id":"3001K_20210830_2"},"geometry":{"type":"Point","coordinates":[25.078111,60.350669]}},{"type":"Feature","properties":{"FID":15450,"route_vari":"3001K_2","route_id":"3001K","direction_":1,"stop_seque":4,"stop_id":"4730551","stop_code":"V0736","stop_heads":"Helsinki via Tikkurila","stop_name":"Rekola","stop_desc":"Kasperinpolku 10","zone_id":"C","stop_url":"http://aikataulut.hsl.fi/pysakit/fi/4730551.html","location_t":0,"parent_sta":"4000208","wheelchair":1,"route_shor":"K","route_long":"Helsinki-Kerava","route_type":"109","vehicle_ty":"109","route_url":"https://www.vr.fi/cs/vr/fi/paakaupunkiseudun_lahiliikenne","shape_id":"3001K_20210830_2"},"geometry":{"type":"Point","coordinates":[25.06813,60.332385]}},{"type":"Feature","properties":{"FID":15453,"route_vari":"3001K_2","route_id":"3001K","direction_":1,"stop_seque":5,"stop_id":"4740551","stop_code":"V0746","stop_heads":"Helsinki via Tikkurila","stop_name":"Koivukylä","stop_desc":"Koivukylän puistotie","zone_id":"C","stop_url":"http://aikataulut.hsl.fi/pysakit/fi/4740551.html","location_t":0,"parent_sta":"4000207","wheelchair":1,"route_shor":"K","route_long":"Helsinki-Kerava","route_type":"109","vehicle_ty":"109","route_url":"https://www.vr.fi/cs/vr/fi/paakaupunkiseudun_lahiliikenne","shape_id":"3001K_20210830_2"},"geometry":{"type":"Point","coordinates":[25.059989,60.323635]}},{"type":"Feature","properties":{"FID":15456,"route_vari":"3001K_2","route_id":"3001K","direction_":1,"stop_seque":6,"stop_id":"4600551","stop_code":"V0606","stop_heads":"Helsinki via Tikkurila","stop_name":"Hiekkaharju","stop_desc":"Urheilutie 29","zone_id":"C","stop_url":"http://aikataulut.hsl.fi/pysakit/fi/4600551.html","location_t":0,"parent_sta":"4000206","wheelchair":1,"route_shor":"K","route_long":"Helsinki-Kerava","route_type":"109","vehicle_ty":"109","route_url":"https://www.vr.fi/cs/vr/fi/paakaupunkiseudun_lahiliikenne","shape_id":"3001K_20210830_2"},"geometry":{"type":"Point","coordinates":[25.049019,60.303266]}},{"type":"Feature","properties":{"FID":15458,"route_vari":"3001K_2","route_id":"3001K","direction_":1,"stop_seque":7,"stop_id":"4610551","stop_code":"V0617","stop_heads":"Helsinki via Malmi","stop_name":"Tikkurila","stop_desc":"Ratatie 11","zone_id":"C","stop_url":"http://aikataulut.hsl.fi/pysakit/fi/4610551.html","location_t":0,"parent_sta":"4000205","wheelchair":1,"route_shor":"K","route_long":"Helsinki-Kerava","route_type":"109","vehicle_ty":"109","route_url":"https://www.vr.fi/cs/vr/fi/paakaupunkiseudun_lahiliikenne","shape_id":"3001K_20210830_2"},"geometry":{"type":"Point","coordinates":[25.044898,60.29259]}},{"type":"Feature","properties":{"FID":15460,"route_vari":"3001K_2","route_id":"3001K","direction_":1,"stop_seque":8,"stop_id":"1411551","stop_code":"H0077","stop_heads":"Helsinki via Malmi","stop_name":"Puistola","stop_desc":"Tapuliaukio","zone_id":"B","stop_url":"http://aikataulut.hsl.fi/pysakit/fi/1411551.html","location_t":0,"parent_sta":"1000214","wheelchair":1,"route_shor":"K","route_long":"Helsinki-Kerava","route_type":"109","vehicle_ty":"109","route_url":"https://www.vr.fi/cs/vr/fi/paakaupunkiseudun_lahiliikenne","shape_id":"3001K_20210830_2"},"geometry":{"type":"Point","coordinates":[25.036812,60.276015]}},{"type":"Feature","properties":{"FID":15463,"route_vari":"3001K_2","route_id":"3001K","direction_":1,"stop_seque":9,"stop_id":"1392551","stop_code":"H0076","stop_heads":"Helsinki via Malmi","stop_name":"Tapanila","stop_desc":"Sammaltori","zone_id":"B","stop_url":"http://aikataulut.hsl.fi/pysakit/fi/1392551.html","location_t":0,"parent_sta":"1000213","wheelchair":1,"route_shor":"K","route_long":"Helsinki-Kerava","route_type":"109","vehicle_ty":"109","route_url":"https://www.vr.fi/cs/vr/fi/paakaupunkiseudun_lahiliikenne","shape_id":"3001K_20210830_2"},"geometry":{"type":"Point","coordinates":[25.028626,60.262443]}},{"type":"Feature","properties":{"FID":15466,"route_vari":"3001K_2","route_id":"3001K","direction_":1,"stop_seque":10,"stop_id":"1382551","stop_code":"H0075","stop_heads":"Helsinki via Pukinmäki","stop_name":"Malmi","stop_desc":"Malminkaari 4","zone_id":"B","stop_url":"http://aikataulut.hsl.fi/pysakit/fi/1382551.html","location_t":0,"parent_sta":"1000212","wheelchair":1,"route_shor":"K","route_long":"Helsinki-Kerava","route_type":"109","vehicle_ty":"109","route_url":"https://www.vr.fi/cs/vr/fi/paakaupunkiseudun_lahiliikenne","shape_id":"3001K_20210830_2"},"geometry":{"type":"Point","coordinates":[25.010811,60.250924]}},{"type":"Feature","properties":{"FID":15469,"route_vari":"3001K_2","route_id":"3001K","direction_":1,"stop_seque":11,"stop_id":"1370551","stop_code":"H0074","stop_heads":"Helsinki via Oulunkylä","stop_name":"Pukinmäki","stop_desc":"Pukinmäen aukio","zone_id":"B","stop_url":"http://aikataulut.hsl.fi/pysakit/fi/1370551.html","location_t":0,"parent_sta":"1000211","wheelchair":1,"route_shor":"K","route_long":"Helsinki-Kerava","route_type":"109","vehicle_ty":"109","route_url":"https://www.vr.fi/cs/vr/fi/paakaupunkiseudun_lahiliikenne","shape_id":"3001K_20210830_2"},"geometry":{"type":"Point","coordinates":[24.993883,60.242231]}},{"type":"Feature","properties":{"FID":15474,"route_vari":"3001K_2","route_id":"3001K","direction_":1,"stop_seque":12,"stop_id":"1285551","stop_code":"H0073","stop_heads":"Helsinki","stop_name":"Oulunkylä","stop_desc":"Oulunkylän tori 2 a","zone_id":"B","stop_url":"http://aikataulut.hsl.fi/pysakit/fi/1285551.html","location_t":0,"parent_sta":"1000210","wheelchair":1,"route_shor":"K","route_long":"Helsinki-Kerava","route_type":"109","vehicle_ty":"109","route_url":"https://www.vr.fi/cs/vr/fi/paakaupunkiseudun_lahiliikenne","shape_id":"3001K_20210830_2"},"geometry":{"type":"Point","coordinates":[24.966519,60.228072]}},{"type":"Feature","properties":{"FID":15477,"route_vari":"3001K_2","route_id":"3001K","direction_":1,"stop_seque":13,"stop_id":"1250551","stop_code":"H0072","stop_heads":"Helsinki","stop_name":"Käpylä","stop_desc":"Panuntie 9","zone_id":"A","stop_url":"http://aikataulut.hsl.fi/pysakit/fi/1250551.html","location_t":0,"parent_sta":"1000209","wheelchair":1,"route_shor":"K","route_long":"Helsinki-Kerava","route_type":"109","vehicle_ty":"109","route_url":"https://www.vr.fi/cs/vr/fi/paakaupunkiseudun_lahiliikenne","shape_id":"3001K_20210830_2"},"geometry":{"type":"Point","coordinates":[24.947051,60.220269]}},{"type":"Feature","properties":{"FID":15480,"route_vari":"3001K_2","route_id":"3001K","direction_":1,"stop_seque":14,"stop_id":"1174551","stop_code":"H0085","stop_heads":"Helsinki","stop_name":"Pasila","stop_desc":"Ratapihantie 6","zone_id":"A","stop_url":"http://aikataulut.hsl.fi/pysakit/fi/1174551.html","location_t":0,"parent_sta":"1000202","wheelchair":1,"route_shor":"K","route_long":"Helsinki-Kerava","route_type":"109","vehicle_ty":"109","route_url":"https://www.vr.fi/cs/vr/fi/paakaupunkiseudun_lahiliikenne","shape_id":"3001K_20210830_2"},"geometry":{"type":"Point","coordinates":[24.933734,60.1996]}},{"type":"Feature","properties":{"FID":15483,"route_vari":"3001K_2","route_id":"3001K","direction_":1,"stop_seque":15,"stop_id":"1020553","stop_code":"H0061","stop_heads":" ","stop_name":"Helsinki","stop_desc":"Kaivokatu 1","zone_id":"A","stop_url":"http://aikataulut.hsl.fi/pysakit/fi/1020553.html","location_t":0,"parent_sta":"1000201","wheelchair":1,"route_shor":"K","route_long":"Helsinki-Kerava","route_type":"109","vehicle_ty":"109","route_url":"https://www.vr.fi/cs/vr/fi/paakaupunkiseudun_lahiliikenne","shape_id":"3001K_20210830_2"},"geometry":{"type":"Point","coordinates":[24.941576,60.172987]}},{"type":"Feature","properties":{"FID":15486,"route_vari":"3001R_1","route_id":"3001R","direction_":0,"stop_seque":1,"stop_id":"1020501","stop_code":"H0062","stop_heads":"Riihimäki","stop_name":"Helsinki","stop_desc":"Kaivokatu 1","zone_id":"A","stop_url":"http://aikataulut.hsl.fi/pysakit/fi/1020501.html","location_t":0,"parent_sta":"1000201","wheelchair":1,"route_shor":"R","route_long":"Helsinki-Riihimäki","route_type":"109","vehicle_ty":"109","route_url":"https://www.vr.fi/cs/vr/fi/paakaupunkiseudun_lahiliikenne","shape_id":"3001R_20250811_1"},"geometry":{"type":"Point","coordinates":[24.941671,60.171298]}},{"type":"Feature","properties":{"FID":15488,"route_vari":"3001R_1","route_id":"3001R","direction_":0,"stop_seque":2,"stop_id":"1174503","stop_code":"H0087","stop_heads":"Riihimäki","stop_name":"Pasila","stop_desc":"Ratapihantie","zone_id":"A","stop_url":"http://aikataulut.hsl.fi/pysakit/fi/1174503.html","location_t":0,"parent_sta":"1000202","wheelchair":1,"route_shor":"R","route_long":"Helsinki-Riihimäki","route_type":"109","vehicle_ty":"109","route_url":"https://www.vr.fi/cs/vr/fi/paakaupunkiseudun_lahiliikenne","shape_id":"3001R_20250811_1"},"geometry":{"type":"Point","coordinates":[24.933409,60.199575]}},{"type":"Feature","properties":{"FID":15491,"route_vari":"3001R_1","route_id":"3001R","direction_":0,"stop_seque":3,"stop_id":"4610504","stop_code":"V0614","stop_heads":"Riihimäki","stop_name":"Tikkurila","stop_desc":"Ratatie 11","zone_id":"C","stop_url":"http://aikataulut.hsl.fi/pysakit/fi/4610504.html","location_t":0,"parent_sta":"4000205","wheelchair":1,"route_shor":"R","route_long":"Helsinki-Riihimäki","route_type":"109","vehicle_ty":"109","route_url":"https://www.vr.fi/cs/vr/fi/paakaupunkiseudun_lahiliikenne","shape_id":"3001R_20250811_1"},"geometry":{"type":"Point","coordinates":[25.04432,60.292038]}},{"type":"Feature","properties":{"FID":15494,"route_vari":"3001R_1","route_id":"3001R","direction_":0,"stop_seque":4,"stop_id":"9040501","stop_code":"Ke0041","stop_heads":"Riihimäki","stop_name":"Kerava","stop_desc":"Asemanaukio 1","zone_id":"D","stop_url":"http://aikataulut.hsl.fi/pysakit/fi/9040501.html","location_t":0,"parent_sta":"9000202","wheelchair":1,"route_shor":"R","route_long":"Helsinki-Riihimäki","route_type":"109","vehicle_ty":"109","route_url":"https://www.vr.fi/cs/vr/fi/paakaupunkiseudun_lahiliikenne","shape_id":"3001R_20250811_1"},"geometry":{"type":"Point","coordinates":[25.106151,60.404663]}},{"type":"Feature","properties":{"FID":15497,"route_vari":"3001R_1","route_id":"3001R","direction_":0,"stop_seque":5,"stop_id":"5010513","stop_code":"Jä0101","stop_heads":"Riihimäki","stop_name":"Ainola","stop_desc":"Viulukonsertonkatu 7","zone_id":"D","stop_url":"http://aikataulut.hsl.fi/pysakit/fi/5010513.html","location_t":0,"parent_sta":"9500297","wheelchair":0,"route_shor":"R","route_long":"Helsinki-Riihimäki","route_type":"109","vehicle_ty":"109","route_url":"https://www.vr.fi/cs/vr/fi/paakaupunkiseudun_lahiliikenne","shape_id":"3001R_20250811_1"},"geometry":{"type":"Point","coordinates":[25.102711,60.454219]}},{"type":"Feature","properties":{"FID":15500,"route_vari":"3001R_1","route_id":"3001R","direction_":0,"stop_seque":6,"stop_id":"5010503","stop_code":"Jä0103","stop_heads":"Riihimäki","stop_name":"Järvenpää","stop_desc":"Asema-aukio 1","zone_id":"D","stop_url":"http://aikataulut.hsl.fi/pysakit/fi/5010503.html","location_t":0,"parent_sta":"9500298","wheelchair":1,"route_shor":"R","route_long":"Helsinki-Riihimäki","route_type":"109","vehicle_ty":"109","route_url":"https://www.vr.fi/cs/vr/fi/paakaupunkiseudun_lahiliikenne","shape_id":"3001R_20250811_1"},"geometry":{"type":"Point","coordinates":[25.090844,60.473714]}},{"type":"Feature","properties":{"FID":15502,"route_vari":"3001R_1","route_id":"3001R","direction_":0,"stop_seque":7,"stop_id":"5010510","stop_code":"Jä0110","stop_heads":"Riihimäki","stop_name":"Saunakallio","stop_desc":"Ristikatu 1","zone_id":"D","stop_url":"http://aikataulut.hsl.fi/pysakit/fi/5010510.html","location_t":0,"parent_sta":"9500299","wheelchair":1,"route_shor":"R","route_long":"Helsinki-Riihimäki","route_type":"109","vehicle_ty":"109","route_url":"https://www.vr.fi/cs/vr/fi/paakaupunkiseudun_lahiliikenne","shape_id":"3001R_20250811_1"},"geometry":{"type":"Point","coordinates":[25.065419,60.487454]}},{"type":"Feature","properties":{"FID":15507,"route_vari":"3001R_1","route_id":"3001R","direction_":0,"stop_seque":9,"stop_id":"5010505","stop_code":"Hy0105","stop_heads":"Riihimäki","stop_name":"Hyvinkää","stop_desc":"Rautatienkatu 9","zone_id":"Ei HSL","stop_url":"http://aikataulut.hsl.fi/pysakit/fi/5010505.html","location_t":0,"parent_sta":" ","wheelchair":1,"route_shor":"R","route_long":"Helsinki-Riihimäki","route_type":"109","vehicle_ty":"109","route_url":"https://www.vr.fi/cs/vr/fi/paakaupunkiseudun_lahiliikenne","shape_id":"3001R_20250811_1"},"geometry":{"type":"Point","coordinates":[24.857754,60.631327]}},{"type":"Feature","properties":{"FID":15510,"route_vari":"3001R_1","route_id":"3001R","direction_":0,"stop_seque":10,"stop_id":"5010506","stop_code":"Ri0106","stop_heads":" ","stop_name":"Riihimäki","stop_desc":"Asemanaukio","zone_id":"Ei HSL","stop_url":"http://aikataulut.hsl.fi/pysakit/fi/5010506.html","location_t":0,"parent_sta":" ","wheelchair":1,"route_shor":"R","route_long":"Helsinki-Riihimäki","route_type":"109","vehicle_ty":"109","route_url":"https://www.vr.fi/cs/vr/fi/paakaupunkiseudun_lahiliikenne","shape_id":"3001R_20250811_1"},"geometry":{"type":"Point","coordinates":[24.7817,60.73514]}},{"type":"Feature","properties":{"FID":15513,"route_vari":"3001R_2","route_id":"3001R","direction_":1,"stop_seque":1,"stop_id":"5010556","stop_code":"Ri0156","stop_heads":"Helsinki","stop_name":"Riihimäki","stop_desc":"Asemanaukio","zone_id":"Ei HSL","stop_url":"http://aikataulut.hsl.fi/pysakit/fi/5010556.html","location_t":0,"parent_sta":" ","wheelchair":1,"route_shor":"R","route_long":"Helsinki-Riihimäki","route_type":"109","vehicle_ty":"109","route_url":"https://www.vr.fi/cs/vr/fi/paakaupunkiseudun_lahiliikenne","shape_id":"3001R_20250811_2"},"geometry":{"type":"Point","coordinates":[24.781681,60.73514]}},{"type":"Feature","properties":{"FID":15516,"route_vari":"3001R_2","route_id":"3001R","direction_":1,"stop_seque":2,"stop_id":"5010555","stop_code":"Hy0155","stop_heads":"Helsinki","stop_name":"Hyvinkää","stop_desc":"Rautatienkatu 9","zone_id":"Ei HSL","stop_url":"http://aikataulut.hsl.fi/pysakit/fi/5010555.html","location_t":0,"parent_sta":" ","wheelchair":1,"route_shor":"R","route_long":"Helsinki-Riihimäki","route_type":"109","vehicle_ty":"109","route_url":"https://www.vr.fi/cs/vr/fi/paakaupunkiseudun_lahiliikenne","shape_id":"3001R_20250811_2"},"geometry":{"type":"Point","coordinates":[24.857754,60.631327]}},{"type":"Feature","properties":{"FID":15521,"route_vari":"3001R_2","route_id":"3001R","direction_":1,"stop_seque":4,"stop_id":"5010560","stop_code":"Jä0160","stop_heads":"Helsinki","stop_name":"Saunakallio","stop_desc":"Ristikatu 1","zone_id":"D","stop_url":"http://aikataulut.hsl.fi/pysakit/fi/5010560.html","location_t":0,"parent_sta":"9500299","wheelchair":1,"route_shor":"R","route_long":"Helsinki-Riihimäki","route_type":"109","vehicle_ty":"109","route_url":"https://www.vr.fi/cs/vr/fi/paakaupunkiseudun_lahiliikenne","shape_id":"3001R_20250811_2"},"geometry":{"type":"Point","coordinates":[25.065401,60.487446]}},{"type":"Feature","properties":{"FID":15524,"route_vari":"3001R_2","route_id":"3001R","direction_":1,"stop_seque":5,"stop_id":"5010553","stop_code":"Jä0153","stop_heads":"Helsinki","stop_name":"Järvenpää","stop_desc":"Asema-aukio 1","zone_id":"D","stop_url":"http://aikataulut.hsl.fi/pysakit/fi/5010553.html","location_t":0,"parent_sta":"9500298","wheelchair":1,"route_shor":"R","route_long":"Helsinki-Riihimäki","route_type":"109","vehicle_ty":"109","route_url":"https://www.vr.fi/cs/vr/fi/paakaupunkiseudun_lahiliikenne","shape_id":"3001R_20250811_2"},"geometry":{"type":"Point","coordinates":[25.090844,60.473714]}},{"type":"Feature","properties":{"FID":15527,"route_vari":"3001R_2","route_id":"3001R","direction_":1,"stop_seque":6,"stop_id":"5010559","stop_code":"Jä0159","stop_heads":"Helsinki","stop_name":"Ainola","stop_desc":"Lepolanväylä 20","zone_id":"D","stop_url":"http://aikataulut.hsl.fi/pysakit/fi/5010559.html","location_t":0,"parent_sta":"9500297","wheelchair":1,"route_shor":"R","route_long":"Helsinki-Riihimäki","route_type":"109","vehicle_ty":"109","route_url":"https://www.vr.fi/cs/vr/fi/paakaupunkiseudun_lahiliikenne","shape_id":"3001R_20250811_2"},"geometry":{"type":"Point","coordinates":[25.101391,60.45765]}},{"type":"Feature","properties":{"FID":15530,"route_vari":"3001R_2","route_id":"3001R","direction_":1,"stop_seque":7,"stop_id":"9040502","stop_code":"Ke0042","stop_heads":"Helsinki","stop_name":"Kerava","stop_desc":"Asemanaukio 1","zone_id":"D","stop_url":"http://aikataulut.hsl.fi/pysakit/fi/9040502.html","location_t":0,"parent_sta":"9000202","wheelchair":1,"route_shor":"R","route_long":"Helsinki-Riihimäki","route_type":"109","vehicle_ty":"109","route_url":"https://www.vr.fi/cs/vr/fi/paakaupunkiseudun_lahiliikenne","shape_id":"3001R_20250811_2"},"geometry":{"type":"Point","coordinates":[25.106132,60.404654]}},{"type":"Feature","properties":{"FID":15533,"route_vari":"3001R_2","route_id":"3001R","direction_":1,"stop_seque":8,"stop_id":"4610553","stop_code":"V0618","stop_heads":"Helsinki","stop_name":"Tikkurila","stop_desc":"Ratatie 11","zone_id":"C","stop_url":"http://aikataulut.hsl.fi/pysakit/fi/4610553.html","location_t":0,"parent_sta":"4000205","wheelchair":1,"route_shor":"R","route_long":"Helsinki-Riihimäki","route_type":"109","vehicle_ty":"109","route_url":"https://www.vr.fi/cs/vr/fi/paakaupunkiseudun_lahiliikenne","shape_id":"3001R_20250811_2"},"geometry":{"type":"Point","coordinates":[25.044178,60.292677]}},{"type":"Feature","properties":{"FID":15535,"route_vari":"3001R_2","route_id":"3001R","direction_":1,"stop_seque":9,"stop_id":"1174553","stop_code":"H0089","stop_heads":"Helsinki","stop_name":"Pasila","stop_desc":"Ratapihantie","zone_id":"A","stop_url":"http://aikataulut.hsl.fi/pysakit/fi/1174553.html","location_t":0,"parent_sta":"1000202","wheelchair":1,"route_shor":"R","route_long":"Helsinki-Riihimäki","route_type":"109","vehicle_ty":"109","route_url":"https://www.vr.fi/cs/vr/fi/paakaupunkiseudun_lahiliikenne","shape_id":"3001R_20250811_2"},"geometry":{"type":"Point","coordinates":[24.933045,60.199532]}},{"type":"Feature","properties":{"FID":15538,"route_vari":"3001R_2","route_id":"3001R","direction_":1,"stop_seque":10,"stop_id":"1020551","stop_code":"H0063","stop_heads":" ","stop_name":"Helsinki","stop_desc":"Kaivokatu 1","zone_id":"A","stop_url":"http://aikataulut.hsl.fi/pysakit/fi/1020551.html","location_t":0,"parent_sta":"1000201","wheelchair":1,"route_shor":"R","route_long":"Helsinki-Riihimäki","route_type":"109","vehicle_ty":"109","route_url":"https://www.vr.fi/cs/vr/fi/paakaupunkiseudun_lahiliikenne","shape_id":"3001R_20250811_2"},"geometry":{"type":"Point","coordinates":[24.941401,60.1713]}},{"type":"Feature","properties":{"FID":15541,"route_vari":"3001R_3","route_id":"3001R","direction_":0,"stop_seque":1,"stop_id":"1020501","stop_code":"H0062","stop_heads":"Kerava via Tikkurila","stop_name":"Helsinki","stop_desc":"Kaivokatu 1","zone_id":"A","stop_url":"http://aikataulut.hsl.fi/pysakit/fi/1020501.html","location_t":0,"parent_sta":"1000201","wheelchair":1,"route_shor":"R","route_long":"Helsinki-Riihimäki","route_type":"109","vehicle_ty":"109","route_url":"https://www.vr.fi/cs/vr/fi/paakaupunkiseudun_lahiliikenne","shape_id":"3001R3_20240622_1"},"geometry":{"type":"Point","coordinates":[24.941671,60.171298]}},{"type":"Feature","properties":{"FID":15544,"route_vari":"3001R_3","route_id":"3001R","direction_":0,"stop_seque":2,"stop_id":"1174503","stop_code":"H0087","stop_heads":"Kerava via Tikkurila","stop_name":"Pasila","stop_desc":"Ratapihantie","zone_id":"A","stop_url":"http://aikataulut.hsl.fi/pysakit/fi/1174503.html","location_t":0,"parent_sta":"1000202","wheelchair":1,"route_shor":"R","route_long":"Helsinki-Riihimäki","route_type":"109","vehicle_ty":"109","route_url":"https://www.vr.fi/cs/vr/fi/paakaupunkiseudun_lahiliikenne","shape_id":"3001R3_20240622_1"},"geometry":{"type":"Point","coordinates":[24.933409,60.199575]}},{"type":"Feature","properties":{"FID":15550,"route_vari":"3001R_3","route_id":"3001R","direction_":0,"stop_seque":3,"stop_id":"4610504","stop_code":"V0614","stop_heads":"Kerava","stop_name":"Tikkurila","stop_desc":"Ratatie 11","zone_id":"C","stop_url":"http://aikataulut.hsl.fi/pysakit/fi/4610504.html","location_t":0,"parent_sta":"4000205","wheelchair":1,"route_shor":"R","route_long":"Helsinki-Riihimäki","route_type":"109","vehicle_ty":"109","route_url":"https://www.vr.fi/cs/vr/fi/paakaupunkiseudun_lahiliikenne","shape_id":"3001R3_20240622_1"},"geometry":{"type":"Point","coordinates":[25.04432,60.292038]}},{"type":"Feature","properties":{"FID":15553,"route_vari":"3001R_3","route_id":"3001R","direction_":0,"stop_seque":4,"stop_id":"9040501","stop_code":"Ke0041","stop_heads":" ","stop_name":"Kerava","stop_desc":"Asemanaukio 1","zone_id":"D","stop_url":"http://aikataulut.hsl.fi/pysakit/fi/9040501.html","location_t":0,"parent_sta":"9000202","wheelchair":1,"route_shor":"R","route_long":"Helsinki-Riihimäki","route_type":"109","vehicle_ty":"109","route_url":"https://www.vr.fi/cs/vr/fi/paakaupunkiseudun_lahiliikenne","shape_id":"3001R3_20240622_1"},"geometry":{"type":"Point","coordinates":[25.106151,60.404663]}},{"type":"Feature","properties":{"FID":15556,"route_vari":"3001T_1","route_id":"3001T","direction_":0,"stop_seque":1,"stop_id":"1020501","stop_code":"H0062","stop_heads":"Riihimäki via Kerava","stop_name":"Helsinki","stop_desc":"Kaivokatu 1","zone_id":"A","stop_url":"http://aikataulut.hsl.fi/pysakit/fi/1020501.html","location_t":0,"parent_sta":"1000201","wheelchair":1,"route_shor":"T","route_long":"Helsinki-Riihimäki","route_type":"109","vehicle_ty":"109","route_url":"https://www.vr.fi/cs/vr/fi/paakaupunkiseudun_lahiliikenne","shape_id":"3001T_20250811_1"},"geometry":{"type":"Point","coordinates":[24.941671,60.171298]}},{"type":"Feature","properties":{"FID":15559,"route_vari":"3001T_1","route_id":"3001T","direction_":0,"stop_seque":2,"stop_id":"1174501","stop_code":"H0086","stop_heads":"Riihimäki via Kerava","stop_name":"Pasila","stop_desc":"Ratapihantie 6","zone_id":"A","stop_url":"http://aikataulut.hsl.fi/pysakit/fi/1174501.html","location_t":0,"parent_sta":"1000202","wheelchair":1,"route_shor":"T","route_long":"Helsinki-Riihimäki","route_type":"109","vehicle_ty":"109","route_url":"https://www.vr.fi/cs/vr/fi/paakaupunkiseudun_lahiliikenne","shape_id":"3001T_20250811_1"},"geometry":{"type":"Point","coordinates":[24.933611,60.199593]}},{"type":"Feature","properties":{"FID":15561,"route_vari":"3001T_1","route_id":"3001T","direction_":0,"stop_seque":3,"stop_id":"1250501","stop_code":"H0072","stop_heads":"Riihimäki via Kerava","stop_name":"Käpylä","stop_desc":"Panuntie 9","zone_id":"A","stop_url":"http://aikataulut.hsl.fi/pysakit/fi/1250501.html","location_t":0,"parent_sta":"1000209","wheelchair":1,"route_shor":"T","route_long":"Helsinki-Riihimäki","route_type":"109","vehicle_ty":"109","route_url":"https://www.vr.fi/cs/vr/fi/paakaupunkiseudun_lahiliikenne","shape_id":"3001T_20250811_1"},"geometry":{"type":"Point","coordinates":[24.946913,60.220358]}},{"type":"Feature","properties":{"FID":15563,"route_vari":"3001T_1","route_id":"3001T","direction_":0,"stop_seque":4,"stop_id":"1285501","stop_code":"H0073","stop_heads":"Riihimäki via Kerava","stop_name":"Oulunkylä","stop_desc":"Oulunkylän tori 2 a","zone_id":"B","stop_url":"http://aikataulut.hsl.fi/pysakit/fi/1285501.html","location_t":0,"parent_sta":"1000210","wheelchair":1,"route_shor":"T","route_long":"Helsinki-Riihimäki","route_type":"109","vehicle_ty":"109","route_url":"https://www.vr.fi/cs/vr/fi/paakaupunkiseudun_lahiliikenne","shape_id":"3001T_20250811_1"},"geometry":{"type":"Point","coordinates":[24.966417,60.228126]}},{"type":"Feature","properties":{"FID":15566,"route_vari":"3001T_1","route_id":"3001T","direction_":0,"stop_seque":5,"stop_id":"1370501","stop_code":"H0074","stop_heads":"Riihimäki via Kerava","stop_name":"Pukinmäki","stop_desc":"Pukinmäen aukio 1","zone_id":"B","stop_url":"http://aikataulut.hsl.fi/pysakit/fi/1370501.html","location_t":0,"parent_sta":"1000211","wheelchair":1,"route_shor":"T","route_long":"Helsinki-Riihimäki","route_type":"109","vehicle_ty":"109","route_url":"https://www.vr.fi/cs/vr/fi/paakaupunkiseudun_lahiliikenne","shape_id":"3001T_20250811_1"},"geometry":{"type":"Point","coordinates":[24.993811,60.242263]}},{"type":"Feature","properties":{"FID":15569,"route_vari":"3001T_1","route_id":"3001T","direction_":0,"stop_seque":6,"stop_id":"1382501","stop_code":"H0075","stop_heads":"Riihimäki via Kerava","stop_name":"Malmi","stop_desc":"Malminkaari 4","zone_id":"B","stop_url":"http://aikataulut.hsl.fi/pysakit/fi/1382501.html","location_t":0,"parent_sta":"1000212","wheelchair":1,"route_shor":"T","route_long":"Helsinki-Riihimäki","route_type":"109","vehicle_ty":"109","route_url":"https://www.vr.fi/cs/vr/fi/paakaupunkiseudun_lahiliikenne","shape_id":"3001T_20250811_1"},"geometry":{"type":"Point","coordinates":[25.010696,60.25098]}},{"type":"Feature","properties":{"FID":15572,"route_vari":"3001T_1","route_id":"3001T","direction_":0,"stop_seque":7,"stop_id":"1392501","stop_code":"H0076","stop_heads":"Riihimäki via Kerava","stop_name":"Tapanila","stop_desc":"Sammaltori","zone_id":"B","stop_url":"http://aikataulut.hsl.fi/pysakit/fi/1392501.html","location_t":0,"parent_sta":"1000213","wheelchair":1,"route_shor":"T","route_long":"Helsinki-Riihimäki","route_type":"109","vehicle_ty":"109","route_url":"https://www.vr.fi/cs/vr/fi/paakaupunkiseudun_lahiliikenne","shape_id":"3001T_20250811_1"},"geometry":{"type":"Point","coordinates":[25.028496,60.262484]}},{"type":"Feature","properties":{"FID":15577,"route_vari":"3001T_1","route_id":"3001T","direction_":0,"stop_seque":8,"stop_id":"1411501","stop_code":"H0077","stop_heads":"Riihimäki via Kerava","stop_name":"Puistola","stop_desc":"Tapulikaupungintie 1","zone_id":"B","stop_url":"http://aikataulut.hsl.fi/pysakit/fi/1411501.html","location_t":0,"parent_sta":"1000214","wheelchair":1,"route_shor":"T","route_long":"Helsinki-Riihimäki","route_type":"109","vehicle_ty":"109","route_url":"https://www.vr.fi/cs/vr/fi/paakaupunkiseudun_lahiliikenne","shape_id":"3001T_20250811_1"},"geometry":{"type":"Point","coordinates":[25.036679,60.27603]}},{"type":"Feature","properties":{"FID":15580,"route_vari":"3001T_1","route_id":"3001T","direction_":0,"stop_seque":9,"stop_id":"4610501","stop_code":"V0611","stop_heads":"Riihimäki via Kerava","stop_name":"Tikkurila","stop_desc":"Ratatie 11","zone_id":"C","stop_url":"http://aikataulut.hsl.fi/pysakit/fi/4610501.html","location_t":0,"parent_sta":"4000205","wheelchair":1,"route_shor":"T","route_long":"Helsinki-Riihimäki","route_type":"109","vehicle_ty":"109","route_url":"https://www.vr.fi/cs/vr/fi/paakaupunkiseudun_lahiliikenne","shape_id":"3001T_20250811_1"},"geometry":{"type":"Point","coordinates":[25.044772,60.292591]}},{"type":"Feature","properties":{"FID":15583,"route_vari":"3001T_1","route_id":"3001T","direction_":0,"stop_seque":10,"stop_id":"4600501","stop_code":"V0601","stop_heads":"Riihimäki via Kerava","stop_name":"Hiekkaharju","stop_desc":"Urheilutie 29","zone_id":"C","stop_url":"http://aikataulut.hsl.fi/pysakit/fi/4600501.html","location_t":0,"parent_sta":"4000206","wheelchair":1,"route_shor":"T","route_long":"Helsinki-Riihimäki","route_type":"109","vehicle_ty":"109","route_url":"https://www.vr.fi/cs/vr/fi/paakaupunkiseudun_lahiliikenne","shape_id":"3001T_20250811_1"},"geometry":{"type":"Point","coordinates":[25.049019,60.303266]}},{"type":"Feature","properties":{"FID":15586,"route_vari":"3001T_1","route_id":"3001T","direction_":0,"stop_seque":11,"stop_id":"4740501","stop_code":"V0741","stop_heads":"Riihimäki via Kerava","stop_name":"Koivukylä","stop_desc":"Koivukylän puistotie","zone_id":"C","stop_url":"http://aikataulut.hsl.fi/pysakit/fi/4740501.html","location_t":0,"parent_sta":"4000207","wheelchair":1,"route_shor":"T","route_long":"Helsinki-Riihimäki","route_type":"109","vehicle_ty":"109","route_url":"https://www.vr.fi/cs/vr/fi/paakaupunkiseudun_lahiliikenne","shape_id":"3001T_20250811_1"},"geometry":{"type":"Point","coordinates":[25.059989,60.323635]}},{"type":"Feature","properties":{"FID":15592,"route_vari":"3001T_1","route_id":"3001T","direction_":0,"stop_seque":12,"stop_id":"4730501","stop_code":"V0731","stop_heads":"Riihimäki via Kerava","stop_name":"Rekola","stop_desc":"Kasperinpolku 10","zone_id":"C","stop_url":"http://aikataulut.hsl.fi/pysakit/fi/4730501.html","location_t":0,"parent_sta":"4000208","wheelchair":1,"route_shor":"T","route_long":"Helsinki-Riihimäki","route_type":"109","vehicle_ty":"109","route_url":"https://www.vr.fi/cs/vr/fi/paakaupunkiseudun_lahiliikenne","shape_id":"3001T_20250811_1"},"geometry":{"type":"Point","coordinates":[25.06813,60.332385]}},{"type":"Feature","properties":{"FID":15595,"route_vari":"3001T_1","route_id":"3001T","direction_":0,"stop_seque":13,"stop_id":"4810501","stop_code":"V0811","stop_heads":"Riihimäki via Kerava","stop_name":"Korso","stop_desc":"Metsolantie 2","zone_id":"C","stop_url":"http://aikataulut.hsl.fi/pysakit/fi/4810501.html","location_t":0,"parent_sta":"4000209","wheelchair":1,"route_shor":"T","route_long":"Helsinki-Riihimäki","route_type":"109","vehicle_ty":"109","route_url":"https://www.vr.fi/cs/vr/fi/paakaupunkiseudun_lahiliikenne","shape_id":"3001T_20250811_1"},"geometry":{"type":"Point","coordinates":[25.078111,60.350669]}},{"type":"Feature","properties":{"FID":15598,"route_vari":"3001T_1","route_id":"3001T","direction_":0,"stop_seque":14,"stop_id":"9090501","stop_code":"Ke0091","stop_heads":"Riihimäki via Kerava","stop_name":"Savio","stop_desc":"Saviontie 80","zone_id":"D","stop_url":"http://aikataulut.hsl.fi/pysakit/fi/9090501.html","location_t":0,"parent_sta":"9000201","wheelchair":1,"route_shor":"T","route_long":"Helsinki-Riihimäki","route_type":"109","vehicle_ty":"109","route_url":"https://www.vr.fi/cs/vr/fi/paakaupunkiseudun_lahiliikenne","shape_id":"3001T_20250811_1"},"geometry":{"type":"Point","coordinates":[25.097732,60.380407]}},{"type":"Feature","properties":{"FID":15601,"route_vari":"3001T_1","route_id":"3001T","direction_":0,"stop_seque":15,"stop_id":"9040501","stop_code":"Ke0041","stop_heads":"Riihimäki","stop_name":"Kerava","stop_desc":"Asemanaukio 1","zone_id":"D","stop_url":"http://aikataulut.hsl.fi/pysakit/fi/9040501.html","location_t":0,"parent_sta":"9000202","wheelchair":1,"route_shor":"T","route_long":"Helsinki-Riihimäki","route_type":"109","vehicle_ty":"109","route_url":"https://www.vr.fi/cs/vr/fi/paakaupunkiseudun_lahiliikenne","shape_id":"3001T_20250811_1"},"geometry":{"type":"Point","coordinates":[25.106151,60.404663]}},{"type":"Feature","properties":{"FID":15603,"route_vari":"3001T_1","route_id":"3001T","direction_":0,"stop_seque":16,"stop_id":"5010513","stop_code":"Jä0101","stop_heads":"Riihimäki","stop_name":"Ainola","stop_desc":"Viulukonsertonkatu 7","zone_id":"D","stop_url":"http://aikataulut.hsl.fi/pysakit/fi/5010513.html","location_t":0,"parent_sta":"9500297","wheelchair":0,"route_shor":"T","route_long":"Helsinki-Riihimäki","route_type":"109","vehicle_ty":"109","route_url":"https://www.vr.fi/cs/vr/fi/paakaupunkiseudun_lahiliikenne","shape_id":"3001T_20250811_1"},"geometry":{"type":"Point","coordinates":[25.102711,60.454219]}},{"type":"Feature","properties":{"FID":15605,"route_vari":"3001T_1","route_id":"3001T","direction_":0,"stop_seque":17,"stop_id":"5010503","stop_code":"Jä0103","stop_heads":"Riihimäki","stop_name":"Järvenpää","stop_desc":"Asema-aukio 1","zone_id":"D","stop_url":"http://aikataulut.hsl.fi/pysakit/fi/5010503.html","location_t":0,"parent_sta":"9500298","wheelchair":1,"route_shor":"T","route_long":"Helsinki-Riihimäki","route_type":"109","vehicle_ty":"109","route_url":"https://www.vr.fi/cs/vr/fi/paakaupunkiseudun_lahiliikenne","shape_id":"3001T_20250811_1"},"geometry":{"type":"Point","coordinates":[25.090844,60.473714]}},{"type":"Feature","properties":{"FID":15607,"route_vari":"3001T_1","route_id":"3001T","direction_":0,"stop_seque":18,"stop_id":"5010510","stop_code":"Jä0110","stop_heads":"Riihimäki","stop_name":"Saunakallio","stop_desc":"Ristikatu 1","zone_id":"D","stop_url":"http://aikataulut.hsl.fi/pysakit/fi/5010510.html","location_t":0,"parent_sta":"9500299","wheelchair":1,"route_shor":"T","route_long":"Helsinki-Riihimäki","route_type":"109","vehicle_ty":"109","route_url":"https://www.vr.fi/cs/vr/fi/paakaupunkiseudun_lahiliikenne","shape_id":"3001T_20250811_1"},"geometry":{"type":"Point","coordinates":[25.065419,60.487454]}},{"type":"Feature","properties":{"FID":15611,"route_vari":"3001T_1","route_id":"3001T","direction_":0,"stop_seque":20,"stop_id":"5010505","stop_code":"Hy0105","stop_heads":"Riihimäki","stop_name":"Hyvinkää","stop_desc":"Rautatienkatu 9","zone_id":"Ei HSL","stop_url":"http://aikataulut.hsl.fi/pysakit/fi/5010505.html","location_t":0,"parent_sta":" ","wheelchair":1,"route_shor":"T","route_long":"Helsinki-Riihimäki","route_type":"109","vehicle_ty":"109","route_url":"https://www.vr.fi/cs/vr/fi/paakaupunkiseudun_lahiliikenne","shape_id":"3001T_20250811_1"},"geometry":{"type":"Point","coordinates":[24.857754,60.631327]}},{"type":"Feature","properties":{"FID":15613,"route_vari":"3001T_1","route_id":"3001T","direction_":0,"stop_seque":21,"stop_id":"5010506","stop_code":"Ri0106","stop_heads":" ","stop_name":"Riihimäki","stop_desc":"Asemanaukio","zone_id":"Ei HSL","stop_url":"http://aikataulut.hsl.fi/pysakit/fi/5010506.html","location_t":0,"parent_sta":" ","wheelchair":1,"route_shor":"T","route_long":"Helsinki-Riihimäki","route_type":"109","vehicle_ty":"109","route_url":"https://www.vr.fi/cs/vr/fi/paakaupunkiseudun_lahiliikenne","shape_id":"3001T_20250811_1"},"geometry":{"type":"Point","coordinates":[24.7817,60.73514]}},{"type":"Feature","properties":{"FID":15615,"route_vari":"3001T_2","route_id":"3001T","direction_":1,"stop_seque":1,"stop_id":"5010556","stop_code":"Ri0156","stop_heads":"Helsinki","stop_name":"Riihimäki","stop_desc":"Asemanaukio","zone_id":"Ei HSL","stop_url":"http://aikataulut.hsl.fi/pysakit/fi/5010556.html","location_t":0,"parent_sta":" ","wheelchair":1,"route_shor":"T","route_long":"Helsinki-Riihimäki","route_type":"109","vehicle_ty":"109","route_url":"https://www.vr.fi/cs/vr/fi/paakaupunkiseudun_lahiliikenne","shape_id":"3001T_20250811_2"},"geometry":{"type":"Point","coordinates":[24.781681,60.73514]}},{"type":"Feature","properties":{"FID":15620,"route_vari":"3001T_2","route_id":"3001T","direction_":1,"stop_seque":2,"stop_id":"5010555","stop_code":"Hy0155","stop_heads":"Helsinki","stop_name":"Hyvinkää","stop_desc":"Rautatienkatu 9","zone_id":"Ei HSL","stop_url":"http://aikataulut.hsl.fi/pysakit/fi/5010555.html","location_t":0,"parent_sta":" ","wheelchair":1,"route_shor":"T","route_long":"Helsinki-Riihimäki","route_type":"109","vehicle_ty":"109","route_url":"https://www.vr.fi/cs/vr/fi/paakaupunkiseudun_lahiliikenne","shape_id":"3001T_20250811_2"},"geometry":{"type":"Point","coordinates":[24.857754,60.631327]}},{"type":"Feature","properties":{"FID":15626,"route_vari":"3001T_2","route_id":"3001T","direction_":1,"stop_seque":4,"stop_id":"5010560","stop_code":"Jä0160","stop_heads":"Helsinki","stop_name":"Saunakallio","stop_desc":"Ristikatu 1","zone_id":"D","stop_url":"http://aikataulut.hsl.fi/pysakit/fi/5010560.html","location_t":0,"parent_sta":"9500299","wheelchair":1,"route_shor":"T","route_long":"Helsinki-Riihimäki","route_type":"109","vehicle_ty":"109","route_url":"https://www.vr.fi/cs/vr/fi/paakaupunkiseudun_lahiliikenne","shape_id":"3001T_20250811_2"},"geometry":{"type":"Point","coordinates":[25.065401,60.487446]}},{"type":"Feature","properties":{"FID":15629,"route_vari":"3001T_2","route_id":"3001T","direction_":1,"stop_seque":5,"stop_id":"5010553","stop_code":"Jä0153","stop_heads":"Helsinki","stop_name":"Järvenpää","stop_desc":"Asema-aukio 1","zone_id":"D","stop_url":"http://aikataulut.hsl.fi/pysakit/fi/5010553.html","location_t":0,"parent_sta":"9500298","wheelchair":1,"route_shor":"T","route_long":"Helsinki-Riihimäki","route_type":"109","vehicle_ty":"109","route_url":"https://www.vr.fi/cs/vr/fi/paakaupunkiseudun_lahiliikenne","shape_id":"3001T_20250811_2"},"geometry":{"type":"Point","coordinates":[25.090844,60.473714]}},{"type":"Feature","properties":{"FID":15634,"route_vari":"3001T_2","route_id":"3001T","direction_":1,"stop_seque":6,"stop_id":"5010559","stop_code":"Jä0159","stop_heads":"Helsinki","stop_name":"Ainola","stop_desc":"Lepolanväylä 20","zone_id":"D","stop_url":"http://aikataulut.hsl.fi/pysakit/fi/5010559.html","location_t":0,"parent_sta":"9500297","wheelchair":1,"route_shor":"T","route_long":"Helsinki-Riihimäki","route_type":"109","vehicle_ty":"109","route_url":"https://www.vr.fi/cs/vr/fi/paakaupunkiseudun_lahiliikenne","shape_id":"3001T_20250811_2"},"geometry":{"type":"Point","coordinates":[25.101391,60.45765]}},{"type":"Feature","properties":{"FID":15637,"route_vari":"3001T_2","route_id":"3001T","direction_":1,"stop_seque":7,"stop_id":"9040505","stop_code":"Ke0043","stop_heads":"Helsinki via Tikkurila","stop_name":"Kerava","stop_desc":"Asemanaukio 1","zone_id":"D","stop_url":"http://aikataulut.hsl.fi/pysakit/fi/9040505.html","location_t":0,"parent_sta":"9000202","wheelchair":1,"route_shor":"T","route_long":"Helsinki-Riihimäki","route_type":"109","vehicle_ty":"109","route_url":"https://www.vr.fi/cs/vr/fi/paakaupunkiseudun_lahiliikenne","shape_id":"3001T_20250811_2"},"geometry":{"type":"Point","coordinates":[25.106474,60.404596]}},{"type":"Feature","properties":{"FID":15640,"route_vari":"3001T_2","route_id":"3001T","direction_":1,"stop_seque":8,"stop_id":"9090502","stop_code":"Ke0092","stop_heads":"Helsinki via Tikkurila","stop_name":"Savio","stop_desc":"Saviontie 80","zone_id":"D","stop_url":"http://aikataulut.hsl.fi/pysakit/fi/9090502.html","location_t":0,"parent_sta":"9000201","wheelchair":1,"route_shor":"T","route_long":"Helsinki-Riihimäki","route_type":"109","vehicle_ty":"109","route_url":"https://www.vr.fi/cs/vr/fi/paakaupunkiseudun_lahiliikenne","shape_id":"3001T_20250811_2"},"geometry":{"type":"Point","coordinates":[25.097714,60.380407]}},{"type":"Feature","properties":{"FID":15643,"route_vari":"3001T_2","route_id":"3001T","direction_":1,"stop_seque":9,"stop_id":"4810551","stop_code":"V0816","stop_heads":"Helsinki via Tikkurila","stop_name":"Korso","stop_desc":"Metsolantie 2","zone_id":"C","stop_url":"http://aikataulut.hsl.fi/pysakit/fi/4810551.html","location_t":0,"parent_sta":"4000209","wheelchair":1,"route_shor":"T","route_long":"Helsinki-Riihimäki","route_type":"109","vehicle_ty":"109","route_url":"https://www.vr.fi/cs/vr/fi/paakaupunkiseudun_lahiliikenne","shape_id":"3001T_20250811_2"},"geometry":{"type":"Point","coordinates":[25.078111,60.350669]}},{"type":"Feature","properties":{"FID":15649,"route_vari":"3001T_2","route_id":"3001T","direction_":1,"stop_seque":10,"stop_id":"4730551","stop_code":"V0736","stop_heads":"Helsinki via Tikkurila","stop_name":"Rekola","stop_desc":"Kasperinpolku 10","zone_id":"C","stop_url":"http://aikataulut.hsl.fi/pysakit/fi/4730551.html","location_t":0,"parent_sta":"4000208","wheelchair":1,"route_shor":"T","route_long":"Helsinki-Riihimäki","route_type":"109","vehicle_ty":"109","route_url":"https://www.vr.fi/cs/vr/fi/paakaupunkiseudun_lahiliikenne","shape_id":"3001T_20250811_2"},"geometry":{"type":"Point","coordinates":[25.06813,60.332385]}},{"type":"Feature","properties":{"FID":15652,"route_vari":"3001T_2","route_id":"3001T","direction_":1,"stop_seque":11,"stop_id":"4740551","stop_code":"V0746","stop_heads":"Helsinki via Tikkurila","stop_name":"Koivukylä","stop_desc":"Koivukylän puistotie","zone_id":"C","stop_url":"http://aikataulut.hsl.fi/pysakit/fi/4740551.html","location_t":0,"parent_sta":"4000207","wheelchair":1,"route_shor":"T","route_long":"Helsinki-Riihimäki","route_type":"109","vehicle_ty":"109","route_url":"https://www.vr.fi/cs/vr/fi/paakaupunkiseudun_lahiliikenne","shape_id":"3001T_20250811_2"},"geometry":{"type":"Point","coordinates":[25.059989,60.323635]}},{"type":"Feature","properties":{"FID":15655,"route_vari":"3001T_2","route_id":"3001T","direction_":1,"stop_seque":12,"stop_id":"4600551","stop_code":"V0606","stop_heads":"Helsinki via Tikkurila","stop_name":"Hiekkaharju","stop_desc":"Urheilutie 29","zone_id":"C","stop_url":"http://aikataulut.hsl.fi/pysakit/fi/4600551.html","location_t":0,"parent_sta":"4000206","wheelchair":1,"route_shor":"T","route_long":"Helsinki-Riihimäki","route_type":"109","vehicle_ty":"109","route_url":"https://www.vr.fi/cs/vr/fi/paakaupunkiseudun_lahiliikenne","shape_id":"3001T_20250811_2"},"geometry":{"type":"Point","coordinates":[25.049019,60.303266]}},{"type":"Feature","properties":{"FID":15658,"route_vari":"3001T_2","route_id":"3001T","direction_":1,"stop_seque":13,"stop_id":"4610551","stop_code":"V0617","stop_heads":"Helsinki via Malmi","stop_name":"Tikkurila","stop_desc":"Ratatie 11","zone_id":"C","stop_url":"http://aikataulut.hsl.fi/pysakit/fi/4610551.html","location_t":0,"parent_sta":"4000205","wheelchair":1,"route_shor":"T","route_long":"Helsinki-Riihimäki","route_type":"109","vehicle_ty":"109","route_url":"https://www.vr.fi/cs/vr/fi/paakaupunkiseudun_lahiliikenne","shape_id":"3001T_20250811_2"},"geometry":{"type":"Point","coordinates":[25.044898,60.29259]}},{"type":"Feature","properties":{"FID":15661,"route_vari":"3001T_2","route_id":"3001T","direction_":1,"stop_seque":14,"stop_id":"1411551","stop_code":"H0077","stop_heads":"Helsinki via Malmi","stop_name":"Puistola","stop_desc":"Tapuliaukio","zone_id":"B","stop_url":"http://aikataulut.hsl.fi/pysakit/fi/1411551.html","location_t":0,"parent_sta":"1000214","wheelchair":1,"route_shor":"T","route_long":"Helsinki-Riihimäki","route_type":"109","vehicle_ty":"109","route_url":"https://www.vr.fi/cs/vr/fi/paakaupunkiseudun_lahiliikenne","shape_id":"3001T_20250811_2"},"geometry":{"type":"Point","coordinates":[25.036812,60.276015]}},{"type":"Feature","properties":{"FID":15664,"route_vari":"3001T_2","route_id":"3001T","direction_":1,"stop_seque":15,"stop_id":"1392551","stop_code":"H0076","stop_heads":"Helsinki via Malmi","stop_name":"Tapanila","stop_desc":"Sammaltori","zone_id":"B","stop_url":"http://aikataulut.hsl.fi/pysakit/fi/1392551.html","location_t":0,"parent_sta":"1000213","wheelchair":1,"route_shor":"T","route_long":"Helsinki-Riihimäki","route_type":"109","vehicle_ty":"109","route_url":"https://www.vr.fi/cs/vr/fi/paakaupunkiseudun_lahiliikenne","shape_id":"3001T_20250811_2"},"geometry":{"type":"Point","coordinates":[25.028626,60.262443]}},{"type":"Feature","properties":{"FID":15667,"route_vari":"3001T_2","route_id":"3001T","direction_":1,"stop_seque":16,"stop_id":"1382551","stop_code":"H0075","stop_heads":"Helsinki via Pukinmäki","stop_name":"Malmi","stop_desc":"Malminkaari 4","zone_id":"B","stop_url":"http://aikataulut.hsl.fi/pysakit/fi/1382551.html","location_t":0,"parent_sta":"1000212","wheelchair":1,"route_shor":"T","route_long":"Helsinki-Riihimäki","route_type":"109","vehicle_ty":"109","route_url":"https://www.vr.fi/cs/vr/fi/paakaupunkiseudun_lahiliikenne","shape_id":"3001T_20250811_2"},"geometry":{"type":"Point","coordinates":[25.010811,60.250924]}},{"type":"Feature","properties":{"FID":15670,"route_vari":"3001T_2","route_id":"3001T","direction_":1,"stop_seque":17,"stop_id":"1370551","stop_code":"H0074","stop_heads":"Helsinki via Oulunkylä","stop_name":"Pukinmäki","stop_desc":"Pukinmäen aukio","zone_id":"B","stop_url":"http://aikataulut.hsl.fi/pysakit/fi/1370551.html","location_t":0,"parent_sta":"1000211","wheelchair":1,"route_shor":"T","route_long":"Helsinki-Riihimäki","route_type":"109","vehicle_ty":"109","route_url":"https://www.vr.fi/cs/vr/fi/paakaupunkiseudun_lahiliikenne","shape_id":"3001T_20250811_2"},"geometry":{"type":"Point","coordinates":[24.993883,60.242231]}},{"type":"Feature","properties":{"FID":15673,"route_vari":"3001T_2","route_id":"3001T","direction_":1,"stop_seque":18,"stop_id":"1285551","stop_code":"H0073","stop_heads":"Helsinki","stop_name":"Oulunkylä","stop_desc":"Oulunkylän tori 2 a","zone_id":"B","stop_url":"http://aikataulut.hsl.fi/pysakit/fi/1285551.html","location_t":0,"parent_sta":"1000210","wheelchair":1,"route_shor":"T","route_long":"Helsinki-Riihimäki","route_type":"109","vehicle_ty":"109","route_url":"https://www.vr.fi/cs/vr/fi/paakaupunkiseudun_lahiliikenne","shape_id":"3001T_20250811_2"},"geometry":{"type":"Point","coordinates":[24.966519,60.228072]}},{"type":"Feature","properties":{"FID":15675,"route_vari":"3001T_2","route_id":"3001T","direction_":1,"stop_seque":19,"stop_id":"1250551","stop_code":"H0072","stop_heads":"Helsinki","stop_name":"Käpylä","stop_desc":"Panuntie 9","zone_id":"A","stop_url":"http://aikataulut.hsl.fi/pysakit/fi/1250551.html","location_t":0,"parent_sta":"1000209","wheelchair":1,"route_shor":"T","route_long":"Helsinki-Riihimäki","route_type":"109","vehicle_ty":"109","route_url":"https://www.vr.fi/cs/vr/fi/paakaupunkiseudun_lahiliikenne","shape_id":"3001T_20250811_2"},"geometry":{"type":"Point","coordinates":[24.947051,60.220269]}},{"type":"Feature","properties":{"FID":15678,"route_vari":"3001T_2","route_id":"3001T","direction_":1,"stop_seque":20,"stop_id":"1174551","stop_code":"H0085","stop_heads":"Helsinki","stop_name":"Pasila","stop_desc":"Ratapihantie 6","zone_id":"A","stop_url":"http://aikataulut.hsl.fi/pysakit/fi/1174551.html","location_t":0,"parent_sta":"1000202","wheelchair":1,"route_shor":"T","route_long":"Helsinki-Riihimäki","route_type":"109","vehicle_ty":"109","route_url":"https://www.vr.fi/cs/vr/fi/paakaupunkiseudun_lahiliikenne","shape_id":"3001T_20250811_2"},"geometry":{"type":"Point","coordinates":[24.933734,60.1996]}},{"type":"Feature","properties":{"FID":15681,"route_vari":"3001T_2","route_id":"3001T","direction_":1,"stop_seque":21,"stop_id":"1020551","stop_code":"H0063","stop_heads":" ","stop_name":"Helsinki","stop_desc":"Kaivokatu 1","zone_id":"A","stop_url":"http://aikataulut.hsl.fi/pysakit/fi/1020551.html","location_t":0,"parent_sta":"1000201","wheelchair":1,"route_shor":"T","route_long":"Helsinki-Riihimäki","route_type":"109","vehicle_ty":"109","route_url":"https://www.vr.fi/cs/vr/fi/paakaupunkiseudun_lahiliikenne","shape_id":"3001T_20250811_2"},"geometry":{"type":"Point","coordinates":[24.941401,60.1713]}},{"type":"Feature","properties":{"FID":15684,"route_vari":"3001T_3","route_id":"3001T","direction_":0,"stop_seque":1,"stop_id":"1020501","stop_code":"H0062","stop_heads":"Kerava","stop_name":"Helsinki","stop_desc":"Kaivokatu 1","zone_id":"A","stop_url":"http://aikataulut.hsl.fi/pysakit/fi/1020501.html","location_t":0,"parent_sta":"1000201","wheelchair":1,"route_shor":"T","route_long":"Helsinki-Riihimäki","route_type":"109","vehicle_ty":"109","route_url":"https://www.vr.fi/cs/vr/fi/paakaupunkiseudun_lahiliikenne","shape_id":"3001T3_20210328_1"},"geometry":{"type":"Point","coordinates":[24.941671,60.171298]}},{"type":"Feature","properties":{"FID":15687,"route_vari":"3001T_3","route_id":"3001T","direction_":0,"stop_seque":2,"stop_id":"1174501","stop_code":"H0086","stop_heads":"Kerava","stop_name":"Pasila","stop_desc":"Ratapihantie 6","zone_id":"A","stop_url":"http://aikataulut.hsl.fi/pysakit/fi/1174501.html","location_t":0,"parent_sta":"1000202","wheelchair":1,"route_shor":"T","route_long":"Helsinki-Riihimäki","route_type":"109","vehicle_ty":"109","route_url":"https://www.vr.fi/cs/vr/fi/paakaupunkiseudun_lahiliikenne","shape_id":"3001T3_20210328_1"},"geometry":{"type":"Point","coordinates":[24.933611,60.199593]}},{"type":"Feature","properties":{"FID":15689,"route_vari":"3001T_3","route_id":"3001T","direction_":0,"stop_seque":3,"stop_id":"1250501","stop_code":"H0072","stop_heads":"Kerava","stop_name":"Käpylä","stop_desc":"Panuntie 9","zone_id":"A","stop_url":"http://aikataulut.hsl.fi/pysakit/fi/1250501.html","location_t":0,"parent_sta":"1000209","wheelchair":1,"route_shor":"T","route_long":"Helsinki-Riihimäki","route_type":"109","vehicle_ty":"109","route_url":"https://www.vr.fi/cs/vr/fi/paakaupunkiseudun_lahiliikenne","shape_id":"3001T3_20210328_1"},"geometry":{"type":"Point","coordinates":[24.946913,60.220358]}},{"type":"Feature","properties":{"FID":15692,"route_vari":"3001T_3","route_id":"3001T","direction_":0,"stop_seque":4,"stop_id":"1285501","stop_code":"H0073","stop_heads":"Kerava","stop_name":"Oulunkylä","stop_desc":"Oulunkylän tori 2 a","zone_id":"B","stop_url":"http://aikataulut.hsl.fi/pysakit/fi/1285501.html","location_t":0,"parent_sta":"1000210","wheelchair":1,"route_shor":"T","route_long":"Helsinki-Riihimäki","route_type":"109","vehicle_ty":"109","route_url":"https://www.vr.fi/cs/vr/fi/paakaupunkiseudun_lahiliikenne","shape_id":"3001T3_20210328_1"},"geometry":{"type":"Point","coordinates":[24.966417,60.228126]}},{"type":"Feature","properties":{"FID":15695,"route_vari":"3001T_3","route_id":"3001T","direction_":0,"stop_seque":5,"stop_id":"1370501","stop_code":"H0074","stop_heads":"Kerava","stop_name":"Pukinmäki","stop_desc":"Pukinmäen aukio 1","zone_id":"B","stop_url":"http://aikataulut.hsl.fi/pysakit/fi/1370501.html","location_t":0,"parent_sta":"1000211","wheelchair":1,"route_shor":"T","route_long":"Helsinki-Riihimäki","route_type":"109","vehicle_ty":"109","route_url":"https://www.vr.fi/cs/vr/fi/paakaupunkiseudun_lahiliikenne","shape_id":"3001T3_20210328_1"},"geometry":{"type":"Point","coordinates":[24.993811,60.242263]}},{"type":"Feature","properties":{"FID":15698,"route_vari":"3001T_3","route_id":"3001T","direction_":0,"stop_seque":6,"stop_id":"1382501","stop_code":"H0075","stop_heads":"Kerava","stop_name":"Malmi","stop_desc":"Malminkaari 4","zone_id":"B","stop_url":"http://aikataulut.hsl.fi/pysakit/fi/1382501.html","location_t":0,"parent_sta":"1000212","wheelchair":1,"route_shor":"T","route_long":"Helsinki-Riihimäki","route_type":"109","vehicle_ty":"109","route_url":"https://www.vr.fi/cs/vr/fi/paakaupunkiseudun_lahiliikenne","shape_id":"3001T3_20210328_1"},"geometry":{"type":"Point","coordinates":[25.010696,60.25098]}},{"type":"Feature","properties":{"FID":15701,"route_vari":"3001T_3","route_id":"3001T","direction_":0,"stop_seque":7,"stop_id":"1392501","stop_code":"H0076","stop_heads":"Kerava","stop_name":"Tapanila","stop_desc":"Sammaltori","zone_id":"B","stop_url":"http://aikataulut.hsl.fi/pysakit/fi/1392501.html","location_t":0,"parent_sta":"1000213","wheelchair":1,"route_shor":"T","route_long":"Helsinki-Riihimäki","route_type":"109","vehicle_ty":"109","route_url":"https://www.vr.fi/cs/vr/fi/paakaupunkiseudun_lahiliikenne","shape_id":"3001T3_20210328_1"},"geometry":{"type":"Point","coordinates":[25.028496,60.262484]}},{"type":"Feature","properties":{"FID":15703,"route_vari":"3001T_3","route_id":"3001T","direction_":0,"stop_seque":8,"stop_id":"1411501","stop_code":"H0077","stop_heads":"Kerava","stop_name":"Puistola","stop_desc":"Tapulikaupungintie 1","zone_id":"B","stop_url":"http://aikataulut.hsl.fi/pysakit/fi/1411501.html","location_t":0,"parent_sta":"1000214","wheelchair":1,"route_shor":"T","route_long":"Helsinki-Riihimäki","route_type":"109","vehicle_ty":"109","route_url":"https://www.vr.fi/cs/vr/fi/paakaupunkiseudun_lahiliikenne","shape_id":"3001T3_20210328_1"},"geometry":{"type":"Point","coordinates":[25.036679,60.27603]}},{"type":"Feature","properties":{"FID":15706,"route_vari":"3001T_3","route_id":"3001T","direction_":0,"stop_seque":9,"stop_id":"4610501","stop_code":"V0611","stop_heads":"Kerava","stop_name":"Tikkurila","stop_desc":"Ratatie 11","zone_id":"C","stop_url":"http://aikataulut.hsl.fi/pysakit/fi/4610501.html","location_t":0,"parent_sta":"4000205","wheelchair":1,"route_shor":"T","route_long":"Helsinki-Riihimäki","route_type":"109","vehicle_ty":"109","route_url":"https://www.vr.fi/cs/vr/fi/paakaupunkiseudun_lahiliikenne","shape_id":"3001T3_20210328_1"},"geometry":{"type":"Point","coordinates":[25.044772,60.292591]}},{"type":"Feature","properties":{"FID":15709,"route_vari":"3001T_3","route_id":"3001T","direction_":0,"stop_seque":10,"stop_id":"4600501","stop_code":"V0601","stop_heads":"Kerava","stop_name":"Hiekkaharju","stop_desc":"Urheilutie 29","zone_id":"C","stop_url":"http://aikataulut.hsl.fi/pysakit/fi/4600501.html","location_t":0,"parent_sta":"4000206","wheelchair":1,"route_shor":"T","route_long":"Helsinki-Riihimäki","route_type":"109","vehicle_ty":"109","route_url":"https://www.vr.fi/cs/vr/fi/paakaupunkiseudun_lahiliikenne","shape_id":"3001T3_20210328_1"},"geometry":{"type":"Point","coordinates":[25.049019,60.303266]}},{"type":"Feature","properties":{"FID":15712,"route_vari":"3001T_3","route_id":"3001T","direction_":0,"stop_seque":11,"stop_id":"4740501","stop_code":"V0741","stop_heads":"Kerava","stop_name":"Koivukylä","stop_desc":"Koivukylän puistotie","zone_id":"C","stop_url":"http://aikataulut.hsl.fi/pysakit/fi/4740501.html","location_t":0,"parent_sta":"4000207","wheelchair":1,"route_shor":"T","route_long":"Helsinki-Riihimäki","route_type":"109","vehicle_ty":"109","route_url":"https://www.vr.fi/cs/vr/fi/paakaupunkiseudun_lahiliikenne","shape_id":"3001T3_20210328_1"},"geometry":{"type":"Point","coordinates":[25.059989,60.323635]}},{"type":"Feature","properties":{"FID":15715,"route_vari":"3001T_3","route_id":"3001T","direction_":0,"stop_seque":12,"stop_id":"4730501","stop_code":"V0731","stop_heads":"Kerava","stop_name":"Rekola","stop_desc":"Kasperinpolku 10","zone_id":"C","stop_url":"http://aikataulut.hsl.fi/pysakit/fi/4730501.html","location_t":0,"parent_sta":"4000208","wheelchair":1,"route_shor":"T","route_long":"Helsinki-Riihimäki","route_type":"109","vehicle_ty":"109","route_url":"https://www.vr.fi/cs/vr/fi/paakaupunkiseudun_lahiliikenne","shape_id":"3001T3_20210328_1"},"geometry":{"type":"Point","coordinates":[25.06813,60.332385]}},{"type":"Feature","properties":{"FID":15717,"route_vari":"3001T_3","route_id":"3001T","direction_":0,"stop_seque":13,"stop_id":"4810501","stop_code":"V0811","stop_heads":"Kerava","stop_name":"Korso","stop_desc":"Metsolantie 2","zone_id":"C","stop_url":"http://aikataulut.hsl.fi/pysakit/fi/4810501.html","location_t":0,"parent_sta":"4000209","wheelchair":1,"route_shor":"T","route_long":"Helsinki-Riihimäki","route_type":"109","vehicle_ty":"109","route_url":"https://www.vr.fi/cs/vr/fi/paakaupunkiseudun_lahiliikenne","shape_id":"3001T3_20210328_1"},"geometry":{"type":"Point","coordinates":[25.078111,60.350669]}},{"type":"Feature","properties":{"FID":15720,"route_vari":"3001T_3","route_id":"3001T","direction_":0,"stop_seque":14,"stop_id":"9090501","stop_code":"Ke0091","stop_heads":"Kerava","stop_name":"Savio","stop_desc":"Saviontie 80","zone_id":"D","stop_url":"http://aikataulut.hsl.fi/pysakit/fi/9090501.html","location_t":0,"parent_sta":"9000201","wheelchair":1,"route_shor":"T","route_long":"Helsinki-Riihimäki","route_type":"109","vehicle_ty":"109","route_url":"https://www.vr.fi/cs/vr/fi/paakaupunkiseudun_lahiliikenne","shape_id":"3001T3_20210328_1"},"geometry":{"type":"Point","coordinates":[25.097732,60.380407]}},{"type":"Feature","properties":{"FID":15723,"route_vari":"3001T_3","route_id":"3001T","direction_":0,"stop_seque":15,"stop_id":"9040501","stop_code":"Ke0041","stop_heads":" ","stop_name":"Kerava","stop_desc":"Asemanaukio 1","zone_id":"D","stop_url":"http://aikataulut.hsl.fi/pysakit/fi/9040501.html","location_t":0,"parent_sta":"9000202","wheelchair":1,"route_shor":"T","route_long":"Helsinki-Riihimäki","route_type":"109","vehicle_ty":"109","route_url":"https://www.vr.fi/cs/vr/fi/paakaupunkiseudun_lahiliikenne","shape_id":"3001T3_20210328_1"},"geometry":{"type":"Point","coordinates":[25.106151,60.404663]}},{"type":"Feature","properties":{"FID":15726,"route_vari":"3001T_4","route_id":"3001T","direction_":1,"stop_seque":1,"stop_id":"9040505","stop_code":"Ke0043","stop_heads":"Helsinki","stop_name":"Kerava","stop_desc":"Asemanaukio 1","zone_id":"D","stop_url":"http://aikataulut.hsl.fi/pysakit/fi/9040505.html","location_t":0,"parent_sta":"9000202","wheelchair":1,"route_shor":"T","route_long":"Helsinki-Riihimäki","route_type":"109","vehicle_ty":"109","route_url":"https://www.vr.fi/cs/vr/fi/paakaupunkiseudun_lahiliikenne","shape_id":"3001T3_20210328_2"},"geometry":{"type":"Point","coordinates":[25.106474,60.404596]}},{"type":"Feature","properties":{"FID":15729,"route_vari":"3001T_4","route_id":"3001T","direction_":1,"stop_seque":2,"stop_id":"9090502","stop_code":"Ke0092","stop_heads":"Helsinki","stop_name":"Savio","stop_desc":"Saviontie 80","zone_id":"D","stop_url":"http://aikataulut.hsl.fi/pysakit/fi/9090502.html","location_t":0,"parent_sta":"9000201","wheelchair":1,"route_shor":"T","route_long":"Helsinki-Riihimäki","route_type":"109","vehicle_ty":"109","route_url":"https://www.vr.fi/cs/vr/fi/paakaupunkiseudun_lahiliikenne","shape_id":"3001T3_20210328_2"},"geometry":{"type":"Point","coordinates":[25.097714,60.380407]}},{"type":"Feature","properties":{"FID":15731,"route_vari":"3001T_4","route_id":"3001T","direction_":1,"stop_seque":3,"stop_id":"4810551","stop_code":"V0816","stop_heads":"Helsinki","stop_name":"Korso","stop_desc":"Metsolantie 2","zone_id":"C","stop_url":"http://aikataulut.hsl.fi/pysakit/fi/4810551.html","location_t":0,"parent_sta":"4000209","wheelchair":1,"route_shor":"T","route_long":"Helsinki-Riihimäki","route_type":"109","vehicle_ty":"109","route_url":"https://www.vr.fi/cs/vr/fi/paakaupunkiseudun_lahiliikenne","shape_id":"3001T3_20210328_2"},"geometry":{"type":"Point","coordinates":[25.078111,60.350669]}},{"type":"Feature","properties":{"FID":15734,"route_vari":"3001T_4","route_id":"3001T","direction_":1,"stop_seque":4,"stop_id":"4730551","stop_code":"V0736","stop_heads":"Helsinki","stop_name":"Rekola","stop_desc":"Kasperinpolku 10","zone_id":"C","stop_url":"http://aikataulut.hsl.fi/pysakit/fi/4730551.html","location_t":0,"parent_sta":"4000208","wheelchair":1,"route_shor":"T","route_long":"Helsinki-Riihimäki","route_type":"109","vehicle_ty":"109","route_url":"https://www.vr.fi/cs/vr/fi/paakaupunkiseudun_lahiliikenne","shape_id":"3001T3_20210328_2"},"geometry":{"type":"Point","coordinates":[25.06813,60.332385]}},{"type":"Feature","properties":{"FID":15737,"route_vari":"3001T_4","route_id":"3001T","direction_":1,"stop_seque":5,"stop_id":"4740551","stop_code":"V0746","stop_heads":"Helsinki","stop_name":"Koivukylä","stop_desc":"Koivukylän puistotie","zone_id":"C","stop_url":"http://aikataulut.hsl.fi/pysakit/fi/4740551.html","location_t":0,"parent_sta":"4000207","wheelchair":1,"route_shor":"T","route_long":"Helsinki-Riihimäki","route_type":"109","vehicle_ty":"109","route_url":"https://www.vr.fi/cs/vr/fi/paakaupunkiseudun_lahiliikenne","shape_id":"3001T3_20210328_2"},"geometry":{"type":"Point","coordinates":[25.059989,60.323635]}},{"type":"Feature","properties":{"FID":15740,"route_vari":"3001T_4","route_id":"3001T","direction_":1,"stop_seque":6,"stop_id":"4600551","stop_code":"V0606","stop_heads":"Helsinki","stop_name":"Hiekkaharju","stop_desc":"Urheilutie 29","zone_id":"C","stop_url":"http://aikataulut.hsl.fi/pysakit/fi/4600551.html","location_t":0,"parent_sta":"4000206","wheelchair":1,"route_shor":"T","route_long":"Helsinki-Riihimäki","route_type":"109","vehicle_ty":"109","route_url":"https://www.vr.fi/cs/vr/fi/paakaupunkiseudun_lahiliikenne","shape_id":"3001T3_20210328_2"},"geometry":{"type":"Point","coordinates":[25.049019,60.303266]}},{"type":"Feature","properties":{"FID":15743,"route_vari":"3001T_4","route_id":"3001T","direction_":1,"stop_seque":7,"stop_id":"4610551","stop_code":"V0617","stop_heads":"Helsinki","stop_name":"Tikkurila","stop_desc":"Ratatie 11","zone_id":"C","stop_url":"http://aikataulut.hsl.fi/pysakit/fi/4610551.html","location_t":0,"parent_sta":"4000205","wheelchair":1,"route_shor":"T","route_long":"Helsinki-Riihimäki","route_type":"109","vehicle_ty":"109","route_url":"https://www.vr.fi/cs/vr/fi/paakaupunkiseudun_lahiliikenne","shape_id":"3001T3_20210328_2"},"geometry":{"type":"Point","coordinates":[25.044898,60.29259]}},{"type":"Feature","properties":{"FID":15744,"route_vari":"3001T_4","route_id":"3001T","direction_":1,"stop_seque":8,"stop_id":"1411551","stop_code":"H0077","stop_heads":"Helsinki","stop_name":"Puistola","stop_desc":"Tapuliaukio","zone_id":"B","stop_url":"http://aikataulut.hsl.fi/pysakit/fi/1411551.html","location_t":0,"parent_sta":"1000214","wheelchair":1,"route_shor":"T","route_long":"Helsinki-Riihimäki","route_type":"109","vehicle_ty":"109","route_url":"https://www.vr.fi/cs/vr/fi/paakaupunkiseudun_lahiliikenne","shape_id":"3001T3_20210328_2"},"geometry":{"type":"Point","coordinates":[25.036812,60.276015]}},{"type":"Feature","properties":{"FID":15758,"route_vari":"3001T_4","route_id":"3001T","direction_":1,"stop_seque":9,"stop_id":"1392551","stop_code":"H0076","stop_heads":"Helsinki","stop_name":"Tapanila","stop_desc":"Sammaltori","zone_id":"B","stop_url":"http://aikataulut.hsl.fi/pysakit/fi/1392551.html","location_t":0,"parent_sta":"1000213","wheelchair":1,"route_shor":"T","route_long":"Helsinki-Riihimäki","route_type":"109","vehicle_ty":"109","route_url":"https://www.vr.fi/cs/vr/fi/paakaupunkiseudun_lahiliikenne","shape_id":"3001T3_20210328_2"},"geometry":{"type":"Point","coordinates":[25.028626,60.262443]}},{"type":"Feature","properties":{"FID":15761,"route_vari":"3001T_4","route_id":"3001T","direction_":1,"stop_seque":10,"stop_id":"1382551","stop_code":"H0075","stop_heads":"Helsinki","stop_name":"Malmi","stop_desc":"Malminkaari 4","zone_id":"B","stop_url":"http://aikataulut.hsl.fi/pysakit/fi/1382551.html","location_t":0,"parent_sta":"1000212","wheelchair":1,"route_shor":"T","route_long":"Helsinki-Riihimäki","route_type":"109","vehicle_ty":"109","route_url":"https://www.vr.fi/cs/vr/fi/paakaupunkiseudun_lahiliikenne","shape_id":"3001T3_20210328_2"},"geometry":{"type":"Point","coordinates":[25.010811,60.250924]}},{"type":"Feature","properties":{"FID":15764,"route_vari":"3001T_4","route_id":"3001T","direction_":1,"stop_seque":11,"stop_id":"1370551","stop_code":"H0074","stop_heads":"Helsinki","stop_name":"Pukinmäki","stop_desc":"Pukinmäen aukio","zone_id":"B","stop_url":"http://aikataulut.hsl.fi/pysakit/fi/1370551.html","location_t":0,"parent_sta":"1000211","wheelchair":1,"route_shor":"T","route_long":"Helsinki-Riihimäki","route_type":"109","vehicle_ty":"109","route_url":"https://www.vr.fi/cs/vr/fi/paakaupunkiseudun_lahiliikenne","shape_id":"3001T3_20210328_2"},"geometry":{"type":"Point","coordinates":[24.993883,60.242231]}},{"type":"Feature","properties":{"FID":15767,"route_vari":"3001T_4","route_id":"3001T","direction_":1,"stop_seque":12,"stop_id":"1285551","stop_code":"H0073","stop_heads":"Helsinki","stop_name":"Oulunkylä","stop_desc":"Oulunkylän tori 2 a","zone_id":"B","stop_url":"http://aikataulut.hsl.fi/pysakit/fi/1285551.html","location_t":0,"parent_sta":"1000210","wheelchair":1,"route_shor":"T","route_long":"Helsinki-Riihimäki","route_type":"109","vehicle_ty":"109","route_url":"https://www.vr.fi/cs/vr/fi/paakaupunkiseudun_lahiliikenne","shape_id":"3001T3_20210328_2"},"geometry":{"type":"Point","coordinates":[24.966519,60.228072]}},{"type":"Feature","properties":{"FID":15770,"route_vari":"3001T_4","route_id":"3001T","direction_":1,"stop_seque":13,"stop_id":"1250551","stop_code":"H0072","stop_heads":"Helsinki","stop_name":"Käpylä","stop_desc":"Panuntie 9","zone_id":"A","stop_url":"http://aikataulut.hsl.fi/pysakit/fi/1250551.html","location_t":0,"parent_sta":"1000209","wheelchair":1,"route_shor":"T","route_long":"Helsinki-Riihimäki","route_type":"109","vehicle_ty":"109","route_url":"https://www.vr.fi/cs/vr/fi/paakaupunkiseudun_lahiliikenne","shape_id":"3001T3_20210328_2"},"geometry":{"type":"Point","coordinates":[24.947051,60.220269]}},{"type":"Feature","properties":{"FID":15773,"route_vari":"3001T_4","route_id":"3001T","direction_":1,"stop_seque":14,"stop_id":"1174551","stop_code":"H0085","stop_heads":"Helsinki","stop_name":"Pasila","stop_desc":"Ratapihantie 6","zone_id":"A","stop_url":"http://aikataulut.hsl.fi/pysakit/fi/1174551.html","location_t":0,"parent_sta":"1000202","wheelchair":1,"route_shor":"T","route_long":"Helsinki-Riihimäki","route_type":"109","vehicle_ty":"109","route_url":"https://www.vr.fi/cs/vr/fi/paakaupunkiseudun_lahiliikenne","shape_id":"3001T3_20210328_2"},"geometry":{"type":"Point","coordinates":[24.933734,60.1996]}},{"type":"Feature","properties":{"FID":15776,"route_vari":"3001T_4","route_id":"3001T","direction_":1,"stop_seque":15,"stop_id":"1020551","stop_code":"H0063","stop_heads":" ","stop_name":"Helsinki","stop_desc":"Kaivokatu 1","zone_id":"A","stop_url":"http://aikataulut.hsl.fi/pysakit/fi/1020551.html","location_t":0,"parent_sta":"1000201","wheelchair":1,"route_shor":"T","route_long":"Helsinki-Riihimäki","route_type":"109","vehicle_ty":"109","route_url":"https://www.vr.fi/cs/vr/fi/paakaupunkiseudun_lahiliikenne","shape_id":"3001T3_20210328_2"},"geometry":{"type":"Point","coordinates":[24.941401,60.1713]}},{"type":"Feature","properties":{"FID":15779,"route_vari":"3001Z_1","route_id":"3001Z","direction_":0,"stop_seque":1,"stop_id":"1020501","stop_code":"H0062","stop_heads":"Lahti","stop_name":"Helsinki","stop_desc":"Kaivokatu 1","zone_id":"A","stop_url":"http://aikataulut.hsl.fi/pysakit/fi/1020501.html","location_t":0,"parent_sta":"1000201","wheelchair":1,"route_shor":"Z","route_long":"Helsinki-Lahti","route_type":"109","vehicle_ty":"109","route_url":"https://www.vr.fi/cs/vr/fi/paakaupunkiseudun_lahiliikenne","shape_id":"3001Z_20240622_1"},"geometry":{"type":"Point","coordinates":[24.941671,60.171298]}},{"type":"Feature","properties":{"FID":15782,"route_vari":"3001Z_1","route_id":"3001Z","direction_":0,"stop_seque":2,"stop_id":"1174503","stop_code":"H0087","stop_heads":"Lahti","stop_name":"Pasila","stop_desc":"Ratapihantie","zone_id":"A","stop_url":"http://aikataulut.hsl.fi/pysakit/fi/1174503.html","location_t":0,"parent_sta":"1000202","wheelchair":1,"route_shor":"Z","route_long":"Helsinki-Lahti","route_type":"109","vehicle_ty":"109","route_url":"https://www.vr.fi/cs/vr/fi/paakaupunkiseudun_lahiliikenne","shape_id":"3001Z_20240622_1"},"geometry":{"type":"Point","coordinates":[24.933409,60.199575]}},{"type":"Feature","properties":{"FID":15785,"route_vari":"3001Z_1","route_id":"3001Z","direction_":0,"stop_seque":3,"stop_id":"4610504","stop_code":"V0614","stop_heads":"Lahti","stop_name":"Tikkurila","stop_desc":"Ratatie 11","zone_id":"C","stop_url":"http://aikataulut.hsl.fi/pysakit/fi/4610504.html","location_t":0,"parent_sta":"4000205","wheelchair":1,"route_shor":"Z","route_long":"Helsinki-Lahti","route_type":"109","vehicle_ty":"109","route_url":"https://www.vr.fi/cs/vr/fi/paakaupunkiseudun_lahiliikenne","shape_id":"3001Z_20240622_1"},"geometry":{"type":"Point","coordinates":[25.04432,60.292038]}},{"type":"Feature","properties":{"FID":15787,"route_vari":"3001Z_1","route_id":"3001Z","direction_":0,"stop_seque":4,"stop_id":"9040501","stop_code":"Ke0041","stop_heads":"Lahti","stop_name":"Kerava","stop_desc":"Asemanaukio 1","zone_id":"D","stop_url":"http://aikataulut.hsl.fi/pysakit/fi/9040501.html","location_t":0,"parent_sta":"9000202","wheelchair":1,"route_shor":"Z","route_long":"Helsinki-Lahti","route_type":"109","vehicle_ty":"109","route_url":"https://www.vr.fi/cs/vr/fi/paakaupunkiseudun_lahiliikenne","shape_id":"3001Z_20240622_1"},"geometry":{"type":"Point","coordinates":[25.106151,60.404663]}},{"type":"Feature","properties":{"FID":15790,"route_vari":"3001Z_1","route_id":"3001Z","direction_":0,"stop_seque":5,"stop_id":"5020501","stop_code":"Jä0201","stop_heads":"Lahti","stop_name":"Haarajoki","stop_desc":"Haarajoen asemakatu","zone_id":"D","stop_url":"http://aikataulut.hsl.fi/pysakit/fi/5020501.html","location_t":0,"parent_sta":" ","wheelchair":1,"route_shor":"Z","route_long":"Helsinki-Lahti","route_type":"109","vehicle_ty":"109","route_url":"https://www.vr.fi/cs/vr/fi/paakaupunkiseudun_lahiliikenne","shape_id":"3001Z_20240622_1"},"geometry":{"type":"Point","coordinates":[25.133833,60.496774]}},{"type":"Feature","properties":{"FID":15793,"route_vari":"3001Z_1","route_id":"3001Z","direction_":0,"stop_seque":6,"stop_id":"5020502","stop_code":"Mä0202","stop_heads":"Lahti","stop_name":"Mäntsälä","stop_desc":"Asemakatu 1","zone_id":"Ei HSL","stop_url":"http://aikataulut.hsl.fi/pysakit/fi/5020502.html","location_t":0,"parent_sta":" ","wheelchair":1,"route_shor":"Z","route_long":"Helsinki-Lahti","route_type":"109","vehicle_ty":"109","route_url":"https://www.vr.fi/cs/vr/fi/paakaupunkiseudun_lahiliikenne","shape_id":"3001Z_20240622_1"},"geometry":{"type":"Point","coordinates":[25.307804,60.647434]}},{"type":"Feature","properties":{"FID":15796,"route_vari":"3001Z_1","route_id":"3001Z","direction_":0,"stop_seque":7,"stop_id":"5020506","stop_code":"La0206","stop_heads":"Lahti","stop_name":"Henna","stop_desc":"Asemanrinne 1","zone_id":"Ei HSL","stop_url":"http://aikataulut.hsl.fi/pysakit/fi/5020506.html","location_t":0,"parent_sta":" ","wheelchair":1,"route_shor":"Z","route_long":"Helsinki-Lahti","route_type":"109","vehicle_ty":"109","route_url":"https://www.vr.fi/cs/vr/fi/paakaupunkiseudun_lahiliikenne","shape_id":"3001Z_20240622_1"},"geometry":{"type":"Point","coordinates":[25.494995,60.799678]}},{"type":"Feature","properties":{"FID":15799,"route_vari":"3001Z_1","route_id":"3001Z","direction_":0,"stop_seque":8,"stop_id":"5020503","stop_code":"La0203","stop_heads":" ","stop_name":"Lahti","stop_desc":"Mannerheiminkatu 15","zone_id":"Ei HSL","stop_url":"http://aikataulut.hsl.fi/pysakit/fi/5020503.html","location_t":0,"parent_sta":" ","wheelchair":1,"route_shor":"Z","route_long":"Helsinki-Lahti","route_type":"109","vehicle_ty":"109","route_url":"https://www.vr.fi/cs/vr/fi/paakaupunkiseudun_lahiliikenne","shape_id":"3001Z_20240622_1"},"geometry":{"type":"Point","coordinates":[25.657594,60.976337]}},{"type":"Feature","properties":{"FID":15801,"route_vari":"3001Z_2","route_id":"3001Z","direction_":1,"stop_seque":1,"stop_id":"5020553","stop_code":"La0253","stop_heads":"Helsinki","stop_name":"Lahti","stop_desc":"Mannerheiminkatu 15","zone_id":"Ei HSL","stop_url":"http://aikataulut.hsl.fi/pysakit/fi/5020553.html","location_t":0,"parent_sta":" ","wheelchair":1,"route_shor":"Z","route_long":"Helsinki-Lahti","route_type":"109","vehicle_ty":"109","route_url":"https://www.vr.fi/cs/vr/fi/paakaupunkiseudun_lahiliikenne","shape_id":"3001Z_20240622_2"},"geometry":{"type":"Point","coordinates":[25.657575,60.976337]}},{"type":"Feature","properties":{"FID":15804,"route_vari":"3001Z_2","route_id":"3001Z","direction_":1,"stop_seque":2,"stop_id":"5020556","stop_code":"La0256","stop_heads":"Helsinki","stop_name":"Henna","stop_desc":"Asemanrinne 1","zone_id":"Ei HSL","stop_url":"http://aikataulut.hsl.fi/pysakit/fi/5020556.html","location_t":0,"parent_sta":" ","wheelchair":1,"route_shor":"Z","route_long":"Helsinki-Lahti","route_type":"109","vehicle_ty":"109","route_url":"https://www.vr.fi/cs/vr/fi/paakaupunkiseudun_lahiliikenne","shape_id":"3001Z_20240622_2"},"geometry":{"type":"Point","coordinates":[25.494904,60.799688]}},{"type":"Feature","properties":{"FID":15807,"route_vari":"3001Z_2","route_id":"3001Z","direction_":1,"stop_seque":3,"stop_id":"5020552","stop_code":"Mä0252","stop_heads":"Helsinki","stop_name":"Mäntsälä","stop_desc":"Asemakatu 1","zone_id":"Ei HSL","stop_url":"http://aikataulut.hsl.fi/pysakit/fi/5020552.html","location_t":0,"parent_sta":" ","wheelchair":1,"route_shor":"Z","route_long":"Helsinki-Lahti","route_type":"109","vehicle_ty":"109","route_url":"https://www.vr.fi/cs/vr/fi/paakaupunkiseudun_lahiliikenne","shape_id":"3001Z_20240622_2"},"geometry":{"type":"Point","coordinates":[25.307804,60.647434]}},{"type":"Feature","properties":{"FID":15810,"route_vari":"3001Z_2","route_id":"3001Z","direction_":1,"stop_seque":4,"stop_id":"5020551","stop_code":"Jä0201","stop_heads":"Helsinki","stop_name":"Haarajoki","stop_desc":"Haarajoen asemakatu","zone_id":"D","stop_url":"http://aikataulut.hsl.fi/pysakit/fi/5020551.html","location_t":0,"parent_sta":" ","wheelchair":1,"route_shor":"Z","route_long":"Helsinki-Lahti","route_type":"109","vehicle_ty":"109","route_url":"https://www.vr.fi/cs/vr/fi/paakaupunkiseudun_lahiliikenne","shape_id":"3001Z_20240622_2"},"geometry":{"type":"Point","coordinates":[25.133833,60.496783]}},{"type":"Feature","properties":{"FID":15813,"route_vari":"3001Z_2","route_id":"3001Z","direction_":1,"stop_seque":5,"stop_id":"9040502","stop_code":"Ke0042","stop_heads":"Helsinki","stop_name":"Kerava","stop_desc":"Asemanaukio 1","zone_id":"D","stop_url":"http://aikataulut.hsl.fi/pysakit/fi/9040502.html","location_t":0,"parent_sta":"9000202","wheelchair":1,"route_shor":"Z","route_long":"Helsinki-Lahti","route_type":"109","vehicle_ty":"109","route_url":"https://www.vr.fi/cs/vr/fi/paakaupunkiseudun_lahiliikenne","shape_id":"3001Z_20240622_2"},"geometry":{"type":"Point","coordinates":[25.106132,60.404654]}},{"type":"Feature","properties":{"FID":15814,"route_vari":"3001Z_2","route_id":"3001Z","direction_":1,"stop_seque":6,"stop_id":"4610553","stop_code":"V0618","stop_heads":"Helsinki","stop_name":"Tikkurila","stop_desc":"Ratatie 11","zone_id":"C","stop_url":"http://aikataulut.hsl.fi/pysakit/fi/4610553.html","location_t":0,"parent_sta":"4000205","wheelchair":1,"route_shor":"Z","route_long":"Helsinki-Lahti","route_type":"109","vehicle_ty":"109","route_url":"https://www.vr.fi/cs/vr/fi/paakaupunkiseudun_lahiliikenne","shape_id":"3001Z_20240622_2"},"geometry":{"type":"Point","coordinates":[25.044178,60.292677]}},{"type":"Feature","properties":{"FID":15818,"route_vari":"3001Z_2","route_id":"3001Z","direction_":1,"stop_seque":7,"stop_id":"1174553","stop_code":"H0089","stop_heads":"Helsinki","stop_name":"Pasila","stop_desc":"Ratapihantie","zone_id":"A","stop_url":"http://aikataulut.hsl.fi/pysakit/fi/1174553.html","location_t":0,"parent_sta":"1000202","wheelchair":1,"route_shor":"Z","route_long":"Helsinki-Lahti","route_type":"109","vehicle_ty":"109","route_url":"https://www.vr.fi/cs/vr/fi/paakaupunkiseudun_lahiliikenne","shape_id":"3001Z_20240622_2"},"geometry":{"type":"Point","coordinates":[24.933045,60.199532]}},{"type":"Feature","properties":{"FID":15821,"route_vari":"3001Z_2","route_id":"3001Z","direction_":1,"stop_seque":8,"stop_id":"1020551","stop_code":"H0063","stop_heads":" ","stop_name":"Helsinki","stop_desc":"Kaivokatu 1","zone_id":"A","stop_url":"http://aikataulut.hsl.fi/pysakit/fi/1020551.html","location_t":0,"parent_sta":"1000201","wheelchair":1,"route_shor":"Z","route_long":"Helsinki-Lahti","route_type":"109","vehicle_ty":"109","route_url":"https://www.vr.fi/cs/vr/fi/paakaupunkiseudun_lahiliikenne","shape_id":"3001Z_20240622_2"},"geometry":{"type":"Point","coordinates":[24.941401,60.1713]}},{"type":"Feature","properties":{"FID":15824,"route_vari":"3002A_1","route_id":"3002A","direction_":0,"stop_seque":1,"stop_id":"1020502","stop_code":"H0064","stop_heads":"Leppävaara via Pitäjänmäki","stop_name":"Helsinki","stop_desc":"Kaivokatu 1","zone_id":"A","stop_url":"http://aikataulut.hsl.fi/pysakit/fi/1020502.html","location_t":0,"parent_sta":"1000201","wheelchair":1,"route_shor":"A","route_long":"Helsinki-Leppävaara","route_type":"109","vehicle_ty":"109","route_url":"https://www.vr.fi/cs/vr/fi/paakaupunkiseudun_lahiliikenne","shape_id":"3002A_20240708_1"},"geometry":{"type":"Point","coordinates":[24.939911,60.17272]}},{"type":"Feature","properties":{"FID":15827,"route_vari":"3002A_1","route_id":"3002A","direction_":0,"stop_seque":2,"stop_id":"1174502","stop_code":"H0093","stop_heads":"Leppävaara via Pitäjänmäki","stop_name":"Pasila","stop_desc":"Ratapihantie 6","zone_id":"A","stop_url":"http://aikataulut.hsl.fi/pysakit/fi/1174502.html","location_t":0,"parent_sta":"1000202","wheelchair":1,"route_shor":"A","route_long":"Helsinki-Leppävaara","route_type":"109","vehicle_ty":"109","route_url":"https://www.vr.fi/cs/vr/fi/paakaupunkiseudun_lahiliikenne","shape_id":"3002A_20240708_1"},"geometry":{"type":"Point","coordinates":[24.93212,60.19941]}},{"type":"Feature","properties":{"FID":15829,"route_vari":"3002A_1","route_id":"3002A","direction_":0,"stop_seque":3,"stop_id":"1172503","stop_code":"H0078","stop_heads":"Leppävaara via Pitäjänmäki","stop_name":"Ilmala","stop_desc":"Televisiokatu 9","zone_id":"A","stop_url":"http://aikataulut.hsl.fi/pysakit/fi/1172503.html","location_t":0,"parent_sta":"1000203","wheelchair":1,"route_shor":"A","route_long":"Helsinki-Leppävaara","route_type":"109","vehicle_ty":"109","route_url":"https://www.vr.fi/cs/vr/fi/paakaupunkiseudun_lahiliikenne","shape_id":"3002A_20240708_1"},"geometry":{"type":"Point","coordinates":[24.92104,60.20765]}},{"type":"Feature","properties":{"FID":15832,"route_vari":"3002A_1","route_id":"3002A","direction_":0,"stop_seque":4,"stop_id":"1291502","stop_code":"H0079","stop_heads":"Leppävaara via Pitäjänmäki","stop_name":"Huopalahti","stop_desc":"Kylätie 25","zone_id":"B","stop_url":"http://aikataulut.hsl.fi/pysakit/fi/1291502.html","location_t":0,"parent_sta":"1000204","wheelchair":1,"route_shor":"A","route_long":"Helsinki-Leppävaara","route_type":"109","vehicle_ty":"109","route_url":"https://www.vr.fi/cs/vr/fi/paakaupunkiseudun_lahiliikenne","shape_id":"3002A_20240708_1"},"geometry":{"type":"Point","coordinates":[24.893404,60.218249]}},{"type":"Feature","properties":{"FID":15835,"route_vari":"3002A_1","route_id":"3002A","direction_":0,"stop_seque":5,"stop_id":"1465501","stop_code":"H0080","stop_heads":"Leppävaara via Pitäjänmäki","stop_name":"Valimo","stop_desc":"Valimopolku 3","zone_id":"B","stop_url":"http://aikataulut.hsl.fi/pysakit/fi/1465501.html","location_t":0,"parent_sta":"1000205","wheelchair":1,"route_shor":"A","route_long":"Helsinki-Leppävaara","route_type":"109","vehicle_ty":"109","route_url":"https://www.vr.fi/cs/vr/fi/paakaupunkiseudun_lahiliikenne","shape_id":"3002A_20240708_1"},"geometry":{"type":"Point","coordinates":[24.876422,60.222016]}},{"type":"Feature","properties":{"FID":15838,"route_vari":"3002A_1","route_id":"3002A","direction_":0,"stop_seque":6,"stop_id":"1465502","stop_code":"H0081","stop_heads":"Leppävaara","stop_name":"Pitäjänmäki","stop_desc":"Pitäjänmäentie 40","zone_id":"B","stop_url":"http://aikataulut.hsl.fi/pysakit/fi/1465502.html","location_t":0,"parent_sta":"1000206","wheelchair":1,"route_shor":"A","route_long":"Helsinki-Leppävaara","route_type":"109","vehicle_ty":"109","route_url":"https://www.vr.fi/cs/vr/fi/paakaupunkiseudun_lahiliikenne","shape_id":"3002A_20240708_1"},"geometry":{"type":"Point","coordinates":[24.860563,60.223186]}},{"type":"Feature","properties":{"FID":15841,"route_vari":"3002A_1","route_id":"3002A","direction_":0,"stop_seque":7,"stop_id":"2118501","stop_code":"E1171","stop_heads":"Leppävaara","stop_name":"Mäkkylä","stop_desc":"Turuntie 12","zone_id":"B","stop_url":"http://aikataulut.hsl.fi/pysakit/fi/2118501.html","location_t":0,"parent_sta":"2000201","wheelchair":1,"route_shor":"A","route_long":"Helsinki-Leppävaara","route_type":"109","vehicle_ty":"109","route_url":"https://www.vr.fi/cs/vr/fi/paakaupunkiseudun_lahiliikenne","shape_id":"3002A_20240708_1"},"geometry":{"type":"Point","coordinates":[24.842604,60.221206]}},{"type":"Feature","properties":{"FID":15843,"route_vari":"3002A_1","route_id":"3002A","direction_":0,"stop_seque":8,"stop_id":"2111504","stop_code":"E1060","stop_heads":" ","stop_name":"Leppävaara","stop_desc":"Leppävaaranaukio","zone_id":"B","stop_url":"http://aikataulut.hsl.fi/pysakit/fi/2111504.html","location_t":0,"parent_sta":"2000202","wheelchair":1,"route_shor":"A","route_long":"Helsinki-Leppävaara","route_type":"109","vehicle_ty":"109","route_url":"https://www.vr.fi/cs/vr/fi/paakaupunkiseudun_lahiliikenne","shape_id":"3002A_20240708_1"},"geometry":{"type":"Point","coordinates":[24.812987,60.219389]}},{"type":"Feature","properties":{"FID":15845,"route_vari":"3002A_2","route_id":"3002A","direction_":1,"stop_seque":1,"stop_id":"2111504","stop_code":"E1060","stop_heads":"Helsinki","stop_name":"Leppävaara","stop_desc":"Leppävaaranaukio","zone_id":"B","stop_url":"http://aikataulut.hsl.fi/pysakit/fi/2111504.html","location_t":0,"parent_sta":"2000202","wheelchair":1,"route_shor":"A","route_long":"Helsinki-Leppävaara","route_type":"109","vehicle_ty":"109","route_url":"https://www.vr.fi/cs/vr/fi/paakaupunkiseudun_lahiliikenne","shape_id":"3002A_20240708_2"},"geometry":{"type":"Point","coordinates":[24.812987,60.219389]}},{"type":"Feature","properties":{"FID":15848,"route_vari":"3002A_2","route_id":"3002A","direction_":1,"stop_seque":2,"stop_id":"2118551","stop_code":"E1172","stop_heads":"Helsinki","stop_name":"Mäkkylä","stop_desc":"Turuntie 12","zone_id":"B","stop_url":"http://aikataulut.hsl.fi/pysakit/fi/2118551.html","location_t":0,"parent_sta":"2000201","wheelchair":1,"route_shor":"A","route_long":"Helsinki-Leppävaara","route_type":"109","vehicle_ty":"109","route_url":"https://www.vr.fi/cs/vr/fi/paakaupunkiseudun_lahiliikenne","shape_id":"3002A_20240708_2"},"geometry":{"type":"Point","coordinates":[24.842657,60.221179]}},{"type":"Feature","properties":{"FID":15851,"route_vari":"3002A_2","route_id":"3002A","direction_":1,"stop_seque":3,"stop_id":"1465552","stop_code":"H0081","stop_heads":"Helsinki","stop_name":"Pitäjänmäki","stop_desc":"Pitäjänmäentie 40","zone_id":"B","stop_url":"http://aikataulut.hsl.fi/pysakit/fi/1465552.html","location_t":0,"parent_sta":"1000206","wheelchair":1,"route_shor":"A","route_long":"Helsinki-Leppävaara","route_type":"109","vehicle_ty":"109","route_url":"https://www.vr.fi/cs/vr/fi/paakaupunkiseudun_lahiliikenne","shape_id":"3002A_20240708_2"},"geometry":{"type":"Point","coordinates":[24.860594,60.22325]}},{"type":"Feature","properties":{"FID":15854,"route_vari":"3002A_2","route_id":"3002A","direction_":1,"stop_seque":4,"stop_id":"1465551","stop_code":"H0080","stop_heads":"Helsinki","stop_name":"Valimo","stop_desc":"Valimopolku 3","zone_id":"B","stop_url":"http://aikataulut.hsl.fi/pysakit/fi/1465551.html","location_t":0,"parent_sta":"1000205","wheelchair":1,"route_shor":"A","route_long":"Helsinki-Leppävaara","route_type":"109","vehicle_ty":"109","route_url":"https://www.vr.fi/cs/vr/fi/paakaupunkiseudun_lahiliikenne","shape_id":"3002A_20240708_2"},"geometry":{"type":"Point","coordinates":[24.876408,60.222112]}},{"type":"Feature","properties":{"FID":15857,"route_vari":"3002A_2","route_id":"3002A","direction_":1,"stop_seque":5,"stop_id":"1291503","stop_code":"H0079","stop_heads":"Helsinki","stop_name":"Huopalahti","stop_desc":"Kylätie 25","zone_id":"B","stop_url":"http://aikataulut.hsl.fi/pysakit/fi/1291503.html","location_t":0,"parent_sta":"1000204","wheelchair":1,"route_shor":"A","route_long":"Helsinki-Leppävaara","route_type":"109","vehicle_ty":"109","route_url":"https://www.vr.fi/cs/vr/fi/paakaupunkiseudun_lahiliikenne","shape_id":"3002A_20240708_2"},"geometry":{"type":"Point","coordinates":[24.893667,60.218201]}},{"type":"Feature","properties":{"FID":15859,"route_vari":"3002A_2","route_id":"3002A","direction_":1,"stop_seque":6,"stop_id":"1172553","stop_code":"H0078","stop_heads":"Helsinki","stop_name":"Ilmala","stop_desc":"Televisiokatu 9","zone_id":"A","stop_url":"http://aikataulut.hsl.fi/pysakit/fi/1172553.html","location_t":0,"parent_sta":"1000203","wheelchair":1,"route_shor":"A","route_long":"Helsinki-Leppävaara","route_type":"109","vehicle_ty":"109","route_url":"https://www.vr.fi/cs/vr/fi/paakaupunkiseudun_lahiliikenne","shape_id":"3002A_20240708_2"},"geometry":{"type":"Point","coordinates":[24.921303,60.207587]}},{"type":"Feature","properties":{"FID":15862,"route_vari":"3002A_2","route_id":"3002A","direction_":1,"stop_seque":7,"stop_id":"1174552","stop_code":"H0092","stop_heads":"Helsinki","stop_name":"Pasila","stop_desc":"Ratapihantie 6","zone_id":"A","stop_url":"http://aikataulut.hsl.fi/pysakit/fi/1174552.html","location_t":0,"parent_sta":"1000202","wheelchair":1,"route_shor":"A","route_long":"Helsinki-Leppävaara","route_type":"109","vehicle_ty":"109","route_url":"https://www.vr.fi/cs/vr/fi/paakaupunkiseudun_lahiliikenne","shape_id":"3002A_20240708_2"},"geometry":{"type":"Point","coordinates":[24.932381,60.199449]}},{"type":"Feature","properties":{"FID":15865,"route_vari":"3002A_2","route_id":"3002A","direction_":1,"stop_seque":8,"stop_id":"1020552","stop_code":"H0065","stop_heads":" ","stop_name":"Helsinki","stop_desc":"Kaivokatu","zone_id":"A","stop_url":"http://aikataulut.hsl.fi/pysakit/fi/1020552.html","location_t":0,"parent_sta":"1000201","wheelchair":1,"route_shor":"A","route_long":"Helsinki-Leppävaara","route_type":"109","vehicle_ty":"109","route_url":"https://www.vr.fi/cs/vr/fi/paakaupunkiseudun_lahiliikenne","shape_id":"3002A_20240708_2"},"geometry":{"type":"Point","coordinates":[24.939595,60.172725]}},{"type":"Feature","properties":{"FID":15868,"route_vari":"3002E_1","route_id":"3002E","direction_":0,"stop_seque":1,"stop_id":"1020502","stop_code":"H0064","stop_heads":"Kauklahti via Leppävaara","stop_name":"Helsinki","stop_desc":"Kaivokatu 1","zone_id":"A","stop_url":"http://aikataulut.hsl.fi/pysakit/fi/1020502.html","location_t":0,"parent_sta":"1000201","wheelchair":1,"route_shor":"E","route_long":"Helsinki-Kauklahti","route_type":"109","vehicle_ty":"109","route_url":"https://www.vr.fi/cs/vr/fi/paakaupunkiseudun_lahiliikenne","shape_id":"3002E_20220626_1"},"geometry":{"type":"Point","coordinates":[24.939911,60.17272]}},{"type":"Feature","properties":{"FID":15871,"route_vari":"3002E_1","route_id":"3002E","direction_":0,"stop_seque":2,"stop_id":"1174504","stop_code":"H0090","stop_heads":"Kauklahti via Leppävaara","stop_name":"Pasila","stop_desc":"Ratapihantie 6","zone_id":"A","stop_url":"http://aikataulut.hsl.fi/pysakit/fi/1174504.html","location_t":0,"parent_sta":"1000202","wheelchair":1,"route_shor":"E","route_long":"Helsinki-Kauklahti","route_type":"109","vehicle_ty":"109","route_url":"https://www.vr.fi/cs/vr/fi/paakaupunkiseudun_lahiliikenne","shape_id":"3002E_20220626_1"},"geometry":{"type":"Point","coordinates":[24.932706,60.199483]}},{"type":"Feature","properties":{"FID":15875,"route_vari":"3002E_1","route_id":"3002E","direction_":0,"stop_seque":3,"stop_id":"1291501","stop_code":"H0079","stop_heads":"Kauklahti via Leppävaara","stop_name":"Huopalahti","stop_desc":"Eliel Saarisen t 34","zone_id":"B","stop_url":"http://aikataulut.hsl.fi/pysakit/fi/1291501.html","location_t":0,"parent_sta":"1000204","wheelchair":1,"route_shor":"E","route_long":"Helsinki-Kauklahti","route_type":"109","vehicle_ty":"109","route_url":"https://www.vr.fi/cs/vr/fi/paakaupunkiseudun_lahiliikenne","shape_id":"3002E_20220626_1"},"geometry":{"type":"Point","coordinates":[24.893444,60.218387]}},{"type":"Feature","properties":{"FID":15878,"route_vari":"3002E_1","route_id":"3002E","direction_":0,"stop_seque":4,"stop_id":"2111502","stop_code":"E1057","stop_heads":"Kauklahti","stop_name":"Leppävaara","stop_desc":"Leppävaaranaukio","zone_id":"B","stop_url":"http://aikataulut.hsl.fi/pysakit/fi/2111502.html","location_t":0,"parent_sta":"2000202","wheelchair":1,"route_shor":"E","route_long":"Helsinki-Kauklahti","route_type":"109","vehicle_ty":"109","route_url":"https://www.vr.fi/cs/vr/fi/paakaupunkiseudun_lahiliikenne","shape_id":"3002E_20220626_1"},"geometry":{"type":"Point","coordinates":[24.813242,60.219486]}},{"type":"Feature","properties":{"FID":15881,"route_vari":"3002E_1","route_id":"3002E","direction_":0,"stop_seque":5,"stop_id":"2131501","stop_code":"E1330","stop_heads":"Kauklahti","stop_name":"Kilo","stop_desc":"Lansanpurontie 4","zone_id":"B","stop_url":"http://aikataulut.hsl.fi/pysakit/fi/2131501.html","location_t":0,"parent_sta":"2000211","wheelchair":1,"route_shor":"E","route_long":"Helsinki-Kauklahti","route_type":"109","vehicle_ty":"109","route_url":"https://www.vr.fi/cs/vr/fi/paakaupunkiseudun_lahiliikenne","shape_id":"3002E_20220626_1"},"geometry":{"type":"Point","coordinates":[24.783249,60.218057]}},{"type":"Feature","properties":{"FID":15884,"route_vari":"3002E_1","route_id":"3002E","direction_":0,"stop_seque":6,"stop_id":"2132502","stop_code":"E1832","stop_heads":"Kauklahti","stop_name":"Kera","stop_desc":"Kutojantie 17","zone_id":"B","stop_url":"http://aikataulut.hsl.fi/pysakit/fi/2132502.html","location_t":0,"parent_sta":"2000204","wheelchair":2,"route_shor":"E","route_long":"Helsinki-Kauklahti","route_type":"109","vehicle_ty":"109","route_url":"https://www.vr.fi/cs/vr/fi/paakaupunkiseudun_lahiliikenne","shape_id":"3002E_20220626_1"},"geometry":{"type":"Point","coordinates":[24.75359,60.216041]}},{"type":"Feature","properties":{"FID":15886,"route_vari":"3002E_1","route_id":"3002E","direction_":0,"stop_seque":7,"stop_id":"3010501","stop_code":"Ka0101","stop_heads":"Kauklahti","stop_name":"Kauniainen","stop_desc":"Gresantie 17","zone_id":"B","stop_url":"http://aikataulut.hsl.fi/pysakit/fi/3010501.html","location_t":0,"parent_sta":"2000205","wheelchair":2,"route_shor":"E","route_long":"Helsinki-Kauklahti","route_type":"109","vehicle_ty":"109","route_url":"https://www.vr.fi/cs/vr/fi/paakaupunkiseudun_lahiliikenne","shape_id":"3002E_20220626_1"},"geometry":{"type":"Point","coordinates":[24.732502,60.212003]}},{"type":"Feature","properties":{"FID":15889,"route_vari":"3002E_1","route_id":"3002E","direction_":0,"stop_seque":8,"stop_id":"2161501","stop_code":"E1606","stop_heads":"Kauklahti","stop_name":"Koivuhovi","stop_desc":"Ullanmäentie 2","zone_id":"B","stop_url":"http://aikataulut.hsl.fi/pysakit/fi/2161501.html","location_t":0,"parent_sta":"2000206","wheelchair":1,"route_shor":"E","route_long":"Helsinki-Kauklahti","route_type":"109","vehicle_ty":"109","route_url":"https://www.vr.fi/cs/vr/fi/paakaupunkiseudun_lahiliikenne","shape_id":"3002E_20220626_1"},"geometry":{"type":"Point","coordinates":[24.703023,60.206972]}},{"type":"Feature","properties":{"FID":15892,"route_vari":"3002E_1","route_id":"3002E","direction_":0,"stop_seque":9,"stop_id":"2612501","stop_code":"E6059","stop_heads":"Kauklahti","stop_name":"Tuomarila","stop_desc":"Tuomarilantie 4","zone_id":"C","stop_url":"http://aikataulut.hsl.fi/pysakit/fi/2612501.html","location_t":0,"parent_sta":"2000207","wheelchair":1,"route_shor":"E","route_long":"Helsinki-Kauklahti","route_type":"109","vehicle_ty":"109","route_url":"https://www.vr.fi/cs/vr/fi/paakaupunkiseudun_lahiliikenne","shape_id":"3002E_20220626_1"},"geometry":{"type":"Point","coordinates":[24.681368,60.20611]}},{"type":"Feature","properties":{"FID":15895,"route_vari":"3002E_1","route_id":"3002E","direction_":0,"stop_seque":10,"stop_id":"2611502","stop_code":"E6038","stop_heads":"Kauklahti","stop_name":"Espoo","stop_desc":"Espoonsilta","zone_id":"C","stop_url":"http://aikataulut.hsl.fi/pysakit/fi/2611502.html","location_t":0,"parent_sta":"2000208","wheelchair":1,"route_shor":"E","route_long":"Helsinki-Kauklahti","route_type":"109","vehicle_ty":"109","route_url":"https://www.vr.fi/cs/vr/fi/paakaupunkiseudun_lahiliikenne","shape_id":"3002E_20220626_1"},"geometry":{"type":"Point","coordinates":[24.656384,60.205172]}},{"type":"Feature","properties":{"FID":15898,"route_vari":"3002E_1","route_id":"3002E","direction_":0,"stop_seque":11,"stop_id":"2511551","stop_code":"E5142","stop_heads":" ","stop_name":"Kauklahti","stop_desc":"Hansatie 3","zone_id":"C","stop_url":"http://aikataulut.hsl.fi/pysakit/fi/2511551.html","location_t":0,"parent_sta":"2000209","wheelchair":1,"route_shor":"E","route_long":"Helsinki-Kauklahti","route_type":"109","vehicle_ty":"109","route_url":"https://www.vr.fi/cs/vr/fi/paakaupunkiseudun_lahiliikenne","shape_id":"3002E_20220626_1"},"geometry":{"type":"Point","coordinates":[24.601031,60.189599]}},{"type":"Feature","properties":{"FID":15900,"route_vari":"3002E_2","route_id":"3002E","direction_":1,"stop_seque":1,"stop_id":"2511551","stop_code":"E5142","stop_heads":"Helsinki","stop_name":"Kauklahti","stop_desc":"Hansatie 3","zone_id":"C","stop_url":"http://aikataulut.hsl.fi/pysakit/fi/2511551.html","location_t":0,"parent_sta":"2000209","wheelchair":1,"route_shor":"E","route_long":"Helsinki-Kauklahti","route_type":"109","vehicle_ty":"109","route_url":"https://www.vr.fi/cs/vr/fi/paakaupunkiseudun_lahiliikenne","shape_id":"3002E_20220626_2"},"geometry":{"type":"Point","coordinates":[24.601031,60.189599]}},{"type":"Feature","properties":{"FID":15903,"route_vari":"3002E_2","route_id":"3002E","direction_":1,"stop_seque":2,"stop_id":"2611552","stop_code":"E6039","stop_heads":"Helsinki","stop_name":"Espoo","stop_desc":"Espoonsilta","zone_id":"C","stop_url":"http://aikataulut.hsl.fi/pysakit/fi/2611552.html","location_t":0,"parent_sta":"2000208","wheelchair":1,"route_shor":"E","route_long":"Helsinki-Kauklahti","route_type":"109","vehicle_ty":"109","route_url":"https://www.vr.fi/cs/vr/fi/paakaupunkiseudun_lahiliikenne","shape_id":"3002E_20220626_2"},"geometry":{"type":"Point","coordinates":[24.656446,60.205095]}},{"type":"Feature","properties":{"FID":15906,"route_vari":"3002E_2","route_id":"3002E","direction_":1,"stop_seque":3,"stop_id":"2612551","stop_code":"E6060","stop_heads":"Helsinki","stop_name":"Tuomarila","stop_desc":"Tuomarilantie 4","zone_id":"C","stop_url":"http://aikataulut.hsl.fi/pysakit/fi/2612551.html","location_t":0,"parent_sta":"2000207","wheelchair":1,"route_shor":"E","route_long":"Helsinki-Kauklahti","route_type":"109","vehicle_ty":"109","route_url":"https://www.vr.fi/cs/vr/fi/paakaupunkiseudun_lahiliikenne","shape_id":"3002E_20220626_2"},"geometry":{"type":"Point","coordinates":[24.681579,60.20601]}},{"type":"Feature","properties":{"FID":15909,"route_vari":"3002E_2","route_id":"3002E","direction_":1,"stop_seque":4,"stop_id":"2161551","stop_code":"E1607","stop_heads":"Helsinki","stop_name":"Koivuhovi","stop_desc":"Ullanmäentie 2","zone_id":"B","stop_url":"http://aikataulut.hsl.fi/pysakit/fi/2161551.html","location_t":0,"parent_sta":"2000206","wheelchair":1,"route_shor":"E","route_long":"Helsinki-Kauklahti","route_type":"109","vehicle_ty":"109","route_url":"https://www.vr.fi/cs/vr/fi/paakaupunkiseudun_lahiliikenne","shape_id":"3002E_20220626_2"},"geometry":{"type":"Point","coordinates":[24.702992,60.206903]}},{"type":"Feature","properties":{"FID":15912,"route_vari":"3002E_2","route_id":"3002E","direction_":1,"stop_seque":5,"stop_id":"3010551","stop_code":"Ka0151","stop_heads":"Helsinki","stop_name":"Kauniainen","stop_desc":"Gresantie 17","zone_id":"B","stop_url":"http://aikataulut.hsl.fi/pysakit/fi/3010551.html","location_t":0,"parent_sta":"2000205","wheelchair":2,"route_shor":"E","route_long":"Helsinki-Kauklahti","route_type":"109","vehicle_ty":"109","route_url":"https://www.vr.fi/cs/vr/fi/paakaupunkiseudun_lahiliikenne","shape_id":"3002E_20220626_2"},"geometry":{"type":"Point","coordinates":[24.732502,60.212003]}},{"type":"Feature","properties":{"FID":15914,"route_vari":"3002E_2","route_id":"3002E","direction_":1,"stop_seque":6,"stop_id":"2132552","stop_code":"E1833","stop_heads":"Helsinki","stop_name":"Kera","stop_desc":"Kutojantie 17","zone_id":"B","stop_url":"http://aikataulut.hsl.fi/pysakit/fi/2132552.html","location_t":0,"parent_sta":"2000204","wheelchair":2,"route_shor":"E","route_long":"Helsinki-Kauklahti","route_type":"109","vehicle_ty":"109","route_url":"https://www.vr.fi/cs/vr/fi/paakaupunkiseudun_lahiliikenne","shape_id":"3002E_20220626_2"},"geometry":{"type":"Point","coordinates":[24.75359,60.216041]}},{"type":"Feature","properties":{"FID":15917,"route_vari":"3002E_2","route_id":"3002E","direction_":1,"stop_seque":7,"stop_id":"2131551","stop_code":"E1331","stop_heads":"Helsinki","stop_name":"Kilo","stop_desc":"Lansanpurontie 4","zone_id":"B","stop_url":"http://aikataulut.hsl.fi/pysakit/fi/2131551.html","location_t":0,"parent_sta":"2000211","wheelchair":1,"route_shor":"E","route_long":"Helsinki-Kauklahti","route_type":"109","vehicle_ty":"109","route_url":"https://www.vr.fi/cs/vr/fi/paakaupunkiseudun_lahiliikenne","shape_id":"3002E_20220626_2"},"geometry":{"type":"Point","coordinates":[24.783293,60.217952]}},{"type":"Feature","properties":{"FID":15920,"route_vari":"3002E_2","route_id":"3002E","direction_":1,"stop_seque":8,"stop_id":"2111552","stop_code":"E1058","stop_heads":"Helsinki","stop_name":"Leppävaara","stop_desc":"Leppävaaranaukio","zone_id":"B","stop_url":"http://aikataulut.hsl.fi/pysakit/fi/2111552.html","location_t":0,"parent_sta":"2000202","wheelchair":1,"route_shor":"E","route_long":"Helsinki-Kauklahti","route_type":"109","vehicle_ty":"109","route_url":"https://www.vr.fi/cs/vr/fi/paakaupunkiseudun_lahiliikenne","shape_id":"3002E_20220626_2"},"geometry":{"type":"Point","coordinates":[24.813224,60.219477]}},{"type":"Feature","properties":{"FID":15923,"route_vari":"3002E_2","route_id":"3002E","direction_":1,"stop_seque":9,"stop_id":"1291551","stop_code":"H0079","stop_heads":"Helsinki","stop_name":"Huopalahti","stop_desc":"Kylätie 25","zone_id":"B","stop_url":"http://aikataulut.hsl.fi/pysakit/fi/1291551.html","location_t":0,"parent_sta":"1000204","wheelchair":1,"route_shor":"E","route_long":"Helsinki-Kauklahti","route_type":"109","vehicle_ty":"109","route_url":"https://www.vr.fi/cs/vr/fi/paakaupunkiseudun_lahiliikenne","shape_id":"3002E_20220626_2"},"geometry":{"type":"Point","coordinates":[24.893425,60.218369]}},{"type":"Feature","properties":{"FID":15926,"route_vari":"3002E_2","route_id":"3002E","direction_":1,"stop_seque":10,"stop_id":"1174554","stop_code":"H0091","stop_heads":"Helsinki","stop_name":"Pasila","stop_desc":"Ratapihantie 6","zone_id":"A","stop_url":"http://aikataulut.hsl.fi/pysakit/fi/1174554.html","location_t":0,"parent_sta":"1000202","wheelchair":1,"route_shor":"E","route_long":"Helsinki-Kauklahti","route_type":"109","vehicle_ty":"109","route_url":"https://www.vr.fi/cs/vr/fi/paakaupunkiseudun_lahiliikenne","shape_id":"3002E_20220626_2"},"geometry":{"type":"Point","coordinates":[24.932652,60.199474]}},{"type":"Feature","properties":{"FID":15927,"route_vari":"3002E_2","route_id":"3002E","direction_":1,"stop_seque":11,"stop_id":"1020552","stop_code":"H0065","stop_heads":" ","stop_name":"Helsinki","stop_desc":"Kaivokatu","zone_id":"A","stop_url":"http://aikataulut.hsl.fi/pysakit/fi/1020552.html","location_t":0,"parent_sta":"1000201","wheelchair":1,"route_shor":"E","route_long":"Helsinki-Kauklahti","route_type":"109","vehicle_ty":"109","route_url":"https://www.vr.fi/cs/vr/fi/paakaupunkiseudun_lahiliikenne","shape_id":"3002E_20220626_2"},"geometry":{"type":"Point","coordinates":[24.939595,60.172725]}},{"type":"Feature","properties":{"FID":15930,"route_vari":"3002L_1","route_id":"3002L","direction_":0,"stop_seque":1,"stop_id":"1020502","stop_code":"H0064","stop_heads":"Kirkkonummi via Leppävaara","stop_name":"Helsinki","stop_desc":"Kaivokatu 1","zone_id":"A","stop_url":"http://aikataulut.hsl.fi/pysakit/fi/1020502.html","location_t":0,"parent_sta":"1000201","wheelchair":1,"route_shor":"L","route_long":"Helsinki-Kirkkonummi","route_type":"109","vehicle_ty":"109","route_url":"https://www.vr.fi/cs/vr/fi/paakaupunkiseudun_lahiliikenne","shape_id":"3002L_20230925_1"},"geometry":{"type":"Point","coordinates":[24.939911,60.17272]}},{"type":"Feature","properties":{"FID":15932,"route_vari":"3002L_1","route_id":"3002L","direction_":0,"stop_seque":2,"stop_id":"1174502","stop_code":"H0093","stop_heads":"Kirkkonummi via Leppävaara","stop_name":"Pasila","stop_desc":"Ratapihantie 6","zone_id":"A","stop_url":"http://aikataulut.hsl.fi/pysakit/fi/1174502.html","location_t":0,"parent_sta":"1000202","wheelchair":1,"route_shor":"L","route_long":"Helsinki-Kirkkonummi","route_type":"109","vehicle_ty":"109","route_url":"https://www.vr.fi/cs/vr/fi/paakaupunkiseudun_lahiliikenne","shape_id":"3002L_20230925_1"},"geometry":{"type":"Point","coordinates":[24.93212,60.19941]}},{"type":"Feature","properties":{"FID":15934,"route_vari":"3002L_1","route_id":"3002L","direction_":0,"stop_seque":3,"stop_id":"1172503","stop_code":"H0078","stop_heads":"Kirkkonummi via Leppävaara","stop_name":"Ilmala","stop_desc":"Televisiokatu 9","zone_id":"A","stop_url":"http://aikataulut.hsl.fi/pysakit/fi/1172503.html","location_t":0,"parent_sta":"1000203","wheelchair":1,"route_shor":"L","route_long":"Helsinki-Kirkkonummi","route_type":"109","vehicle_ty":"109","route_url":"https://www.vr.fi/cs/vr/fi/paakaupunkiseudun_lahiliikenne","shape_id":"3002L_20230925_1"},"geometry":{"type":"Point","coordinates":[24.92104,60.20765]}},{"type":"Feature","properties":{"FID":15936,"route_vari":"3002L_1","route_id":"3002L","direction_":0,"stop_seque":4,"stop_id":"1291502","stop_code":"H0079","stop_heads":"Kirkkonummi via Leppävaara","stop_name":"Huopalahti","stop_desc":"Kylätie 25","zone_id":"B","stop_url":"http://aikataulut.hsl.fi/pysakit/fi/1291502.html","location_t":0,"parent_sta":"1000204","wheelchair":1,"route_shor":"L","route_long":"Helsinki-Kirkkonummi","route_type":"109","vehicle_ty":"109","route_url":"https://www.vr.fi/cs/vr/fi/paakaupunkiseudun_lahiliikenne","shape_id":"3002L_20230925_1"},"geometry":{"type":"Point","coordinates":[24.893404,60.218249]}},{"type":"Feature","properties":{"FID":15938,"route_vari":"3002L_1","route_id":"3002L","direction_":0,"stop_seque":5,"stop_id":"1465501","stop_code":"H0080","stop_heads":"Kirkkonummi via Leppävaara","stop_name":"Valimo","stop_desc":"Valimopolku 3","zone_id":"B","stop_url":"http://aikataulut.hsl.fi/pysakit/fi/1465501.html","location_t":0,"parent_sta":"1000205","wheelchair":1,"route_shor":"L","route_long":"Helsinki-Kirkkonummi","route_type":"109","vehicle_ty":"109","route_url":"https://www.vr.fi/cs/vr/fi/paakaupunkiseudun_lahiliikenne","shape_id":"3002L_20230925_1"},"geometry":{"type":"Point","coordinates":[24.876422,60.222016]}},{"type":"Feature","properties":{"FID":15940,"route_vari":"3002L_1","route_id":"3002L","direction_":0,"stop_seque":6,"stop_id":"1465502","stop_code":"H0081","stop_heads":"Kirkkonummi via Leppävaara","stop_name":"Pitäjänmäki","stop_desc":"Pitäjänmäentie 40","zone_id":"B","stop_url":"http://aikataulut.hsl.fi/pysakit/fi/1465502.html","location_t":0,"parent_sta":"1000206","wheelchair":1,"route_shor":"L","route_long":"Helsinki-Kirkkonummi","route_type":"109","vehicle_ty":"109","route_url":"https://www.vr.fi/cs/vr/fi/paakaupunkiseudun_lahiliikenne","shape_id":"3002L_20230925_1"},"geometry":{"type":"Point","coordinates":[24.860563,60.223186]}},{"type":"Feature","properties":{"FID":15941,"route_vari":"3002L_1","route_id":"3002L","direction_":0,"stop_seque":7,"stop_id":"2118501","stop_code":"E1171","stop_heads":"Kirkkonummi via Leppävaara","stop_name":"Mäkkylä","stop_desc":"Turuntie 12","zone_id":"B","stop_url":"http://aikataulut.hsl.fi/pysakit/fi/2118501.html","location_t":0,"parent_sta":"2000201","wheelchair":1,"route_shor":"L","route_long":"Helsinki-Kirkkonummi","route_type":"109","vehicle_ty":"109","route_url":"https://www.vr.fi/cs/vr/fi/paakaupunkiseudun_lahiliikenne","shape_id":"3002L_20230925_1"},"geometry":{"type":"Point","coordinates":[24.842604,60.221206]}},{"type":"Feature","properties":{"FID":15944,"route_vari":"3002L_1","route_id":"3002L","direction_":0,"stop_seque":8,"stop_id":"2111503","stop_code":"E1059","stop_heads":"Kirkkonummi via Kauklahti","stop_name":"Leppävaara","stop_desc":"Leppävaaranaukio","zone_id":"B","stop_url":"http://aikataulut.hsl.fi/pysakit/fi/2111503.html","location_t":0,"parent_sta":"2000202","wheelchair":1,"route_shor":"L","route_long":"Helsinki-Kirkkonummi","route_type":"109","vehicle_ty":"109","route_url":"https://www.vr.fi/cs/vr/fi/paakaupunkiseudun_lahiliikenne","shape_id":"3002L_20230925_1"},"geometry":{"type":"Point","coordinates":[24.813239,60.219361]}},{"type":"Feature","properties":{"FID":15947,"route_vari":"3002L_1","route_id":"3002L","direction_":0,"stop_seque":9,"stop_id":"2131501","stop_code":"E1330","stop_heads":"Kirkkonummi via Kauklahti","stop_name":"Kilo","stop_desc":"Lansanpurontie 4","zone_id":"B","stop_url":"http://aikataulut.hsl.fi/pysakit/fi/2131501.html","location_t":0,"parent_sta":"2000211","wheelchair":1,"route_shor":"L","route_long":"Helsinki-Kirkkonummi","route_type":"109","vehicle_ty":"109","route_url":"https://www.vr.fi/cs/vr/fi/paakaupunkiseudun_lahiliikenne","shape_id":"3002L_20230925_1"},"geometry":{"type":"Point","coordinates":[24.783249,60.218057]}},{"type":"Feature","properties":{"FID":15950,"route_vari":"3002L_1","route_id":"3002L","direction_":0,"stop_seque":10,"stop_id":"2132502","stop_code":"E1832","stop_heads":"Kirkkonummi via Kauklahti","stop_name":"Kera","stop_desc":"Kutojantie 17","zone_id":"B","stop_url":"http://aikataulut.hsl.fi/pysakit/fi/2132502.html","location_t":0,"parent_sta":"2000204","wheelchair":2,"route_shor":"L","route_long":"Helsinki-Kirkkonummi","route_type":"109","vehicle_ty":"109","route_url":"https://www.vr.fi/cs/vr/fi/paakaupunkiseudun_lahiliikenne","shape_id":"3002L_20230925_1"},"geometry":{"type":"Point","coordinates":[24.75359,60.216041]}},{"type":"Feature","properties":{"FID":15953,"route_vari":"3002L_1","route_id":"3002L","direction_":0,"stop_seque":11,"stop_id":"3010501","stop_code":"Ka0101","stop_heads":"Kirkkonummi via Kauklahti","stop_name":"Kauniainen","stop_desc":"Gresantie 17","zone_id":"B","stop_url":"http://aikataulut.hsl.fi/pysakit/fi/3010501.html","location_t":0,"parent_sta":"2000205","wheelchair":2,"route_shor":"L","route_long":"Helsinki-Kirkkonummi","route_type":"109","vehicle_ty":"109","route_url":"https://www.vr.fi/cs/vr/fi/paakaupunkiseudun_lahiliikenne","shape_id":"3002L_20230925_1"},"geometry":{"type":"Point","coordinates":[24.732502,60.212003]}},{"type":"Feature","properties":{"FID":15959,"route_vari":"3002L_1","route_id":"3002L","direction_":0,"stop_seque":12,"stop_id":"2161501","stop_code":"E1606","stop_heads":"Kirkkonummi via Kauklahti","stop_name":"Koivuhovi","stop_desc":"Ullanmäentie 2","zone_id":"B","stop_url":"http://aikataulut.hsl.fi/pysakit/fi/2161501.html","location_t":0,"parent_sta":"2000206","wheelchair":1,"route_shor":"L","route_long":"Helsinki-Kirkkonummi","route_type":"109","vehicle_ty":"109","route_url":"https://www.vr.fi/cs/vr/fi/paakaupunkiseudun_lahiliikenne","shape_id":"3002L_20230925_1"},"geometry":{"type":"Point","coordinates":[24.703023,60.206972]}},{"type":"Feature","properties":{"FID":15962,"route_vari":"3002L_1","route_id":"3002L","direction_":0,"stop_seque":13,"stop_id":"2612501","stop_code":"E6059","stop_heads":"Kirkkonummi via Kauklahti","stop_name":"Tuomarila","stop_desc":"Tuomarilantie 4","zone_id":"C","stop_url":"http://aikataulut.hsl.fi/pysakit/fi/2612501.html","location_t":0,"parent_sta":"2000207","wheelchair":1,"route_shor":"L","route_long":"Helsinki-Kirkkonummi","route_type":"109","vehicle_ty":"109","route_url":"https://www.vr.fi/cs/vr/fi/paakaupunkiseudun_lahiliikenne","shape_id":"3002L_20230925_1"},"geometry":{"type":"Point","coordinates":[24.681368,60.20611]}},{"type":"Feature","properties":{"FID":15965,"route_vari":"3002L_1","route_id":"3002L","direction_":0,"stop_seque":14,"stop_id":"2611502","stop_code":"E6038","stop_heads":"Kirkkonummi via Kauklahti","stop_name":"Espoo","stop_desc":"Espoonsilta","zone_id":"C","stop_url":"http://aikataulut.hsl.fi/pysakit/fi/2611502.html","location_t":0,"parent_sta":"2000208","wheelchair":1,"route_shor":"L","route_long":"Helsinki-Kirkkonummi","route_type":"109","vehicle_ty":"109","route_url":"https://www.vr.fi/cs/vr/fi/paakaupunkiseudun_lahiliikenne","shape_id":"3002L_20230925_1"},"geometry":{"type":"Point","coordinates":[24.656384,60.205172]}},{"type":"Feature","properties":{"FID":15967,"route_vari":"3002L_1","route_id":"3002L","direction_":0,"stop_seque":15,"stop_id":"2511501","stop_code":"E5141","stop_heads":"Kirkkonummi","stop_name":"Kauklahti","stop_desc":"Hansatie 3","zone_id":"C","stop_url":"http://aikataulut.hsl.fi/pysakit/fi/2511501.html","location_t":0,"parent_sta":"2000209","wheelchair":1,"route_shor":"L","route_long":"Helsinki-Kirkkonummi","route_type":"109","vehicle_ty":"109","route_url":"https://www.vr.fi/cs/vr/fi/paakaupunkiseudun_lahiliikenne","shape_id":"3002L_20230925_1"},"geometry":{"type":"Point","coordinates":[24.599771,60.189296]}},{"type":"Feature","properties":{"FID":15970,"route_vari":"3002L_1","route_id":"3002L","direction_":0,"stop_seque":16,"stop_id":"6010503","stop_code":"Ki0103","stop_heads":"Kirkkonummi","stop_name":"Masala","stop_desc":"Junailijankuja 1","zone_id":"D","stop_url":"http://aikataulut.hsl.fi/pysakit/fi/6010503.html","location_t":0,"parent_sta":"6000202","wheelchair":1,"route_shor":"L","route_long":"Helsinki-Kirkkonummi","route_type":"109","vehicle_ty":"109","route_url":"https://www.vr.fi/cs/vr/fi/paakaupunkiseudun_lahiliikenne","shape_id":"3002L_20230925_1"},"geometry":{"type":"Point","coordinates":[24.539098,60.158511]}},{"type":"Feature","properties":{"FID":15972,"route_vari":"3002L_1","route_id":"3002L","direction_":0,"stop_seque":17,"stop_id":"6010504","stop_code":"Ki0104","stop_heads":"Kirkkonummi","stop_name":"Jorvas","stop_desc":"Torhemintie","zone_id":"D","stop_url":"http://aikataulut.hsl.fi/pysakit/fi/6010504.html","location_t":0,"parent_sta":"6000203","wheelchair":1,"route_shor":"L","route_long":"Helsinki-Kirkkonummi","route_type":"109","vehicle_ty":"109","route_url":"https://www.vr.fi/cs/vr/fi/paakaupunkiseudun_lahiliikenne","shape_id":"3002L_20230925_1"},"geometry":{"type":"Point","coordinates":[24.510766,60.137065]}},{"type":"Feature","properties":{"FID":15974,"route_vari":"3002L_1","route_id":"3002L","direction_":0,"stop_seque":18,"stop_id":"6010505","stop_code":"Ki0105","stop_heads":"Kirkkonummi","stop_name":"Tolsa","stop_desc":"Tolsantie 14","zone_id":"D","stop_url":"http://aikataulut.hsl.fi/pysakit/fi/6010505.html","location_t":0,"parent_sta":"6000204","wheelchair":1,"route_shor":"L","route_long":"Helsinki-Kirkkonummi","route_type":"109","vehicle_ty":"109","route_url":"https://www.vr.fi/cs/vr/fi/paakaupunkiseudun_lahiliikenne","shape_id":"3002L_20230925_1"},"geometry":{"type":"Point","coordinates":[24.472725,60.118536]}},{"type":"Feature","properties":{"FID":15976,"route_vari":"3002L_1","route_id":"3002L","direction_":0,"stop_seque":19,"stop_id":"6010501","stop_code":"Ki0101","stop_heads":" ","stop_name":"Kirkkonummi","stop_desc":"Asemankaari 12","zone_id":"D","stop_url":"http://aikataulut.hsl.fi/pysakit/fi/6010501.html","location_t":0,"parent_sta":"6000205","wheelchair":1,"route_shor":"L","route_long":"Helsinki-Kirkkonummi","route_type":"109","vehicle_ty":"109","route_url":"https://www.vr.fi/cs/vr/fi/paakaupunkiseudun_lahiliikenne","shape_id":"3002L_20230925_1"},"geometry":{"type":"Point","coordinates":[24.438926,60.11963]}},{"type":"Feature","properties":{"FID":15978,"route_vari":"3002L_2","route_id":"3002L","direction_":1,"stop_seque":1,"stop_id":"6010551","stop_code":"Ki0151","stop_heads":"Helsinki","stop_name":"Kirkkonummi","stop_desc":"Asemankaari 12","zone_id":"D","stop_url":"http://aikataulut.hsl.fi/pysakit/fi/6010551.html","location_t":0,"parent_sta":"6000205","wheelchair":1,"route_shor":"L","route_long":"Helsinki-Kirkkonummi","route_type":"109","vehicle_ty":"109","route_url":"https://www.vr.fi/cs/vr/fi/paakaupunkiseudun_lahiliikenne","shape_id":"3002L_20230925_2"},"geometry":{"type":"Point","coordinates":[24.438908,60.11963]}},{"type":"Feature","properties":{"FID":15980,"route_vari":"3002L_2","route_id":"3002L","direction_":1,"stop_seque":2,"stop_id":"6010555","stop_code":"Ki0155","stop_heads":"Helsinki","stop_name":"Tolsa","stop_desc":"Tolsantie 14","zone_id":"D","stop_url":"http://aikataulut.hsl.fi/pysakit/fi/6010555.html","location_t":0,"parent_sta":"6000204","wheelchair":1,"route_shor":"L","route_long":"Helsinki-Kirkkonummi","route_type":"109","vehicle_ty":"109","route_url":"https://www.vr.fi/cs/vr/fi/paakaupunkiseudun_lahiliikenne","shape_id":"3002L_20230925_2"},"geometry":{"type":"Point","coordinates":[24.472725,60.118536]}}]}